article,highlights
"At first glance The Fliers and Explorers Globe appears to be an ordinary antique, hidden in a small over-looked office in downtown Brooklyn, at the end of a nondescript hallway. On closer inspection, however, you will discover it is actually one of the world's most fascinating relics, celebrating the giddy heights of exploration and adventure. What makes the artefact precious is not its beauty or age, but for the inclusion of the inked signatures and routes of nearly every single famous explorer and aviator in modern history, from Sir Edmund Hillary, to Neil Armstong and Amelia Earhart. The American Geographical Society's Fliers and Explorers Globe: The signature of Amelia Earhart, the first female aviator to fly solo across the Atlantic Ocean, is prominently featured . The society acquired the 18-inch globe in 1929 as a gift from AGS president John H. Finley. He invited early heroes of exploration and aviation to draw their routes and sign their names . Hillary was immortalised on the spherical relic, along with more recently, Ann Bancroft, who was the first woman to successfully finish a number of arduous expeditions to the Arctic and Antarctic . This 18-inch globe is hidden beneath a dark cloth in the headquarters of the American Geographical Society, the oldest established national geographical organisation in the US. The valuable tradition of the globe signing started in 1929, when the society president, and editor-in-chief of the New York Times, John H. Finley would personally go down to the Lower Manhattan docks to welcome returning adventurers. Explorers would ink their routes and names on the prized object, documenting their piece of history in the moment it happened. Among those commemorated is Amelia Earhart who set records becoming the first woman to fly across the Atlantic Ocean in 1928, and was the first individual to fly over both the Atlantic and Pacific. Tragically the aviation pioneer mysteriously disappeared in 1937 as she was trying to circumnavigate the globe from the equator, and was legally declared dead in 1939. On May 20, 1927, pilot Charles Lindbergh embarked on the world's first solo non-stop flight from New York to Paris. Enduring a 33.5-hour crossing, the 25-year-old was victorious and received international stardom, and his route was marked onto the globe to document the achievement. Sadly tragedy stuck in 1932 when his 20-month-old son was kidnapped and tragically murdered in what was called, 'the Crime of the Century.' In the society's own words, the globe is 'a priceless and unique symbol of humanity's unquenchable drive to explore the universe.' A crowning glory of the AGS institution, the globe would not have always seemed as out of place. The society was created in 1851 following Sir John Franklin's disappearance on his Arctic mission. A group of like-minded explorers banded together to create a rescue mission, and thus, the AGS was born. New Zealand explorer, Sir Edmund Hillary, became the first climber to reach the summit of Mount Everest, (left), and Charles Lindberg who made the first solo transatlantic airplane flight in 1927, (right). Both explorers are featured on the globe . Amelia Earhart stands June 14, 1928 in front of her bi-plane called 'Friendship' in Newfoundland. She inked her name on the prized artefact . Astronauts John Glenn, (left), and Neil Armstrong, (right) signed the AGS globe, after their space missions, orbiting the earth, and walking on the moon respectively . 1. Roald Amundsen . 2. Neil Armstrong . 3. William Anders . 4. Robert A. Bartlett . 5. William Beebe . 6. Fred Austin . 7. Alexander Beliakov . 8. M.Bellonte . 9. Russell Boardman . 10. Frank Borman . 11. Louise A. Boyd . 12. W. S. Brock . 13. Richard E. Byrd . 14. Clarence C. Chamberlin . 15. Valery Chkaloff . 16. L. Cotte . 17. D. Costes . 18. Amelia Earhart . 19. Hugo Eckener . 20. Lincoln Ellsworth . 21. Charles Evans . 22. James E. Fitsmaurice . 23. P. J. Gaffney . 24. Walt Pitman . 25. Harold Gatty . 26. John Glenn, Jr. 27 . Lawrence Gould . 28. K. R. Greenaway . 29. Wolfgang von Gronau . 30. Albert A. Hegenberger . 31. Matthew A. Hensen . 32. E.P. Hillary . 33. Herbert Hollick-Kenyon . 34. Baron Gunther von Hunefeld . 35. C. Kingsford Smith . 36. Herman Koehl . 37. Joseph Le Brix . 38. Richard Light . 39. Charles A. Lindbergh . 40. James Lovell . 41. George Lowe . 42. Harry Lynch . 43. Harry Lyon . 44. Lester J. Maitland . 45. Harrison Finch . 46. Brian Jones . 47. Don Walsh . 48. Jack L. Martin . 49. J.A. Mollison . 50. Robert Cushman Murphy . 51. Fridtjof Nansen . 52. Erik Nelson . 53. B. Orteig . 54. Russell Owen . 55. Robert Peary . 56. Carl O. Petersen . 57. J. Polando . 58. Wiley Post . 59. Finn Ronne . 60. Fred Roots . 61. J. de Sibour . 62. Violette de Sibour . 63. Vilhjalmur Stefansson . 64. Leigh Wade . 65. Sir Hubert Wilkins . 66. J. Tuzo Wilson . 67. Walter A. Wood . 68. J. M. Wordie . 69. Bertrand Piccard . 70. William Ryan . 71. Junko Tabei . 72. Liv Arneson . 73. Edith Ronne . 74. Jennie Darlington . 75. Ann Bancroft . 76. Dr. Sylvia Earle . 77. Bryan Allen 77.Ann Bancroft . 78. Bill Anderson . Despite the mission being unsuccessful the AGS grew in popularity, with scholars, businessmen and government officials joining the ranks, at its then office, a celebrated neo-classical building in Washington Heights, to discuss latest geographic news. Unlike rivals, National Geographic Society, who focused on photography and popular geography, the New York based society placed its efforts on sponsoring expeditions, geographic research and education. The society was the principal map resource for the United States for decades, and at its peak had a permanent staff force of over 80, contractually making maps for the government. Government revenues died down after the war, and with the AGS losing a lot of donations, the headquarters were sold in 1970. The original headquarters of the American Geographical Society in Washington Heights, where they would discuss geographical news . Astronaut John H. Glenn Jr, (right) signs is name on the American Geographical Society's Fliers and Explorers Globe at the White House in Washington on Feb 26, 1962. Charles B. Hitchcock, president of the society, (centre) watches, with President John Kennedy and vice president Lyndon Johnson gathering behind (left) The society ended up in the small rental office in Brooklyn and on the verge of disappearing into history. It is strange that the globe, arguably the most fascinating in the world, is hidden away with nobody to witness the journey of Wiley Post, who in 1933 was the first to fly around the world, or Robert Peary, the first man to the North and South Pole. Current executive director, John Konarski III, said: 'It sits in my office and no one sees it. I'd like to get it into the public.' The society is facing a revival, with plans to relocate back to Manhattan, to the redeveloping South Street Seaport neighborhood, poignantly close to where the Finley would first ask explorers to leave their ink mark on history. Wiley Post, first pilot to fly solo around the world, inked his route on the AGS's globe . This unique artefact bears inked routes of their world changing adventures, but is rarely seen by anyone . The 18-inch globe sits proudly in the office, holding a small slice of history of the world's most celebrated explorers .","The Fliers and Explorers Globe holds signatures of 82 celebrated explorers .
This unique artefact bears inked routes of their world changing adventures .
It is hidden away in the small office of the American Geographical Society .
Featured explorers include Amelia Earhart and Charles Lindbergh ."
"The founder and leader of a controversial Atlanta-based megachurch has appealed online for 200,000 people to each donate '$300 or more' so that he can buy a $65 million private jet favored by high-flying billionaires. Reverend Creflo Dollar, 53, is the head of the World Changers Church International, a Christian ministry centered around the prosperity gospel, which preaches that God wants to bless the faithful with earthly riches. The televangelist, who is one of the most prominent African-American preachers in the United States, this week put a five-minute video up on his website pledging for donations for a Gulfstream G650 - which claims to be the fastest plane ever built in civilian aviation - so that 'World Changers Church International can continue to blanket the globe with the Gospel of grace'. Dollar - who is known to own two Rolls Royce's and multi-million dollar homes in Atlanta and New Jersey - last hit headlines in 2012, after being arrested for allegedly attacking his 15-year-old daughter. Open palm: Reverend Creflo Dollar of the World Changers Church International wants 200,000 people from across the world to each donate '$300 or more' so that he can buy the world's fastest private jet . Battling: This notice has been posted on the church's website, pleading for donations so that Dollar can 'continue reaching a lost and dying world for the Lord Jesus Christ' Goal: Dollar wants to spend the $65 million he hopes to make in donations on a Gulfstream G650 business jet, a plane favored by billionaires that bills itself as the fastest plane built in civil aviation . Televangelist: Creflo Dollar is the founder of World Changers Church International, which has about 30,000 members and an 8,500 seater amphitheater in Atlanta called the 'World Dome' Among the billionaires who own a Gulfstream G650 are Steve Jobs' wife Lauren Powell Jobs, Wynn Resorts CEO Steve Wynn add Nike co-founder Phil Knight. There is a long waiting list for the aircraft, with the next round of planes not due until 2017. According to the Creflo Dollar Ministry's website: 'The ministry's current airplane, was built in 1984, purchased by the ministry in 1999 and has since logged four million miles. 'Recently on an overseas trip to a global conference, one of the engines failed. Arrested: The Reverend was charged in 2012 for allegedly attacking his teenage daughter . 'By the grace of God, the expert pilot, who's flown with Creflo for almost 20 years, landed the plane safely without injury or harm to any passengers.' The Christian Post first reported that Dollar insisted that he needs the jet to continue sharing the word of Jesus. He preaches all over the world, but primarily works out of a 8,500-seat amphitheater in Atlanta called the 'World Dome', satelliting the sermons to churches all over the country. The website pledge continued: 'Believe it or not, there are still millions of people on this planet who have never heard of Jesus Christ and know nothing of His greatness.' 'Our hearts desire to see precious lives changed and snatched out of darkness and thrust into His marvelous light! 'We need your help to continue reaching a lost and dying world for the Lord Jesus Christ,"" the appeal continued before asking supporters of the ministry to sow a $300 seed into the airplane fund, billed Project G650.' However, according to Financial Juneteenth, a Report of the Senate Finance Committee, Minority Staff Review of WCCI, found that Dollar's current jet had also been used for a variety of vacation flights, including stops in Las Vegas, Nevada, Miami, Florida and Hawaii, citing Federal Aviation Administration figures. Dollar has refused over the years to disclose his salary, but has an estimated net worth of $27 million. He has five children to his wife, Taffi, who he married in 1985. Couple: Dollar and his wife, Taffi (pictured together) were married in 1985 and have five children . Home: Dollar and his family primarily live in this multi-million dollar in Fayettville, Georgia, south of Atlanta . In June 2012, his 15-year-old daughter called 911, saying her father repeatedly punched and choked her at their Atlanta home. The teenager also said it wasn't the first time something like that had happened and that she felt threatened living in the house. Dollar was arrested and charged with family brutality and juvenile cruelty. The charges were later dropped, but he was required to complete a three-month anger management program. At his next sermon, two days following the arrest, Dollar spent several minutes addressing the incident, starting with: 'I will say this emphatically: I should have never been arrested.' Dollar has strenuously denied the accusations, saying it was a family argument with 'heightened emotions'. Damaged: Dollar says the church's current plane, bought in 1999, is broken and needs to be replaced, or he will be unable to continue working around the world . Dollar's wife Taffi has been known to introduce her husband at his sermons. During her address, she claims Dollar comes 'face to face with God, like Moses'. She also includes an admonition saying that 'every tongue that rises up against' (Dollar) 'will be struck down', Financial Juneteenth reported. The World Changers Church International (WCCI) has about 30,000 constituents. Controversial theology: Reverend Dollar's ministries are based on the prosperity gospel, which teaches that God wants to bless the faithful with earthly riches .","Reverend Creflo Dollar is the head of World Changers Church International .
The 53-year-old preaches 'that God wants to bless the faithful with earthly riches' and the church has about 30,000 members .
He has an estimated net worth of $27 million .
Has appealed online for 200,000 people to donate $300 so he can buy Gulfstream G650, worth $65 million and favored by billionaires .
Says the plane is essential for him to 'reach a lost and dying world for the Lord Jesus Christ'"
"Killer co-pilot Andreas Lubitz was able to hide his psychological problems from airline bosses because of a 'gaping hole' in the system for assessing pilot health, an air safety expert has claimed. Lubitz had torn up a sick note declaring him unfit to fly on the day he crashed a Germanwings plane into a rocky ravine in the Alps, killing himself and everyone on board. The 27-year-old is believed to have consulted medics about severe psychological and visual disorders and been told he was too ill to fly by two doctors before the crash. But due to confidentiality rules, this information was not passed onto Gemanwings operator Lufthansa and he was able to fly the doomed Airbus A320 that day. Scroll down for video . Andreas Lubitz was able to conceal his health issues from Lufthanza because of Germany's privacy laws which mean GPs cannot disclose information about their patients' health and the onus rests of employees . Under patient confidentiality rules, which also operate in the UK, pilots do not have to disclose their profession to GPs and doctors are not able to pass on their concerns to airlines. The onus of reporting any health issues rests solely on the 'honesty' of pilots. Tony Newton, a British pilot who has flown Airbus A320s for 20 years and who also works as a Civil Aviation Authority examiner, said that the system 'has to change'. 'It's a gaping hole in the system. It would happen in the UK as well,' he said. 'As a pilot, my medical life at work and my medical life at home are absolutely separate, unless I choose otherwise. Nobody checks that you communicate your health problems to the airline. 'Pilots have a yearly medical examination, which includes a chat about how we've been feeling psychologically, but it's fairly low-key. 'If I go to the GP, there it no requirement for me to disclose that I'm a pilot. 'And if I see the doctor for something that may affect my ability to perform my duties, he is prevented from communicating that to the airline because of medical confidentiality. 'The onus is on me to hold my hands up and tell the aviation authorities. The system is not well policed. It relies on honesty. A simple headstone has been laid in Seyne-les-Alpes, the closest accessible site to the area of the crash . Flowers have been laid at the headstone, known as a stele, to remember those who died in the crash . 'There is a legal obligation for pilots to tell their employers if they have surgery, or an illness that requires more than 21 days off work, or have been prescribed a long list of certain drugs. 'But the GP doesn't get involved.' Lubitz had visited Dusseldorf University hospital in February and more recently on March 10 and is believed to have been concerned about vision problems. An ex-girlfriend claimed he had always dreamed of flying larger planes but had recently recognised his ambition could not come true because of his mental health problems. The co-pilot had previously been treated by psychiatrists for 'burnout syndrome' which required him to take a break from pilot training in 2009. He was allowed to complete his training in 2013 and get a pilot's licence, under the condition he had regular medical exams. But it appears that because of confidentiality laws governing GPs, Lufthansa would not have been informed about Lubitz's struggles unless he told them himself. French gendarmes have been at the crash site, recovering clues and body parts from the wreckage . Dozens of search workers have been deployed by helicopter because the crash site is so inaccessible . Officials confirmed that Lubitz's remains have already been found, and not a single body had been recovered . Mr Newton added: 'I'd like to see a more robust mechanism. Most pilots don't go around intentionally exploiting it, but the door is open for someone who has serious mental problems to hide it from the aviation examiner. 'It also leaves the door open for mistakes. 'A pilot friend of mine quit smoking with help from a drug prescribed by his GP. 'He mentioned it casually to the airline examiners a few months later, and they told him he shouldn't have been flying under the influence of that drug. 'He had no idea. If there had been a crash, it would have been appalling. 'It's very dangerous and the system needs to be tightened up.' Lufthanza said it was unaware of any psychosomatic or other illness affecting the co-pilot. German newspaper Bild am Sonntag reported investigators had found evidence to suggest Lubitz was concerned he was losing his eyesight, possibly because of a detached retina. The condition causes the thin lining at the back of the eye to detach from blood vessels that supply it with oxygen and nutrients and is often marked by flashes in the eye. Relatives of victims, including Philip Bramley (centre) have gathered at the site of the crash in Le Vernet . Flowers and candles have been laid by mourners at the headquarters of Germanwings in Cologne . It causes blurred vision and without treatment can lead to blindness. The newspaper reported that it is unclear whether his vision problems had physical or psychological causes. Lubitz is believed to have locked pilot Patrick Sonderheimer out of the cockpit when he left to go to the toilet before he put the plane into a descent. Black box recordings revealed that Sonderheimer hammered on the door asking to be allowed in, but Lubitz failed to answer. Minutes later on Tuesday morning the plane crashed into the Alps at a speed of 400mph, killing everyone on board. Among the dead were three Britons - including a seven-month-old baby. Since the tragedy a picture of Lubitz has emerged as a passionate and dedicated flyer who had previously struggled with a bout of depression. He was focused on flying, having joined a glider club when he was just 15. Committed and ambitious, his former girlfriend Maria told German newspaper Bild that Lubitz had hoped to fly larger planes, such as the Boeing 747 jumbo jet. 'She said that he recognised in the last month that his dream cannot come true because of his mental illness,' Bild reporter John Puthenpurackal told the Sunday Times. Lubitz's former girlfriend also said he would get 'angry' about his conditions at work and struggled with the pressure of holding onto his job. She claimed she ended the affair because she realised the pilot had problems. French Red Cross members and residents living nearby have paid tribute to the 150 people killed in the crash . While Maria claims to have been in a relationship with him, he shared his Düsseldorf flat with a woman who was believed to have been his fiancée. Large quantities of prescription medicines for treating mental illness were found at his flat. As well as his passion for flying, he is believed to have been an avid runner - training for the Iron Man endurance rest in Hawaii. Bernard Bartolini, the mayor of Prads-Haute-Bleone, said he met the father of Andreas Lubitz at a memorial on Thursday for relatives of those who died in the crash. 'He was distraught with grief. He was a completely broken man who is carrying all the responsibility of this drama on his back,' Bartolini said on BFM-TV. 'He lost a loved one, but also because his son is perhaps the (cause) of this tragedy.'","Co-pilot Andreas Lubitz tore up a sick note declaring him unfit to fly .
Confidentiality laws mean doctors could not disclose medical information directly to Lufthansa .
In both Europe and the UK, pilots are supposed to tell airlines if they have health problems, but this is not policed .
A British air safety expert said, 'the door is open for someone who has serious mental problems to hide it from the aviation examiner'"
"Each and every time you board a plane, it can sometimes seem as though the flight attendants and pilots are communicating in an entirely different language. Whether barking codes to each other over the loudspeaker or simply relaying news in difficult-to-understand abbreviations, it's not uncommon for passengers to wonder just what exactly is going on. Now British Airways Senior First Officer, Mark Vanhoenacker, has spoken to MailOnline Travel to reveal the most unusual jargon used on flights, and what it really means... British Airways Senior First Officer and author, Mark Vanhoenacker, shares the strangest in-flight jargon . The Heavy . 'This isn't a reference to my waistline!' Vanhoenacker tells MailOnline Travel. 'British Airways will always have tow pilots flying at any one time, but will have three and sometimes four pilots on its long-haul services, such as those flights to Singapore or Buenos Aires. 'The heavy pilot takes turns flying, allowing one of the other pilots to take a break.' The en-suite fleet . 'This is an affectionate term for the 747 fleet,' he explains. 'The 747 has not just a very cosy bunk in which to take our breaks - on flights with heavy crew, that is - but also has a toilet inside the cockpit.' Positioning refers to when crew members travel as passengers, often when a route is switching upon arrival . Positioning . 'This occurs when crew members travel as passengers,' Vanhoenacker reveals. Often it happens when 'a route is switching to a new aircraft type and a crew must already be in place overseas to bring the first flight home.' 'It has a more colourful name in North America: deadheading. 'To remember, just think Frank Abagnale Jr. and the film Catch Me If You Can.' There-and-backs are routes that allow the crew to make it back home - to London - in time for dinner . There-and-back . 'It sounds like something Tolkien would have written about, but for an air crew, it refers to a trip that runs from home - London  to a city like Rome or Stockholm and then back on the same day. 'There-and-backs are always popular,' he adds. 'We may even land in time for dinner! 'If we do have to stay the night in a hotel, it's called a nightstop.' Every airline has their own call-sign, and for British Airways, all aircraft identify themselves as 'speedbirds' Speedbird . 'Every airline has its own call-sign, which consists of a name followed by a version of the flight number,' Vanhoenacker explains. 'For many airlines, the call-sign is simply the name of the airline, but the British Airways call-sign is 'speedbird,' a name with plenty of history behind it. 'For example then, British Airways flight 117 from Heathrow to New York will identify itself on the radio as Speedbird 117.' Pilots often refer to air traffic controllers who align and space out arriving jets at a busy airport as 'Directors' Yes, they have a few oft-used phrases, too. Slam-click(er) Air stewardess Sarah Steeger, who works for a US carrier, explains that this is when a crew member goes to the hotel and does not emerge again until it’s time to leave. As in: slamming the door and clicking the lock. End of story. Can be used as a noun or a verb. ('I’m so tired I’m just gonna slam-click.' or 'You won’t see her for dinner. She’s a slam-clicker.)’ Pink eye . Similar to a red eye flight, a pink eye is just short of a long-haul overnight journey. A red eye is a flight that touches the 1 am hour, according to flight attendant, Blissom Booblé, so a flight that goes to midnight would be a pink eye. Coach roach . Used wryly, usually for flight attendants who prefer working in the main/coach cabin. 'Business? No thanks. I’m a coach roach all the way, baby!' Crotch watch . Nickname for walking through the cabin to do a seatbelt check. Also called a 'groin scan'. The Director . No, it's not the name of an upcoming Arnold Schwarzenegger film, it's the term applied to certain air traffic controllers. 'Those who align and space out arriving jets at a busy airport are called directors,' he says. 'When pilots, landing at Heathrow for example, hear that it's time to contact the Heathrow director, it's a sign that one of the most finely choreographed parts of the flight is about to begin.' The Sin Bin . 'This is the area of the taxiways near a runway where an aircraft may be sent to wait - out of the way of other aircraft. 'Typically, it occurs if a flight has a time restriction on its departure, either because its direction of flight is busier than that of other aircraft or because there's inclement weather at its destination.' Moral of the story? When you hear this term, you may want to send a quick text to let your loved ones know you'll be landing late. Pilots often make reference to the jets, which is the streaming quality of the air, when looking at weather charts . The jets . You may think that this is in reference to the gigantic planes that the pilots are captaining, but it's actually in reference to jet streams: the very high, fast winds that speed or impede the aircraft's journey. 'The 'jet' in jet stream comes from the streaming quality of the air, not the aircraft we most associate with them,' Vanhoenacker explains. 'Though it is a pleasing coincidence. 'I might ask where the jets are this morning while looking at a weather chart or in flight we may comment on how strong the jets are.' Often, the airline staff is required to report the total number of customers and crew, called souls on board . Souls on board . 'When we operate at certain airports, we're required to report the total number of customers and crew on the aircraft,' he adds. 'We call this souls on board.' 'In aviation, which has so much new terminology and technological jargon, this is one of those pleasing phrases that sounds all but antique.' Essentially, this a fancy name for the plane's head count. Senior First Office Mark Vanhoenacker is also the author of the upcoming book, Skyfaring: A Journey with a Pilot, which will be available in stores and online on April 2.","Pilots and flight attendants use some strange sayings while on board .
Most commonly used include: The Heavy, The Sin Bin and there-and-backs .
Senior First Officer, Mark Vanhoenacker, explains the odd phrasings ."
"Whatever efforts Virgin Australia Airlines are making to provide flyers with cheaper fares, one of their passengers would prefer that they spent a little more on the up keep of their planes. One irate passenger was so angry at the lack of cleanliness of his Virgin Australia plane during a flight from Sydney to Melbourne that he took a video of it and uploaded it to YouTube. The man known only as Stuart Mc called the video: ‘Virgin Australia – A Disgrace.’ What looks like a bolt is lying down the side of a seat along side some chewing gum . 'And they want us to believe Tiger is the discount carrier.... this is the seat I was allocated this afternoon on VA 868 SYD to MEL. Obviously short cutting cleaning is the way to making a profit for Virgin Australia,' Stuart Mc commented on the YouTube segment. However it was definitely a warts and all video with dirty seats the first thing that you see. Dust and grime also can bee seen lying down the side of the seat . As the camera pans along you then see what looks like chewing gum, dust, grime and bits of paper down the side of the seat. It's clear that the seats and down the side of them had not been cleaned for quite a while. Even the arm rests were dirty. It was a gross rather than great experience. Not that it was the only airline to be a loser in the cleanliness stakes. After splashing out up to £9,000 on first class flights on British Airways from Gatwick to the Caribbean, on what was supposed to be a 'trip of a lifetime', TV news presenter Owen Thomas was horrified to find dirt and grime caked around his first class seat. Dust, detritus and hairs can be clearly seen in an other shot . The arm rest of the seat has obviously not been washed for a while . Videoing the evidence, the former BBC anchorman posted the evidence on Twitter, dubbing the service 'Filth Class'. Narrating the short 30-second video, the presenter explains: 'So this is BA first class and it is abs filthy. You see the marks on here, most of these you can just actually scrape off. 'You see the stains down here. It's when you open your seat that the real horror begins . There is also dust and dirt down the side of the arm rest . 'This is first class. This is British Airways First Class. It's disgusting.' The former BBC anchorman and reporter flew off to St Lucia with a companion on Saturday in First Class seats that retail on BA's website for nearly £9,000 each in peak-season January. In 2000, the Virgin brand entered the Australian aviation market for the first time. The new brand Virgin Australia was launched in May 2011 to be Australia’s airline of choice.","A passenger was angry at the dirtiness of his Virgin Australia plane .
He took a video of it and uploaded it on YouTube .
The video was called: ‘Virgin Australia – A Disgrace’
'Short cutting cleaning is the way to making a profit,' the passenger said .
Chewing gum, dust, grime and bits of paper could be seen everywhere ."
"The US government is still unable to explain around five per cent of UFO sightings in its archives. Now one team of ‘alien hunters’ has dug up some of the best images to see if the public can shed light on the eerie glows, mysterious orbs and flying objects from the last few decades. Among them is a remarkable 1957 photo taken by a test pilot near Edwards Air Force Base in California, allegedly showing a UFO following a B-47 jet. Scroll down for video . In 1957 this picture was taken by a test pilot near Edwards Air Force Base in California. It shows a UFO allegedly following a B-47 jet . Another, released by the  Aerial Phenomena Group, shows three mysterious lights over the Manhattan skyline taken in 1984. It was taken by Philipe Orego from New Jersey, and researchers could find no sign of a hoax at the time. ‘A UFO picture tells a thousand lies,’ Nigel Watson author of the UFO Investigations Manual told DailyMail.com . ‘The basic problem is that if a UFO photograph is taken in daylight and looks close, clear and sharp, you suspect it is a fake. ‘If it is out-of-focus, distant and hard to define, then it can be a picture of anything in the sky - from an insect, bird to a balloon or drone. ‘The pictures here don’t seem to be faked but each has its own story to tell. With old pictures, blobs or spots can appear due to the way the film is developed or mishandled in the processing stage. ‘ . On the right is an image taken by Felippe Orego showing three lights over the Manhattan skyline, New York, on May 9, 1984. The left image, allegedly showing a UFO, was taken in Ward, Colorado in 1929 . Searchlights focus on an unidentified object over Los Angeles on February 25, 1942. The bright dots around the flashes are anti-aircraft shells exploding . The picture on the left was taken on New Year's Day in 1939 with unidentified object appearing in the top left. The right image shows a picture of a UFO taken somewhere in the US on June 10, 1964, and was discovered in an attic a number of years later . Watson said that a good case to illustrate this point is the image of the UFO over Los Angeles. In February 1942, fears of a Japanese air raid and invasion struck LA. On 23 February, a Japanese submarine allegedly shelled the Elwood Oil Field near Goleto, north of Los Angeles. In the early hours of 25 February, a fleet of mystery aircraft were seen heading for the city. Army Chief of Staff General George Marshall reported in a memorandum to President Roosevelt dated 26 February 1942 that as many as 15 airplanes may have been involved. Although 1430 rounds were expended by the 37th Coast Artillery Brigade’s anti-aircraft guns no aircraft was hit or shot down and no bombs were dropped by the aircraft. The only conclusion was that commercial aircraft were used by enemy agents to determine the location of anti-aircraft guns and to spread alarm. ‘This invasion scare became the subject of Steven Spielberg’s high-rolling comedy movie ‘1941’ (1979) that shows how fear ensnares people in a web of obsession and conflict fuelled by rumours and the media,’ said Watson. ‘The lasting evidence of the craft was a photograph of a ‘wigwam’ of searchlights converging on an unidentified aircraft over Culver City.’ An analysis by UFO expert Dr Bruce Maccabee suggests that the object caught by the searchlight beams was 100 feet wide. In the summer of 1966, a flight official photographed two red spheres over the Swiss airport Zurich-Kloten. The photo was later released by Swiss Air pilot Ferdinand Schmid . On the left, Jack LeMonde, who served with the US Marine Corp, was photographed on horseback near the Pickwick Riding stables in Burbank, California on a June morning in 1945. A UFO can be see in the image to the right of the horse's ear. On the right a passenger on a plane from Hong Kong to southwest China claimed to have seen a 'UFO like flying object' outside the window of the plane in 2012 . Four brightly glowing, unidentified objects appeared in the sky at 9:35 am.on July 15, 1952 over a parking lot in Salem, Massachusetts . The US Condon Committee examined many UFO photographs, and concluded that such cases should be selected and analysed according to the following criteria: . How clear is the photograph? Does it present evidence of something unusual after astronomical, meteorological, photographic and optical effects are ruled out? Could it be to misinterpretation? Are light and shadows in the photograph consistent? If a film camera is used, has the negative been tampered with? Is the sharpness and focus of the picture in agreement with the visual observations? Are the time intervals of a set of photographs consistent with the witness testimony? Does the focus and contrast agree with the given distance of the object? Can the size and distance of the UFO be discerned with reference to objects either in front of, or behind the UFO? Steven Lacey, another UFO believer, using Photoshop cleared up the image to reveal an image of a classic flying saucer. This made him conclude that this image is ‘a very convincing argument for the presence of alien craft in our skies.’ ‘In contrast, aviation historian Brett Holman puts forward a convincing case that the searchlights are converging on a small cloud rather than a UFO or extra-terrestrial battlecruiser,’ said Watson. ‘And, he has found other examples of antiaircraft searchlights illuminating clouds that look like flying saucers. ‘A UFO picture certainly says more than a thousand words, but it still depends on our prejudices and expectations to decide whether it depicts something extraordinary or mundane.’ A number of 'closed' cases were also recently revealed by the US government who opened its files into 12,000 encounters with UFOs spanning between 1947-1969. Microfilms of these cases, collectively known as Project Blue Book, have become available for anyone to view online. One of the most famous is the Lubbock Lights incident, which was reported on August 30, 1951 in Texas by three professors. The witnesses were sitting in the backyard of one of the professor's homes when they saw 20 to 30 'lights' fly overhead. One of the professors said the objects 'appeared to be about the size of a dinner plate and they were greenish-blue, slightly fluorescent in colour. 'They were smaller than the full moon at the horizon. There were about a dozen to fifteen of these lights...they were absolutely circular...it gave all of us...an extremely eerie feeling.' The USAF concluded that these lights were most likely caused by birds named plovers, which have white breasts that can reflect lights from cities below. Another image, titled simply 'Winter 1951', shows what the photographer believed to be a flying saucer. However, scientists discovered that the eerie shape was a lenticular cloud which are created by moist air that has condensed at a high altitude. The Lubbock Lights incident was reported August 30, 1951 in Texas. The USAF said that these lights were most likely caused by birds named plovers, whose white breasts could reflect lights from the city below . This image, titled simply 'Winter 1951', was taken in New Zealand. While the photographer believed this to be a flying saucer, the USAF concluded that it was in fact a lenticular cloud. The lens-shaped formations are the result of moist air that has condensed at a high altitude . Kenneth Arnold saw nine UFOs over Mount Rainier, on 24 June 1947 and the US government agencies took an interest in reports. A similar sighting (pictured) occured over Tulsa, Oklahoma on July 12, 1947 .","Unresolved cases include 1957 image by a pilot allegedly showing a UFO following a B-47 jet .
Another shows searchlights focusing on an unidentified object flying over LA in February 1942 .
‘The pictures here don’t seem to be faked,' UFO investigator, Nigel Watson told DailyMail.com .
But he added that there may be other explanations, such as the way a photograph is developed ."
"Virgin Australia are under fire for forcing a woman and her baby off a flight after she refused to stop breastfeeding during take-off. The mother was horrified after she and her baby were left stranded at Gold Coast Airport after their plane turned around on the runway, delivering her to federal and local police who had been alerted by the airline. Virginie Rutgers started to feed her 10-month-old son to soothe him while their plane taxied out to the runway on Gold Coast airport. Scroll down for video . Virginie Rutgers was forced off a flight with her son after she refused to stop breastfeeding during take-off . Virgin Australia are being questioned on social media for their decision to turn their plane around to take a woman and her baby back to the terminal, where she was questioned by police . Virginie Rutgers started to feed her 10-month-old son to soothe him while their plane taxied out from Gold Coast airport . She used a baby sling to cover herself and the child for privacy, but was told to remove it by Virgin Australia staff. ‘He (the flight attendant) started to raise his voice and become quite abusive,’ Ms Rutgers told Seven News. A woman who alleges she witnessed the incident from a couple of seats away has come forward, describing the ‘shocking’ incident on the Virgin Australia Facebook page. Laureen Fairweather insists the mother and child were sitting in separate seats, with the infant using the appropriate regulation seatbelt while he was being fed. ‘The child was not restrained with the carrier at all! They both had their seat belts on. She was covering herself with the carrier while nursing.’ Ms Fairweather wrote. Virginie used a baby sling to cover herself and the child for privacy whilst they were reportedly both buckled in different seats, but she was told to remove the blanket by Virgin Australia staff . The pilot turned the plane back to the terminal where Ms Rutgers was met by local and federal police, who had reportedly been summoned by Virgin Australia staff . ‘She showed (the staff) too but they insisted it had to go.’ Ms Fairweather was shaken by the staff’s conduct during the confrontation. ‘Having witnessed the whole event, I can honestly guarantee you that it was not a pretty scene.’ ‘(Ms Rutgers) did comply with the rule by restraining herself and the child.’ ‘Absolutely gobsmacked at how rude and offensive the staffs were - totally unprofessional (Sic),’ she wrote. The mother claims staff did not explain why covering her child’s head with a sling was a hazard. Ms Rutgers continued feeding her child and was subsequently forced off the plane. ‘I was in a state of shock honestly. He (her son) was screaming because I couldn’t feed him any more,’ Ms Rutgers told Seven News. Ms Rutgers continued feeding her child and was subsequently forced off the plane. She was 'shocked' and her son was screaming when she was unable to finish his feed . Ms Rutgers was allowed to go without charge, but found herself stranded with her baby at Gold Coast airport . The pilot turned the plane back to the terminal where Ms Rutgers was met by local and federal police, who had reportedly been summoned by Virgin Australia staff. Ms Rutgers was allowed to go without charge, but found herself stranded with her baby at Gold Coast Airport. Virgin Australia has refused to compensate her for the cost of her hotel that evening or for her taxis. But the airlines denies allegations of discrimination against the mother and said her breastfeeding had nothing to do with decision to remove her from the flight, according to Seven News. 'Our crew acted in accordance with Civil Aviation Safety Authority regulations and, most importantly, with your child's safety at the forefront of their actions,' Virgin said. People aware of Ms Rutger’s experience have taken to Virgin Australia’s Facebook page. ‘Utterly pathetic sevice virgin! I fly frequently and will make sure i NEVER fly with you again. I do not want to get kicked off a plan for breastfeeding my child,’ wrote one former customer. ‘Breast feeding is actually really good for the child and surrounding passengers ears and sanity, as it will help settle the child,' a supporter wrote on the Virgin Australia Facebook page . ‘(Breast feeding) is actually really good for the child and surrounding passengers ears and sanity, as it will help settle the child. Never ever will I fly virgin,’ another declared. Representatives from the airline have responded to accusations regarding the case. ‘We can assure you that Virgin Australia welcomes breastfeeding on board our aircraft, as outlined in our policy,’ they replied to a Facebook post regarding the incident. ‘The safety of our guests is always our number one priority and there are a number of CASA regulations that must be followed on board to safeguard this, including ones that apply specifically to infants.’ ‘For privacy reasons, we cannot comment publicly on specific cases.’ We can assure you that Virgin Australia welcomes breastfeeding on board our aircrafts, as outlined in our policy,’ Virgin Australia said . Ms Rutger has vowed to never fly with Virgin again. She and her baby took a Qantas flight the following day . However other people on Facebook have sided with Virgin Australia, pointing out their responsibility to adhere to strict safety protocols. ‘I think anyone with any sense would realize the issue here. Safety comes first. Breastfeeding is a right all mothers should have, but that right shouldn't take precedence over safety,’ argued one person. ‘I am sure that the staff had their reasons for asking her to remove the carrier, it may have been a projectile or strangulation risk in the event of a difficult take off,’ wrote another. ‘I wasn't there so I can't comment on how it was handled but I do think you have to trust the staff when it comes to safety requirements and requests.’ Virgin Australia have offered Ms Rutger flight credit to make up for the additional costs she accrued when she was kicked off her flight. However, Ms Rutger has vowed to never fly with Virgin again. She and her baby took a Qantas flight the following day.","A mother and baby son were forced off a Virgin flight on the Gold Coast .
Virginie Rutgers began to feed her son as they taxied out for the flight .
She used a sling to cover her son's head for privacy but he reportedly had his own seat and belt .
The flight steward told Ms Rutgers to remove the sling but she alleges he refused to explain why it was a hazard .
Police were called to the terminal to interview her, but she wasn't charged .
She was then stranded with her baby at the airport, forced to catch another flight the next day .
Virgin Australia refuses to compensate the cost of her hotel and taxi fares ."
"(CNN)The sounds recorded on one of the ""black boxes"" recovered from downed Germanwings Flight 9525 firms up investigators' theory that the co-pilot locked the captain out of the cockpit and then crashed the plane. ""For God's sake, open the door!"" Capt. Patrick Sondenheimer screamed as he banged on the cockpit door, pleading with the co-pilot. Thirteen minutes later, the plane slammed into the French Alps. The audio from the plane's cockpit voice recorder has not been released, but the German newspaper Bild published Sunday what it claims is a summary of the transcript from the recording. CNN translated Bild's report --  which the newspaper says is based on the 1.5 hours of audio that was on  the cockpit voice recorder -- but cannot independently verify the information. France's accident investigation agency, BEA, told CNN that the agency is ""dismayed"" by the voice recording leak to Bild. Martine Del Bono, a spokeswoman for the agency, said the leak could not have come from a BEA agent. She said the agency considers the report mere ""voyeurism."" According to Bild's report, Sondenheimer told co-pilot Andreas Lubitz that he didn't manage to go to the bathroom before takeoff. Lubitz tells him he can go anytime. Lubitz is believed to have locked the pilot of Flight 9525 out of the cockpit before putting the plane on a rapid descent into the mountains, French authorities have said. The flight took off 20 minutes late. After reaching cruising altitude, Sondenheimer asked Lubitz to prepare the landing. Once that's finished, Lubitz again tells the captain he ""can go anytime."" There is the sound of a seat being pushed backward after which the captain says, ""You can take over."" At 10:29 a.m., air traffic radar detects that the plane is starting to descend. Three minutes later, air traffic controllers try to contact the plane and receive no answer -- shortly after which an alarm goes off in the cockpit, warning of the ""sink rate,"" Bild reported. Next comes the banging. Sondenheimer begs Lubitz to let him in. Passengers then begin to scream, according to the transcript obtained by Bild. Another three minutes pass. A loud metallic bang is heard at 7,000 meters (almost 23,000 feet). A minute and half later and 2,000 meters (about 6,500 feet) lower to the ground, an alarm says ""Terrain -- pull up!"" ""Open the damn door!"" the pilot says. It's 10:38, and the plane is at 4,000 meters (about 13,000 feet). Lubitz's breathing can still be heard on the voice recorder, according to Bild's report. Two minutes later, investigators think they hear the plane's right wing scrape a mountaintop. Screams can be heard one final time. Cockpit recordings are some of the most sensitive and closely held parts of aviation crash investigations. They're never officially released, according to CNN aviation reporter Richard Quest. Quest called it ""unbelievable"" that the black box audio would be leaked in this manner. Communications between air traffic control and a plane's cockpit can be downloaded privately, but that's less common in Europe than it is in the United States. An edited and redacted version of the transcript is usually published in part of a final report on an incident. Although search teams have recovered the cockpit voice recorder, the flight data recorder remains missing. That device could reveal crucial details about what happened during the final moments of the flight. Jean Pierre Michel, lead investigator for the French inquiry, said on Saturday that investigators are not ruling out any scenario with respect to the crash out at this point. But French authorities have said that Lubitz appeared to have crashed Germanwings Flight 9525 deliberately into the Alps on Tuesday as it flew from Barcelona, Spain, toward Dusseldorf, Germany, with 150 people on board. Much attention has focused on Lubitz's state of mind since then, with suggestions that he may have had mental health issues. Lubitz, 27, passed his annual pilot recertification medical examination in summer 2014, a German aviation source told CNN. An official with Lufthansa, which owns Germanwings, said that the exam only tests physical health, not psychological health. The official also said that the company was never given any indication Lubitz was depressed, and that if he went to a doctor on his own, he would have been required to self-report if deemed unfit to fly. A Dusseldorf clinic said he'd gone there twice, most recently on March 10, ""concerning a diagnosis."" But the University Clinic said it had not treated Lubitz for depression. The speculation about Lubitz' mental state is based on a letter found in a waste bin in his Dusseldorf apartment. The note, which was ""slashed,"" said Lubitz was not able to do his job, city prosecutor Christoph Kumpa said Friday. The fact that investigators found ""ripped, recent medical leave notes, including for the day of the offense, leads to the preliminary conclusion that the deceased kept his illness secret from his employer and his professional environment,"" prosecutors said. Germanwings corroborated that assertion, saying it had never received a sick note from Lubitz. A handful of publications, citing unnamed sources, have reported that Lubitz suffered from various psychological maladies. CNN has not been able to confirm these reports. Lubitz suffered from ""generalized anxiety disorder,"" and from severe depression in the past, Le Parisien newspaper reported Sunday, citing sources close to the investigation. In 2010, Lubitz received injections of antipsychotic medication, the paper said. He was also prescribed a medication that influences neurotransmitters, but it's unclear when that happened, according to Le Parisien. The newspaper said investigators found a handful of pills in his apartment in addition to two sick notes, which forbade him from working from March 16 to March 29. The New York Times and The Wall Street Journal, citing unnamed sources, reported Friday that Lubitz suffered from mental illness and kept his diagnosis concealed from his employer. A subsequent report from the Times on Saturday, citing two officials with knowledge of the investigation, said Lubitz sought treatment before the crash for vision problems that might have put his career at risk.  However, an official with Lufthansa, said that if Lubitz had vision problems, they would have been discovered during his pilot recertification medical examination. Authorities have not ruled out the vision problems could have been psychosomatic, according to the Times. Citing an unidentified senior investigator, German newspaper Die Welt said that Lubitz suffered from a severe ""psychosomatic illness"" and that German police seized prescription drugs that treat the condition. Lubitz suffered from a ""severe subjective burnout syndrome"" and from severe depression, the source told the newspaper. News reports also stated that antidepressants were found during the search of his apartment. Investigators are expected to question his relatives, friends and co-workers as they try to pin down what could have prompted the co-pilot to steer a jetliner full of people into a mountainside. Lubitz had a girlfriend, a teacher at a school in Dusseldorf not far from his apartment, according to German media. Who was co-pilot Andreas Lubitz? Dozens of people attended a remembrance ceremony Saturday for the victims of the crash at a church in a nearby town, Digne-les-Bains, France. Most of the people on the plane were from Germany and Spain. Relatives of the victims and local residents also gathered Saturday afternoon by a simple stone memorial set up near the crash site, in the village of Le Vernet. Flowers have been laid there, in the shadow of the snow-covered peaks of the French Alps. The mayor of one local community said he had seen Lubitz's father on Thursday evening, describing him as ""a man in deep distress."" ""We get the impression that that man is bearing the whole weight of the disaster on his shoulders,"" Bernard Bartolini, the mayor of Prads-Haute-Bleone, said Saturday. ""I can tell that this is a man whose life is totally broken,"" Bartolini said. ""He had so much emotion in him."" CNN's Steve Almasy, Laura Smith-Spark, Frederik Pleitgen, Sandrine Amiel, Jethro Mullen, Lynn Franco, Margot Haddad and Tim Lister contributed to this report.","France's accident investigation agency, BEA, ""dismayed"" by the voice recording leak .
German newspaper Bild releases a timeline of the flight's final moments .
Andreas Lubitz suffered from ""generalized anxiety disorder,"" and from severe depression in the past, Le Parisien newspaper reports ."
"Illinois Rep. Aaron Schock billed taxpayers for more than $10,000 on private flights last fall, including a trip on a private jet to a Chicago Bears football game. The flights last November don't include more than a dozen other trips on donors' planes that Schock has paid for out of his House office expenses or campaign funds since joining Congress in 2009. Schock, a 33-year-old Republican representing Peoria, had already been facing scrutiny for using congressional funds to redecorate his Capitol Hill office in the style of the TV show 'Downton Abbey.' He repaid those charges last month out of his own pocket; his office had said it's reviewing other expenses. Rep. Aaron Schockis accused of billing taxpayers for more than $10,000 on private flights last fall that included a trip to a Chicago Bears football game . Schock and his entourage flew in an Eclipse 500 aircraft like this one . The Chicago Sun-Times reported Sunday night that Schock flew from Peoria, Illinois to Chicago to attend a Bears game against the Minnesota Vikings on November 16, 2014 . Overall, according to the paper, he used $20,855 in taxpayer money for the Chicago trip and another to New York in September, where his political action committee spent another $3,000 for tickets to the Global Citizen Festival concert. This week Schock reportedly hired a pair of lawyers to audit his political and legislative operations. Spokesmen for Schock declined to comment to the Sun-Times and the Chicago Tribune, and did not respond to a request from Daily Mail Online. In a statement last week they said a legal team was already poring over 'compliance procedures in his official office, campaign and leadership PAC to determine whether they can be improved.' The football game was part of a longer trip on a chartered six-seat business jet that took off from a civil aviation airport in Manassas, Virginia en route to Peoria on a Friday. The Bears defeated the Vikings but the game may ultimately defeat a congressman . DOWNTON OFFICE: Schock spent $40,000 in taxpayer funds redecorating his Capitol Hill office, but had to pay the money back . The Sunday trip was a sideline before the aircraft returned to Washington, D.C.'s Ronald Reagan National Airport a day later. All the seats were filled, according to pilot Keith Siilats, who told the Sun-Times that Schock's district director Dayne LaHood and three others were aboard. He also said he accompanied the congressman and his group to the football game. He was paid $10,802 for 'commercial transportation' in November, the last month for which numbers are available. 'That whole weekend was paid by the government,' he said. Schock 'called me on Saturday and said ""what do you think about’ a Chicago trip?""' Siilats recalled for the paper. Chicago Bears single-game tickets range in cost from $106 to $430. It's not clear who paid for them.","Illinois Republican used his House office expense budget for more than $10,000 in private flights including the November NFL jaunt .
Took his district director, his pilot and three others to see the Bears play the Minnesota Vikings in November .
He has had to pay back taxpayers for $40,000 in office renovations styled after 'Downton Abbey'"
"Kuala Lumpur, Malaysia (CNN)Jaquita Gonzales still tries to call her husband on his cellphone. A pair of work shoes still sits outside the front door of their home in Kuala Lumpur waiting to be reclaimed. His uniform still hangs in a cupboard. Twelve months after Malaysia Airlines Flight 370 vanished without a trace, Gonzales hasn't given up hope. She can't. Neither can her children, other family members and friends. Not until there is some conclusive evidence on the fate of the airliner -- one way or another. ""Now and then, every once in a while I call his phone and it goes to voicemail,"" she says. ""You never know, he might pick it up, or someone who has them would let them have the phone and you know, the hope is still there."" She's not alone. Families of victims we spoke to hold on to the slimmest belief that MH370, which disappeared barely an hour into its flight from Kuala Lumpur to Beijing on March 8 last year, did not crash and that the 239 passengers and crew on board are alive. ""No evidence means there is still a little bit of hope. We tap into that hope in order to go on day by day,"" says Gonzales. But she lives a life in limbo. Neither able to move on, nor go back. Her comfortable home in the suburbs of Malaysia's capital remains virtually the same since her husband of nearly 30 years, Patrick Gomes, left for work on the evening of March 7 as lead purser on the MH370 red-eye bound for the Chinese capital. The only real sign that time has moved on, amid the family photos and plaques celebrating her husband's work achievements is a newspaper on top of a stack in the living room with the word ""LOST"" splashed across its front page. Gonzales' lifeline, apart from family, is her work. She runs a private school and daycare center for about 70 children and spends about 12 hours a day there. Keeping busy, she says, keeps her sane. But not a day goes by without her thinking of Patrick. ""I can be driving and I just have to pull off the road and weep. Everywhere I go I see Patrick,"" she says. ""In our home, with my children, with our friends. There are so many times around the home when I say Patrick you are supposed to be doing this for me, where are you. He helped me with ironing, with cooking."" Like Gonzales, many other families CNN has spoken to say they live in hope that their loved one are still alive even though it seems now a virtual impossibility. But along with hope and the pain, many families also share a deep anger. Anger at the Malaysian authorities and Malaysia Airlines who, Gonzales says, are ignoring them. Requests for information are unanswered and attempts to talk to key officials are rebuffed, she says. Grace Nathan's mother was on MH370. For almost a year she and her family grieved in private. But now she has gone public after what she describes as the Malaysian authorities continued ""mishandling"" of the disappearance. ""There is a lack of transparency, a lack of communications between us and the relevant authorities,' she says. ""Whenever we've written to them or asked them for answers they have never replied. ""It's not like they haven't learned. I would put it that they just don't care. They just want to move on. They don't really care about what we feel or what we have to say."" One recent decision by Malaysian authorities has caused bitter resentment among many families. In late January, the government televised a pre-recorded announcement from the civil aviation chief that the passengers and crew of MH370 were ""presumed lost"" after the plane crashed as a result of an accident. Families were not been given any advance warning of the announcement and, even though it clears the way for compensation claims, they say there is just no evidence to support the statement. It also came just before Chinese New Year, a time of celebration. More than 150 passengers on the flight were Chinese nationals. To add insult to injury, families say, the government had planned to make the announcement at a press conference but canceled the briefing when next-of-kin rushed to the venue. Nathan says she only heard that the government was planning to make the statement when local media rang her. ""They rang to say 'can we come and record your reaction when this declaration is made?' Our reaction was 'what declaration?' We didn't know anything about it. ""I haven't spoken to the media at all since the accident happened but after that treatment I decided it was time that we said something. It was a group decision that we speak to the media because (the authorities) never respond to anything we write to them or ask them about,"" she adds. CNN contacted both the Malaysian Government and Malaysia Airlines for a response to the families' claims, but did not receive an answer. For relatives like Gonzales and Nathan, each day is a struggle, a struggle to stop being overwhelmed by memories. ""I am just going through the motions,' says Grace. ""I am dead inside, I have stopped being happy. Every day basically I just force myself to get through the day.""","Jaquita Gonzales' husband was a member of the cabin crew on board MH370 .
She says she's unable to move on until she knows what happened to plane .
She's one of many relatives of passengers who are angry with how authorities have treated them ."
"(CNN)""Good night Malaysian three-seven-zero."" It was a routine sign-off, an all-is-well. On March 8, 2014, at 1:19 a.m., someone spoke those last words from Malaysia Airlines Flight 370 to air traffic controllers before the Boeing 777 vanished. A year later, searchers have no new clues as to where it went with 239 people on board. Radar and satellite reports have provided hints, but searchers still have nothing to hold in their hands. No wreckage seen floating at sea or beached on shore. No fuselage resting on the sea floor. Experts have said the data indicate the flight path from Kuala Lumpur, Malaysia, to Beijing unexpectedly veered, putting the commercial jet over the southern Indian Ocean. But the water's vast and intricate depths have revealed no secrets. And as clarity has eluded grasp, analysts have made many speculations about what happened. The most controversial idea: Is the maritime search area all wrong? Did the plane land clandestinely on solid ground? Here are some expert theories about what happened to MH370. Investigators have since cast doubt on some of their details. Who radioed those last words to air traffic control? Capt. Zaharie Ahmad Shah? First officer Fariq Abdul Hamid? There was much speculation over that, but the Malaysian inspectors in April said it was Zaharie. The pilots were supposed to check in with new air traffic controllers in Vietnam, but never did. One theory is that one pilot may have incapacitated the other, then guided the plane to its end, taking the passengers down with him in a dramatic suicide. Mark Weiss, a retired American Airlines captain, has flown a Boeing 777. He believed shortly after the crash that there may have been a struggle. ""It was one of the pilots that maybe had a meltdown or did something nefarious to the airplane,"" he said. But Malaysia Airlines Chief Executive Ahmad Jauhari Yahya has vehemently defended his employees, particularly the pilot. ""We do not suspect any one of our crew until there's such evidence. ... Captain Zaharie is a very capable man,"" he said. ""We have no reason to suspect (him)."" Weiss also thought there could have been another person -- a crew member or someone else -- in the cockpit who ""was bent on perhaps committing suicide or doing some destruction on the aircraft."" Copilot Hamid, 27, reportedly once invited a woman and her friend into the cockpit on a 2011 flight between Thailand and Malaysia. ""That's an enormous breach of security,"" Weiss said. But investigators punched holes in the idea, saying there was no indication of a third party in the cockpit, CNN reported in April. The difference between hijacking and commandeering is nuanced. The former term is often used when the hijacker issues a demand such as being taken to a safe-haven country or receiving ransom to release passengers. When people commandeer a plane, they might keep the motives secret, said political analyst Peter Bergen. They may want to steer it themselves at a target, like the September 11, 2001, terrorists did. In 1994, a FedEx employee burst into the cockpit of FedEx Flight 705 with a hammer and spear gun. He wanted to crash the plane into the company's Memphis, Tennessee, headquarters. The crew thwarted that takeover. ""Commandeering would fit with the few facts that we do know, and (it's) certainly a theory that we haven't heard a lot of that isn't a conspiracy,"" Bergen said. Experts are divided on this theory, partly because no terrorists have claimed responsibility at a moment when they would have the world's attention -- unless potential terrorists were waiting for something. MH370 went to Kazakhstan. Outlandish conjecture or genius insight? The theory that Russian actors on board MH370 found a way to get the plane through the border territory of China, Pakistan and India to a Kazakh landing strip leased to Russia comes from science journalist and private pilot Jeff Wise. Fleets of ships and search aircraft are looking in the wrong direction, he says. The airliner went north, not south. Investigators may have misinterpreted a key component of the Inmarsat satellite data. ""This is not a normal investigation. They need to throw out the book,"" Wise has said. Another aviation analyst, David Soucie, also cast doubt after MH370 went missing on the most widely held belief that the plane hit the Indian Ocean. ""If it had crashed in the way that we think it did, which is to run out of fuel and hit the water and break up into pieces, there would be pieces somewhere,"" he said. But Michael Exner, an engineer with decades of experience in the mobile satellite communications industry, says the data ""accurately and unambiguously"" shows MH370 went down near the so-called 7th arc, a path along which the search has been focused. ""The current ATSB search strategy remains the best search strategy,"" he said. In a less sinister but equally lethal explanation, some experts theorized the plane mysteriously crashed somewhere because of mechanical malfunction. Perhaps the electronics died, or a fire broke out, preventing the pilots from communicating. Maybe they turned to look for a landing strip but couldn't steer the plane properly. Pilots had trouble embracing the thought. ""I've been running that in my brain now ever since this thing happened,"" said Jim Tilmon, an aviation expert and retired American Airlines pilot. ""One possibility would be a total electrical failure which is very, very hard to imagine because (the plane) has so many generators coming from different places,"" Tilmon said. If they fail, there are other backups. He has said he's never heard of anything like it happening before. For months after MH370 disappeared, Malaysian officials reported details of the search to next of kin and the public. Something would be spotted, hopes rose, and then it didn't pan out. Hopes were dashed; anguish returned. Sunday, a year to the day after the plane disappeared, the international independent investigation committee released an interim report on the disappearance of MH370. It found no indications of unusual behavior among the aircraft's pilots and cabin crew before it took off, and said that Zaharie had had no personal or financial problems that would cast suspicion on him. The interim report also revealed that the battery of the underwater locator beacon on the plane's flight data recorder had expired more than a year before its disappearance. The battery on the plane's other so-called black box, the cockpit voice recorder, had been replaced as scheduled, and remained within its expiry date, the report said. CNN's Pamela Boykoff and Jethro Mullen contributed to this report.","Many experts believe the plane went down in the South Indian Ocean .
The most controversial theory: Russians hijacked the plane to Kazakhstan .
Electrical failure is another theory ."
"(CNN)It's called the Grand Renaissance Dam -- and the clue is in the name. With some 8,500 laborers working around the clock on its construction, the imposingly-named dam is surely one of Africa's most ambitious infrastructure projects, reaffirming Ethiopia's ambitions of becoming a big regional player and a major exporter of power. When completed, the project will generate around 6,000 megawatts of electricity for both domestic use and exports. The most striking aspect of the nearly $5 billion enterprise is, however, that it is entirely funded by Ethiopia, without any foreign investment. According to the authorities, 20% of the project is financed from bond offerings to Ethiopians, and the remaining 80% from tax collection. ""It was seen as a strategically important initiative that the government and the Ethiopian people are financing it 100%,"" says Zemedeneh Negatu, managing partner at Ernst & Young Ethiopia. ""They have come up with a very creative and innovative way that I think will be a lesson for other African countries who want to embark on such large infrastructure projects, and want to have the flexibility to do it themselves,"" he adds. Hydroelectric powerhouse . So far, Ethiopians at home and abroad have contributed about $350 million, and the government says that the 170 meter tall dam is on track for a 2017 opening, with 40% of the work already complete. Ethiopia's per capita income might be one of the lowest in the world, but the country has enjoyed an impressive economic growth since 2000, averaging 10.9% annually, which has resulted in a 33% reduction of people living in poverty. If the Grand Renaissance Dam and other hydroelectric projects, such as the Gibe III dam on the Omo river, are completed on time, The World Bank estimates Ethiopia could earn $1 billion a year from electricity exports. Negatu says that this would make the country the largest exporter of power in Africa, and second only to South Africa when it comes to installed capacity. Unhappy neighbors . Yet, not everyone is happy about Ethiopia's energetic drive to harness its water resources. The Grand Renaissance Dam is being built on Blue Nile, a tributary of the Nile River which has been powering the agriculture of Sudan and Egypt -- through which it flows -- for millennia. These countries have opposed the project in the past, fearing that the dam will reduce their share of the Nile water. The ousted Egyptian president Mohamed Morsi had even threatened to defend ""each drop of Nile water with our blood if necessary"" back in 2013. Passions have been calmer more recently, and today the Reuters news agency reported that representatives of Egypt, Sudan and Ethiopia reached a preliminary agreement  in Khartoum on how to operate the dam. Negatu is convinced that a compromise will be reached, as he thinks that the dam will ultimately benefit not just Ethiopia but most other East African nations. ""This is actually a regional project because up from Egypt all the way down to Rwanda, countries are going to buy the power that's generated by this dam,"" Negatu says, adding that both Rwanda and Kenya have already agreed to purchase thousands of megawatts once the project is finished. A lack of reliable power has long stunted Africa's development, with 600 million people on the continent not connected to the grid and getting by on a mix of generators, kerosene lamps and candles. In Ethiopia, only 15 to 20% of the population has access to power according to a study by Chatham House. ""It's Africa's Achilles' heel,"" says Negatu. ""With anyone who wants to build a factory in Africa, the first thing they ask is infrastructure, and within infrastructure, whether there is sufficient electricity. Industrialization has always been about electricity, and this [dam] addresses this basic need."" He adds that, after depending on exporting raw commodities for decades, governments across Africa should be pursuing a strategy of industrialization, following the example of China. ""We've got to move up the value chain, and it's what Ethiopia is doing right now. Its strategy is industrial-based -- not to export commodities but to manufacture value-added things, and other African nations are trying to emulate that. But without electricity there won't be industrialization in Africa."" More from Africa View . Read this: New railway links to transform West Africa . Read this: Fast-rising aviation hub spreads its wings . Brandon Clements contributed to this report.","Ethiopia is building the largest hydro-electric dam in Africa .
The country says the $5bn Grand Renaissance Dam is funded entirely by the government and its people .
Neighboring Sudan and Egypt fear that the dam will affect their water supply ."
"It’s a privilege reserved for a lucky few but now experts have revealed exactly who is getting on board when it comes to private jets. The spotlight has been shone on the industry's latest marketing statistics - identifying Americans as the most frequent flyers while the busiest route is between Moscow and Nice. Billionaire entrepreneurs, chief executives and A-list celebrities are amongst the exclusive clientele, found to be 80 per cent men. Top ten: Aviation experts NetJets, which has the largest private jet fleet in the world, has listed its top ten routes with passengers . High flyers: A NetJets Europe Phenom Jet 300 comes in to land at London City Airport. London features in three of the top 10 flights . Aviation provider NetJets - which has the largest private jet fleet in the world - announced the findings of the annual report for 2013. Users of the luxury crafts, which often boast private bedrooms, fine-dining facilities and the odd cinema, are typically private entrepreneurs, aged between 40 and 55. The aircraft provider said the United States remains the world’s leading private jet market with 60 per cent of global traffic starting and ending there. Popular routes include Moscow to Côte d’Azur, Miami to New York, New York to Los Angeles, New York to West Palm Beach and London to New York in the most recent data. Typical passengers: American tycoon Donald Trump with daughter Ivanka Trump onboard his private jet as they arrive at Aberdeen Airport last year. Aviation data found flyers are often private entrepreneurs . Lap of luxury: The inside a Global 6000 reveals why those who can afford it are increasingly turning to the pricey form of transport . Europe has the second-largest market for those wanting to avoid the queues, with about a quarter of the US, with Russia representing a significant portion of overall European demand. But Marine Eugene, executive director for NetJets Europe, said the United States was way out in front when it came to private air traffic. 1. Moscow - Nice/Côte d’Azur . 2. Miami - New York . 3. New York - Los Angeles . 4. New York - West Palm Beach . 5. London - New York . 6. London – Moscow . 7. London - Nice/Côte d’Azur . 8. Chicago - New York . 9. Houston - New York . 10. West Palm Beach - New York . 1. Nice/Cote D Azur – Teterboro (NY) 2. Maiquetia – Miami . 3. Dubai - London . 4. Pittsburgh – Teterboro (NY) 5. Houston - West Palm Beach . 6. Moscow - Tel Aviv . 7. Houston – Midland (Texas) 8. Lagos - London . 9. Austin - Houston . 10. Houston – Washington . She said US businessman were more inclined to use the private transportation as they were 'driven by access' with huge expanses to be covered, often requiring more than one connection. 'If you are a very busy businessman having to connect between flights for meetings, it can be difficult to get where you need to go and at a time you need to be there,' she said. 'In the US there are no business flights and you really don't have the service that you would expect if you are a very busy person. 'With private flights, you can decide what time you want to set off and arrive, at a time that suits the individual and their business needs.' Moscow was among the top 10 routes with highest hours flown in 2013, although the political crisis of late has seen numbers fall by 15 per cent in recent months. No toy: Often seen as a play thing of the rich and the famous like John Travolta pictured, private jets are now regarded as vital business tool . Popular destination: London ranks highly with private jet passengers, according to research by aviation experts NetJets . Elsewhere, private air traffic between London and New York continues to increase year on year with the UK capital accounting for a third of the most frequented routes. Within London, London City Airport has seen significant increases traffic over the last year. The airport is seen as an important hub, particularly for those that work in the financial sector, given its close proximity to Canary Wharf and the city in general. Dubai and the broader UAE are seeing growing traffic although the Middle East’s position as the world’s third-largest market is being challenged by the rise of traffic in China and Brazil. The data showed traffic from Brazil to Europe has grown by a fifth each year since 2010 with the UK, France, Spain and Portugal amongst the most popular destinations. The total business jet market in China still below Europe, estimated at 20,000 flights per year, with potential for significant growth predicted in its domestic flights. Nigeria has also become one of the fastest growing hubs with private departures to and from Lagos. Experts have put the steady global rise down to more travelers rating the plush transport as a vital business tool. Industry figures claim the flights are often cost effective for businessmen, giving them the swift access needed to close deals, often worth huge sums of money. The ability to get anywhere, at any time, can be priceless when it comes to the limited leisure time most customers experience. 'It can be invaluable when you work really hard and want to spend time with family within a tight schedule,' said Ms Eugene. 'Businessmen are the ones that have the needs and the means to make it possible.'","More than eight in 10 passengers are men with most aged 40 to 55 .
America dominates private flight market with 60 per cent of flights .
Europe has second largest share with Russia enjoying large share .
Businessman opting for convenient transport to close big deals ."
"Bill Badger was a hero even before he helped save people's lives during the Jan. 8, 2011, shooting in a grocery store parking lot that killed six people and injured 13, including former U.S. Rep. Gabby Giffords. The Army veteran died Wednesday morning of pneumonia, according to his wife, Sallie Badger. He was 78 years old. Badger was shot in the head at a constituent event for Giffords, who was the target of gunman Jared Loughner. But Badger managed to tackle Loughner, helping others hold him down and disarm him before police arrived. Loughner is serving seven consecutive life terms in prison. Remembered: In this November 8, 2012 file photo, Bill Badger points his hand in the shape of a gun as he describes the events of the day Jared Loughner killed six people and wounded 13 others, following Loughner's sentencing to life in prison at U.S. District Court in Tucson, Arizona . Shooting: Bill Badger was shot in the head at a constituent event for Giffords, who was the target of gunman Jared Loughner. But Badger managed to tackle Loughner, helping others hold him down and disarm him before police arrived. A memorial plaque for the shootings is seen on January 8, 2014 . Giffords, who lives in Tucson, said she was sad to learn of Badger's death. She said in a statement 'I'm so sad to learn that Bill Badger has passed away. Bill was not only a great man and a proud Army veteran, he was a hero. On January 8, 2011, Bill was wounded in the head by a bullet from the gun of my would-be assassin. Not even pausing to realize he had been injured, Bill ran towards the shooter and towards danger so that he could help subdue him until the authorities arrived. I believe that Bill helped save lives that morning. And I will always be grateful to him for his selfless, brave actions. 'My heart, thoughts, and prayers are with Bill's loved ones as they mourn the loss of a great man.' Shooter: Jared Loughman is now serving seven consecutive life terms in prison . Rep. Ron Barber also released a statement, which said in part 'The label ""hero"" an be overused, but Bill was undoubtedly one of the true heroes when a gunman opened fire at the shopping center on January 8, 2011. Although he had been grazed by a bullet and was bleeding from his head, Bill disregarded his own well-being and joined two others to stop the gunman. 'Six people died that day and 13 others of us were wounded — but the toll would have been much higher had not Bill taken fast action when the gunman paused to reload. I will forever be grateful for his bravery and the lives he saved.' Sallie Badger said it came as no surprise that her husband had risked his life to help others. The retired Army colonel had spent his entire life doing just that, she said. 'Bill was a hero to many, many people long before he became a hero on Jan. 8. He was very influential in many, many young lives in many ways,' Sallie Badger said. She said Badger was highly involved in the life of their 25-year-old son, Christian Badger. Badger also guided young men into the military and other careers, she said. Bill Badger hailed from South Dakota. He joined the National Guard as a high school junior and went on to have a long, distinguished career as an Army pilot for 37 years. The couple moved to Arizona in 1985 when Bill Badger established the Western Army Aviation Training Site in Marana, just outside of Tucson. On January 9, 2011, Badger told KOLD 'The shooting stopped and I raised up and didn't realize it, but he was right beside me. Right in front of me. And I got to my feet and one of the individuals who was there to see her was on the other side of the walkway, you know, right where he was walking and that individual took a folding chair, folded it and hit him on the back of the head and he moved his head forward so much of the blunt of it came right on the shoulders of his back and when they did that his left arm came out and it was my opportunity. 'I grabbed his left arm and started to twist it back and grabbed him on the shoulder with my right hand another individual grabbed his right hand and together we pushed on him and he went right down on the sidewalk. 'I had a hold of his throat and the guy on the other side had his knee right on the back of his neck, and every time he would struggle, I would squeeze his throat and the guy would put pressure on the back of his neck.' Badger was not permanently injured from the bullet that grazed the back of his head, but he showed signs of post-traumatic stress disorder, his wife said. The couple embarked on a three-year journey across the country to push for stricter gun laws. 'We wanted desperately to have background checks on every gun that was sold,' Sallie Badger said. 'And Bill just made that his mission.' Assassination: Rep. Gabrielle Giffords is seen in this January 5, 2011 file photo - three days before the shooting took place . In this image released by the Pima County Sheriff's department, police notes, including naming Jared Loughner as a suspect and detailing weapons found at the scene, are seen scrawled on the trunk of a police vehicle during the aftermath of the Tucson shooting rampage . Legacy: Badger joined the National Guard as a high school junior and went on to have a long, distinguished career as an Army pilot for 37 years. He is seen with his wife Sallie Badger on August 7, 2012, after Loughner entered a plea agreement which sent him to prison for the rest of his life .","Bill Badger died Wednesday morning of pneumonia at the age of 78, according to his wife, Sallie Badger .
Badger was shot in the head at a constituent event on January 8, 2011 for Rep. Gabby Giffords, who was the target of gunman Jared Loughner .
But Badger managed to tackle Loughner, helping others hold him down and disarm him before police arrived .
Loughner is serving seven consecutive life terms in prison .
Badger joined the National Guard as a high school junior and went on to have a long, distinguished career as an Army pilot for 37 years ."
"An American pilot who clearly had time on his hands may have produced the lewdest image ever using GPS flight data. The pilot was behind the controls of a single-engine plane when he ‘drew’ a naughty image on a flight path over central Florida last night. Screen grabs of the rude flight path have gone viral on the internet after they were shared by flight-tracking website Flightradar24. The pilot of a small plane 'drew' a lewd image in the air over central Florida using GPS flight data . It appeared to be a routine flight when the Van’s RV-12 plane departed Kissimmee, Florida shortly before 6:45pm local time. The two-seater flew south-west towards Lakeland when it suddenly made a sharp turn towards the north and began to ‘draw’ the lewd image. It continued on at an altitude of 1,800ft and then flew north-west towards the Gulf of Mexico before turning around and heading back to Kissimmee Gateway Airport, south of Orlando. The single-engine plane appeared to ‘draw’ another lewd image shortly before it flew over Walt Disney World and landed in Kissimmee at about 9pm local time, according to Flightradar24, which provides real-time positioning and information for thousands of aircraft around the world. It appeared to be a routine flight when the Van’s RV-12 plane departed from Kissimmee, Florida . But the plane soon made a sharp turn right - and it quickly became apparent what it was up to . The two-seater was flying at an altitude of 1,800ft when it created the rude image south-west of Orlando . The plane which flew the 50-mile path is registered to B&M Aviation LLC in Orlando, according to the Federal Aviation Administration’s online database. It’s certainly not the first time GPS data has been used to ‘draw’ a lewd image, with many runners using their smartphone apps to create childish outlines. But it has been put to better use. Last year, artist Yasushi Takahashi left his job and travelled across Japan for six months to create a romantic marriage proposal. He spelled out ‘Marry me’ and an image of a heart with an arrow through it while covering a distance of more than 4,300 miles, mostly on foot. His effort was well worth it, as his girlfriend said yes to his proposal.","Pilot created the naughty image while flying a single-engine plane .
Screen grabs have gone viral after they were shared by Flightradar24 .
Pilot departed Kissimmee airport and flew for more than two hours .
Van’s RV-12 two-seater is registered to an Orlando company ."
"The Secret Service has announced plans to fly its own drones in restricted airspace over Washington D.C. The agency, which has been hit by a number of recent high profile security breaches into the White House grounds, has declined to say what the flights are for, nor specifically when they will occur. But experts have speculated that the Secret Service has developed drones that can be used as surveillance against unmanned aerial vehicles which violate White House airspace but stopped short of saying they now possess weaponized UAVs. Alert: Secret Service officers search the south grounds of the White House on January 26 after an unmanned drone piloted by a drunk government employee crash landed on the lawn . In January, the agency was embarrassed when a small drone piloted by a drunk government employee crash landed onto the White House lawn and recently Paris has been unnerved by a spate of drones seen buzzing the Eiffel Tower, the US Embassy and other key city landmarks. The January episode highlighted a serious security gap that the Secret Service has so far been unable to plug - how to combat the threat of drones flown over the nation's capital and specifically against the White House. The United States Secret Service, in conjunction with other inter-agency partners, will conduct a series of exercises involving unmanned aircraft systems, in the coming days and weeks. Because these exercises will be conducted within the normally flight restricted areas in the Washington D.C. area, they have been carefully planned and will be tightly controlled. In preparation for these exercises the Secret Service has coordinated with all appropriate federal, state and local agencies. However, some aviation and security experts have expressed concern about the scope of the Secret Service's use of drones. Michael Drobac, executive director of the Small UAV Coalition told the Washington Times he thinks that the flights are firstly a public relations exercise designed to restore confidence but he is worried about what the agency will do with all the surveillance material it collects. 'The beauty of their exercise is they get to do real-world outdoor operations that will promote safety for the White House, for monuments and for the general public,' said Drobac. '(But) If the Secret Service uses it inappropriately, I’d be the first to say they have to stop that,” he said. “They’re going to have to disclose what they intend to do at some point, because that’s exactly what it says in the executive order. Agencies have to be transparent.' The executive order was issued by President Obama in February and governs how any federal agencies using drones keep information gathered. All agencies wishing to use drones must publish their own guidelines on keeping and gathering the information so that people's privacy is not violated. Found: The recreational drone that landed on the White House South Lawn is seen in this U.S. Secret Service handout . Prevalent: The Secret Service has become increasingly worried about the threat of armed drones and the safety of the president . 'Beyond using it for ways that are invasive to consumer privacy, which they should not do, if they are using it to protect grounds in Washington D.C. that are restricted, I’m for it,' said Drobac. Secret Service spokeswoman Nicole Mainar issued a 76-word statement to announce the flights, which leads some to believe they are ready to deploy operational drones to combat any threats to the president and his family. 'They’re testing it in the field, as opposed to just testing it at a research station,' said Brendan Schulman, head of the unmanned aircraft systems practice at the New York law firm of Kramer Levin. 'That might suggest that they are closer to an actual functional defense mechanism than the public might think.'","Secret Service released 76-word statement signaling the test flights .
Would not say when the flights will take place or what the drones capabilities are .
Secret Service has become increasingly worried about the threat to president from UAVs .
Agency was embarrassed by drone that crash landed in late January on White House lawn ."
"The British crew of the new James Bond film triggered an international air safety alert by going on a drunken rampage aboard the official 007 jet. Last night, the producers of the forthcoming Spectre film confirmed that they were investigating the 'intimidatory and frightening' behaviour on board the privately chartered plane flying from Stansted Airport in Essex to Mexico City 11 days ago. The Mail on Sunday can reveal that charter aircraft company Hi Fly sent a damning a report to the Bond film production company Eon that revealed how some of the film's crew: . Scroll down for video . The British crew of the new James Bond film went on a drunken rampage aboard the official 007 jet, pictured  filming  in Mexico city last week - there is no suggestion those pictured were involved in rampage . The report also made clear that the reckless behaviour of some of the film crew, fuelled by excess alcohol, had 'compromised' the safety of the Airbus 330 and had breached international aviation regulations. Last night, a worker at Toluca airport in Mexico City said the mayhem had left the interior of the plane looking like a 'pack of wild animals' had gone through it. The source added that vomit had been left inside the toilet and on the floor outside. The producers of the forthcoming Spectre film, starring Monica Bellucci and Daniel Craig, confirmed that they were investigating the 'intimidatory and frightening' behaviour . He also claimed the airline had to bring in a specialist firm to clean the plane at a cost of 20,000 pesos – about £1,000. The incident will prove embarrassing for Eon, which only yesterday launched a glossy trailer for the new £190 million movie, which will again star Daniel Craig as 007. About 150 of the film's crew, including cameramen, technicians and stunt men, were on their way to Mexico to film some of the most spectacular action sequences, including one that takes place during Mexico's macabre Day of the Dead festival. It is understood that neither Craig nor any other member of the cast was on board the jet, which landed at Toluca Airport for the two-week shoot on March 18. Hi Fly, which has told Eon that its staff breached the conditions of the charter, will deploy extra security at the airport to ensure that no passengers arrive drunk for the jet's return journey to the UK on Wednesday. The airline has agreed to fly the crew back to Britain only on condition that no alcohol is served or consumed on board. The privately chartered plane (pictured) was flying from Stansted Airport in Essex to Mexico City 11 days ago . Members of the film crew removed a safety pin from one of the aircraft's doors - there is no suggestion those pictured were involved in rampage . Eon, led by Michael G. Wilson and his stepsister Barbara Broccoli, have now told staff that the flight will be 'dry'. However, in a twist worthy of the Bond films, it is unclear whether the American watchdog, the Federal Aviation Administration, is investigating the incident. On Friday night, spokeswoman Laura Brown confirmed that the incident was 'under investigation' but declined to comment further after being given a detailed account of the reckless behaviour on the plane. But the following day her colleagues denied any such probe was under way. The FAA has some jurisdiction over international airspace around the US, which could have been passed through by the 007 film crew's flight. A spokesman for Eon last night confirmed it was conducting an internal investigation to find out exactly what had happened. But The Mail on Sunday understands that Wilson and Broccoli read the riot act to staff at a production meeting held shortly after the plane's arrival in Mexico. They have also apologised to horrified air crew members. One source, who asked not to be named, said: 'Michael and Barbara have both made it very clear that this sort of behaviour is unacceptable and should never be allowed to happen again. It is understood that neither Craig (pictured) nor any other member of the cast was on board the jet . Some of the film's crew vomited and urinated in the aisles and verbally abused cabin crew - there is no suggestion those pictured were involved in rampage . 'The behaviour of a handful of crew members got out of hand and made things very unpleasant for their fellow passengers. 'Eon has apologised to all the crew members who had to endure this intolerable behaviour.' Airline expert Chris Yates said last night that 'it was entirely possible' that the removal of the safety pin could have caused the door to open. He said: 'The pin is part and parcel of the locking mechanism on the aircraft door. Essentially, if you remove it there is a possibility that you could potentially open the door and decompress the cabin.' However, while the risk was real, he added that in all likelihood the door would have been held shut by the speed of the plane moving through the air. Hi Fly, which is based in Lisbon, leases its 12 Airbuses to governments, companies and individuals. Last night, a spokesman declined to comment on the incident. He said: 'This particular flight from the UK to Mexico was a private charter, not open to the public. We have an obligation towards the privacy rights of our clients and therefore we are unable to comment.' A spokesman for Eon said: 'We are investigating the matter so cannot comment further at this time.' Spectre is the 24th movie in the Bond franchise and co-stars Christoph Waltz, Ralph Fiennes and Monica Bellucci. It is due to open in Britain in November.","Crew of new James Bond film went on drunken rampage in official 007 jet .
Producers are investigating the 'intimidatory and frightening' behaviour .
The group removed a safety pin from one of the aircraft's doors .
They vomited and urinated in the aisles and verbally abused cabin crew .
Private plane was flying from  Stansted Airport to Mexico City 11 days ago .
Removed a safety pin from one of the aircraft's doors – which experts say could have resulted in a mid-air disaster; .
Vomited and urinated in the aisles; .
Flouted the aircraft's strict no-smoking ban; .
Verbally abused cabin crew and other passengers."
"Relatives of those killed on the Germanwings flight have been offered up to £40,000 from Lufthansa immediately, amid speculation they could receive multi-million pound compensation settlements eventually. The German airline, which owns the budget carrier, offered to pay up to 50,000 euros per passenger, for immediate financial assistance. However, the relatives could receive multi-million pound compensation settlements if they can prove that Lufthansa knew about the co-pilot's mental health difficulties. Sicknotes found at Andreas Lubitz's apartment in Dusseldorf by German police could form a key part of any legal case launched by the families. Legal experts claim that the level of awareness the passengers had in advance of the crash would also influence any compensation payments. Scroll down for video . German president Joachim Gauck, left, joined relatives at a public mourning service in Haltern . Friends of 16 students killed in Tuesday's disaster hugged each other outside the emotional memorial service . Andreas Lubitz, pictured, is believed to have hidden a mental health illness from his employers . German newspaper Bild reported that Lufthansa's Aeromedical Centre has passed internal documents to investigating authorities which claimed that Lubitz suffered from depression and anxiety during training and went through a 'serious depressive episode'. Lufthansa, which owns Germanwings, has so far refused to comment on whether they had any concerns over Lubitz's mental health. Ordinarily, the families of air disasters are entitled to a maximum of around £100,000 under international agreements. But if a family decides to sue, this figure could rise dramatically depending on the degree of negligence by the airline and the level of awareness their loved ones would have had on their impending doom. As well as looking at Lubitz, lawyers for the families could question the airline's policy of not requiring at least two crew on the flight deck at all times once the aircraft is airborne. Relatives of some of Tuesday's victims have reacted angrily to the discovery of the torn up sick note and questions over Lubitz's mental health. Lufthansa's Chief Executive Carsten Spohr refused to respond to questions about Lubitz's mental health . Christian Driessens, whose 59-year-old brother, Claude, died in the crash said: 'When you first learn that, you don’t believe it, we try to tell ourselves that it’s not possible. 'Looking back, I slowly start to be angry. I don’t understand how a serious company can let a depressed man pilot a plane. ‘Because the boy was depressed, it was necessary to say he was. On this point I am opposed to the company not having introduced rules saying there must always be two people in the cockpit. ‘I’ve fallen over backwards. It’s not normal to leave somebody by himself in charge, and who shuts the doors, I’m very angry.' Passengers would have been soon aware of captain Patrick Sonderheimer's attempts to break into his own cockpit after Lubitz deliberately locked him outside. Lubitz enabled a post-911 safety system designed to stop hijacking to bolt the cockpit door shut. Lufthansa Chief Executive Carsten Spohr admitted yesterday that Lubitz had broken off his training in 2008 for several months, however, he refused to elaborate on the details. French Prime Minister Manuel Valls, second right, said the airline should release all information on Lubitz . The latest revelations come as air crash investigators continue to search for the second 'black box' French Prime Minister Manuel Valls said the airline must hand over all information they have on Lubitz to investigators. Mr Valls held a crisis meeting this morning where Tuesday's disaster was the main item on the agenda. He told iTELE: 'We must wait for the end of the inquiry. I am careful when there is a judicial inquiry, but everything points to a criminal, mad, suicidal action that we cannot comprehend. 'It is up to this company to provide a maximum of information so that we can understand why this pilot committed this dreadful act.' Air crash investigators confirmed that Lubitz, 28, programmed the Airbus A-320's autopilot to descend from 38,000 to just 100 feet, while the aircraft crossing the French coast towards the Alps, after his captain Patrick Sonderheimer left the flight deck to go to the toilet. However, French pilots' union SNPL said it is suing prosecutors who leaked information on ongoing developments in the case to the press. Pilots fear that they will lose the public's confidence after it emerged that Lubitz deliberately flew into a mountain. Hundreds of students from the Joseph-Koenig Gymnasium school arrived at a memorials service today . Guillaume Schmid of France's SNPL union told The Associated Press on Friday that the lawsuit is over violating a French law on keeping information about investigations secret while they are ongoing. The lawsuit doesn't name an alleged perpetrator, a method in French law that leaves investigators to determine who is at fault. Mr Schmid said: 'We can understand there is a certain pressure, a wish to know.' He warned that leaking information too early can mislead the public instead of informing accurately. European Cockpit Association also expressed concern about the leaks and urged further investigation before drawing final conclusions. In a statement, the ECA said: 'Our thoughts are with the victims and their relatives. As trusted professionals, who invest a lifelong career in making air travel safe, this is a very difficult day for us.' Relatives of the victims have been all asked to give DNA samples in an effort to identify their loved ones who died in the crash. Lubitz, from Montabaur in western Germany learned to fly gliders in his teens before starting work with Germanwings in September 2013. Klaus Radke, head of the flying club said: 'I got to know him, or I should say reacquainted with him, as a very nice, fun and polite young man.' However, one friend said he used to go to movies and clubs together, but had noticed a considerable change over the past twelve months. The friend said: 'Flying was his life. He always used to be a quiet companion, but in the last year that got worse.' Randy Knipping, a Toronto-based specialist in aviation medicine, said it was extremely difficult to conduct screening for psychiatric problems among pilots, in part because they can put their careers in jeopardy by admitting to such problems. He said: 'If somebody wants to withhold or conceal, there's no reasonable test.' Mr Knipping said unless a family member comes forward and reports their concerns, then it is possible for cases such as Lubitz to 'slip through'. Meanwhile, the grieving family and friends of the 150 people on board Germanwings Flight 9525 when it crashed leaving no survivors on Tuesday have placed touching tributes to their loved ones at a memorial. Photographs, flowers and candles have been left at the new monument, installed by French authorities in front the mountain where the plane crashed in Le Vernet to honour the victims. Special flights had been laid on for the next of kin to allow them to visit the crash site in the French Alps. Tributes have been left at a new monument, in front the mountain where the plane crashed in Le Vernet . French authorities have already installed a large memorial stone at the site of the disaster . Relatives placed candles featuring photographs of some of the victims at the scene of the crash . Others put simple passport-style photographs on white roses in a moving tribute . The plane was carrying six crew and 144 passengers, including 16 German teenagers returning home from a school trip, who had reportedly won the trip in a lottery of their classmates. It was the deadliest air crash on the French mainland since 1974 when a Turkish Airlines plane crashed, killing 346 people. Lufthansa said the aircraft was carrying citizens of 18 countries. Three Americans and three Britons were confirmed among the victims. They included Julian Pracz-Bandres, from Manchester, who was just seven months old, was flying back from Spain with his mother, Marina Bandres, when the disaster unfolded. Germanwings Flight 9525 was deliberately crashed on Tuesday while on its way from Barcelona to Düsseldorf . The plane was carrying six crew and 144 passengers, including 16 German teenagers on a school trip . Relatives and friends have surrounded a new monument to the victims of the disaster with flowers . Lufthansa said the aircraft was carrying citizens of 18 countries. Three Americans and three Britons were confirmed among the victims . Klaus Radke, pictured, who knew Lubitz as a teenager said he was 'a very nice and polite young man' Recordings from the plane's black box, found on Wednesday, reveal that co-pilot - 28-year-old German Andreas Lubitz - locked the captain out of the cockpit and intentionally destroyed the aircraft. French prosecutors revealed that the chilling screams of passengers could be heard just seconds before the doomed flight smashed into a mountain, . Marseille prosecutor Brice Robin said: 'The intention was to destroy the plane. Death was instant. The plane hit the mountain at 700kmh (430mph). 'I don't think that the passengers realised what was happening until the last moments because on the recording you only hear the screams in the final seconds'. Family members Germanwings plane crash victims, pictured leaving Barcelona's El Prat airport to visit the crash site in southern France . Lufthansa, the owner of budget airline Germanwings, put on two special flights and a bus to transport families of the victims, escorted by French motorcycle policemen, to Seyne-les-Alpes . In a ceremony believed to be for relatives of the deceased of the crashed Germanwings flight emergency workers hold flags of the nations of those who died . Mr Brice said that earlier in the flight Lubitz's responses, initially courteous, became 'curt' when the captain began the mid-flight briefing on the planned landing of the plane. 'There is no distress signal or Mayday signal. No answer was received despite numerous calls from the tower.' Lubitz had just 600 hours of flying experience after joining Germanwings in 2013 straight from training. He was, however, highly regarded, having won an award from the Federal Aviation Administration in 2013 for his outstanding flying skills. The investigation is now a full-blown criminal inquiry. Recordings from the flight's black box revealed that the plane had been deliberately crashed on Tuesday, killing all 150 passengers and crew members . Pilot Andreas Lubitz apparently took the controls of the Airbus A320, locked the captain out of the cockpit and deliberately set it veering down from cruising altitude at 3,000 feet per minute . French gendarmes and investigators are continuing to work amongst the debris of the Airbus A320 at the site of the crash, near Seyne-les-Alpes . Rescue workers recover bodies of the doomed flight's 150 victims from the crash site. Nearby French authorities have erected a monument to allow families to pay tribute to their lost next of kin .","Andreas Lubitz tore up a sick note on the morning of the doomed flight .
German prosecutors have found evidence questioning his mental health .
Relatives could sue Germanwings over their failure to spot Lubitz's illness .
Lubitz commanded the jet's autopilot to fly into the Alps at 400mph ."
"One crew member has been found dead and three others were rescued after a tugboat sank in icy waters off Fire Island in New York. The Coast Guard says the tugboat called Sea Bear sank at about 2 p.m. Saturday . Three male crew members in immersion suits were rescued by the Coast Guard from the water a mile off a section of the island known as Fire Island Pines. Coast Guard officials say the body of the fourth crew member was recovered shortly after 5 p.m. following a search by three Coast Guard boats, a helicopter and two other tugboats. Coast Guard Command Duty Officer Mark Averill says the victim was not wearing an immersion suit. Averill says the water temperature was 37 degrees. The victim's name was not immediately released. Rescue: The Coast Guard says the tugboat called Sea Bear sank at about 2 p.m. on Saturday in icy and stormy waters about a mile off Fire Island on New York's Long Island . A search was underway for a missing tugboat crew member after three others were rescued Saturday when their boat sank in icy and stormy waters about a mile off Fire Island on New York's Long Island, authorities said. One of the crew members managed to make a cellphone call to the Coast Guard at about 2 p.m. as the tugboat Sea Bear was sinking, said Coast Guard Petty Officer Morgan Gallapis. She said the man said their boat was sinking and they needed assistance. 'They had only seconds to let us know before they sank,' Gallapis said. Three male crew members in immersion suits were rescued by the Coast Guard from the water a mile off a section of Fire Island known as the Pines, Gallapis said. But another man was missing as a search continued by three Coast Guard boats, a helicopter, two other tugboats and Suffolk County Police Marine Bureau boats, authorities said. Suffolk officers on the beach assisted in the search. One dead: Coast Guard boats (not pictured) saved three crew members and later found one dead crew member floating in the frigid waters without a protective suit . Gallapis, based in the New Haven, Connecticut Coast Guard station, said the three men who were rescued were treated for hypothermia at the Fire Island Coast Guard station but otherwise had no physical injuries. She did not know what caused the boat to sink. The accident occurred during a storm. Suffolk County police said inclement weather prevented their aviation officers from flying and police Marine Bureau boats were hampered by heavy ice in the water. The petty officer said the tugboat that sank was among three heading back to their New York City base after completing a project on Long Island. 'This tug was in the back of the line when it sank,' she said. 'The other tugs continued without seeing them. They heard the distress call and headed back to assist in the search.'","The Coast Guard says the tugboat called Sea Bear sank at about 2 p.m. on Saturday .
Three male crew members were rescued by the Coast Guard from the water a mile off a section of the island known as Fire Island Pines .
Coast Guard officials say the body of the fourth crew member was recovered shortly after 5 p.m. and he was not wearing an immersion suit .
The frigid waters were 37 degrees at the time of the rescue .
The immersion suits protected the three surviving crew members from the dangerously cold water temperature .
None of the victims identities have been released ."
"It may have once made the longest commercial flight in history, but Qantas' first boeing 747-400 made its shortest journey to Illawarra Regional Airport on Sunday where it will now be the first plane of its type in the world to go on public display. After 25 years of service the City of Canberra plane was retired to an aviation museum based at Illawarra Regional Airport. After less than 15 minutes in flight, the specially numbered Qantas Flight ‘747’ was delivered to its new home with the Historical Aircraft Restoration Society ((HARS) where it will become the only B747-400 in the world to be put on display. Scroll down for video . Crowds cheer as the Qantas Boeing 747-400 lands at Illawarra Regional Airport . Qantas Chief Executive Officer Alan Joyce said donating the aircraft to the HARRS museum will provide not only a great tourist attraction for the Illawarra region, but also an opportunity to preserve an important piece of Qantas’ and aviation history. ‘It's graced the pages of the record books, revolutionised air travel for Australians, marked a huge technical feat for Qantas and carried millions of passengers on their global adventures and home again,' said Mr Joyce. The plane was so big that its two outside engines hung over the runway's edge as it landed . 'Our B747-400 'City of Canberra' is very deserving of a graceful retirement as the star attraction at one of Australia’s most prestigious aviation museums.’ ABC News reported that thousands of people gathered in and around the small airport to watch the landing, and they cheered and applauded loudly as the plane landed on the short and narrow runway - a distance less than half the length of Sydney Airport's runways. The plane was so big that its two outside engines hung over the runway's edge as it landed on Illawarra Airport's runway. The runway is just 30 metres wide but the aircraft has a wingspan of 64 metres. A pilot waves from the cockpit hatch of the Qantas Boeing 747 after landing at Illawarra Regional Airport . The Canberra left Sydney Airport and flew at just 4,000 feet and at a much slower speed than usual for its 15-minute hop down to Wollongong. Now the oldest aircraft in the Qantas fleet, the Canberra holds the record for the longest ever non-stop commercial flight for its trip from London to Sydney in 1989. Over the past few years, Qantas has been gradually retiring its older B747s. Nine of its newest jumbos, the last of which was delivered in 2003, have been refurbished and will continue flying into the future. Qantas pilot Greg Mathews talks to the assembled media at the airport after the flight . Since 2008, the Qantas Group has taken delivery of almost 150 new aircraft, lowering its fleet age to an average of just over seven years. The aircraft will join an impressive line-up of famed aircraft located at HARS including a Lockheed Super Constellation, Catalina, Douglas DC3 and DC4 and a Desert Storm USS Army Cobra. Qantas crew wave to the crowd after the final retirement flight of the B747-400 .","It will now be the first plane of its type in the world to go on public display .
City of Canberra plane was retired to aviation museum at Illawarra Airport .
The Canberra left Sydney Airport and flew at just 4,000 feet .
Plane was only 15 minutes in flight compared to its non-stop record .
It was so big that its two outside engines hung over the runway's edge ."
"A preliminary report detailing actor Harrison Ford's actions just seconds before he crash-landed his 1940s vintage plane on to a California golf course was today released by federal transport officials. The document, issued by the National Transportation Safety Board, describes how the 72-year-old actor reported an engine failure shortly after taking off from Santa Monica  Airport last Thursday. He then alerted air traffic controllers and turned back toward the airport, the report states. However, as he did so, the aircraft struck the top of a tall tree. Seconds later, it crashed to the ground. The plane - which came to rest around 800 feet from the approach end of a runway at the airport -sustained 'substantial damage to both wings and the fuselage' in the smash,  the document states. Scroll down for video . Bloodied: A preliminary report detailing actor Harrison Ford's actions just seconds before he crash-landed his 1940s vintage plane on to a California golf course was today released by federal transport officials. Above, Ford is pictured being carried away from Penmar Golf Course in Venice, Los Angeles, on a stretcher last Thursday . Wrecked: The document, issued by the NTSB, describes how the 72-year-old actor reported an engine failure shortly after taking off from Santa Monica Airport last Thursday. Above, Ford's wrecked plane after the crash . Document: Ford then alerted air traffic controllers and turned back toward the airport, the report (pictured) states. However, as he did so, the aircraft struck the top of a tall tree. Seconds later, it crashed to the ground . Meanwhile, Ford, who played Han Solo in the original Star Wars series, suffered serious injuries, including a fractured pelvis and a broken ankle. However, he is expected to make a full recovery. The preliminary report explains how the actor was flying his World War II-era training plane under visual flight rules on the day of the crash. This meant he did not need to submit a flight plan. It added that 'visual meteorological conditions prevailed', but that following the aircraft's takeoff from runway 21, 'the pilot advised of an engine failure and requested an immediate return to the airport'. Ford 'initiated a left turn back towards the airport; the airplane subsequently struck the top of a tall tree prior to impacting the ground in an open area of a golf course,' the report states. It concludes: 'The airplane was recovered to a secure location for further examination.' The report was constructed 'using data from various sources' after 'a significant amount of investigative work'. It does not detail why Ford's engine might have failed, causing him to plummet to the ground. A final report is expected to be released when NTSB officials have finished their inquiry into the crash. Devoted: Ford suffered serious injuries in the crash, including a fractured pelvis and a broken ankle. Above, his wife, Calista Flockhart, is seen on Tuesday driving home from hospital after spending the entire day with him . Recovery: Ford is being treated at Ronald Reagan UCLA Medical Center (pictured) in Los Angeles, California . Last week, dramatic pictures emerged showing Ford being carried away from Penmar Golf Course in Venice, Los Angeles, on a stretcher, his face covered in blood and his neck strapped into a brace. First responders were also pictured wrapping bandages around his head. 'He was stunned a bit,' spinal surgeon Sanjay Khurana, who was playing golf at the course at the time, told ABC News. He added: 'He was moaning and in pain. It was obvious by his face, it was Harrison Ford. I'm old enough, or young enough, to have watched all his 'Star Wars' films. So, it was obvious.' A video also emerged showing horrified golfers gaping open-mouthed at the sky before running out of the way as Ford deliberately steered his 1942 Ryan Aeronautical ST3KR into the ground. Investigators at the scene: The preliminary report explains how the actor was flying his World War II-era training plane under visual flight rules on the day of the crash, meaning he did not need to submit a flight plan . Taken away: It added that 'visual meteorological conditions prevailed', but that following the aircraft's takeoff from runway 21, 'the pilot advised of an engine failure and requested an immediate return to the airport' In a tweet late Thursday, Ford's son, Ben, said his famous father was 'battered, but OK.' Ford, an aviation enthusiast with years of flying under his belt, remains in hospital recovering from the crash. His wife, Calista Flockhart has stayed close to his side. The 50-year-old actress emerged on Friday night appearing tired and emotionally drained following a bedside vigil that lasted several hours. Flockhart was seen at the wheel of a black Lexus pulling out of the hospital parking garage with an older male companion. The former Ally McBeal star looked like she hadn't slept in a while. Her face was make-up free, while her eyes were dark-circled and bleary from possible crying. Her light brown hair hung limply around her face and her manner of dress appeared simple and casual. Couple: Earlier this week, it was said Flockhart is strongly urging her husband (pictured with her in January) to call it quits on his passion for flying and stay grounded because he might not be so fortunate next time . Avid flier: In a tweet late Thursday, Ford's son, Ben, said his famous father (pictured in 2001) was 'battered, but OK.' Ford, an aviation enthusiast with years of flying under his belt, is in hospital recovering from the crash . Earlier this week, it was claimed that Flockhart is strongly urging her husband to call it quits on his passion for flying and stay grounded because he might not be so fortunate next time. 'Calista is devastated. Thank goodness Harrison is OK but it could have been much, much worse,' her friend told The Mirror. 'It is a worry for her and his children that he has this dangerous hobby.' They added: 'Whether or not he will pilot a plane again remains to be seen but everyone around him certainly hopes he will take a break – or give it up for ever. It is ­obviously a huge worry.' Flockhart is not the only one voicing her concerns for the screen legend. Star Wars co-star Carrie Fisher has also urged him to 'take a break' following his plane crash and take it easy, it is said. Film star: Flockhart is not the only one voicing her concerns for the screen legend. Ford's Star Wars co-star Carrie Fisher (pictured, center, as Princess Leia) has also urged the actor (left, as Han Solo) to 'take a break' Addressing Ford, who also starred as Indiana Jones, she told PEOPLE magazine: 'I know you have incredible bounce back, please take a bounce break for awhile. Can I drive next time?' Officials are currently inspecting the wreckage of the plane and  documents regarding its upkeep. 'The aircraft will be examined, the engine will be examined, the records of the aircraft will be examined and ultimately we'll submit a factual report,' Patrick Jones, of the NTSB said. He added: 'The final report probably will not be out for a year.'","Preliminary report released by National Transportation Safety Board today .
Describes how Harrison Ford reported engine failure shortly after take-off .
Actor, 72, then alerted air traffic controllers and turned back to the airport .
However, as he did so, his aircraft struck the top of tall tree, then crashed .
Ford suffered serious injuries in horror smash, including a fractured pelvis .
He is still recovering in hospital, with his wife Calista Flockhart by his side .
Final report into crash may not be issued for a year pending investigation ."
"Last year was the safest in the history of commercial aviation despite the loss of two high-profile Malaysia Airlines flights in which hundreds of people were killed, according to industry experts. While more people died in air accidents in 2014 than the . average in recent years, the number of fatal accidents compared . with the total number of flights was a record low, the International Air Transport Association (IATA) said. The organisations said in a new report that there were 12 fatal accidents in 2014 with 641 fatalities, versus 19 fatal accidents and 517 fatalities per year in the five-year period between 2009 and 2013. The downing of MH17, in which 298 people died, was not included in the safety report because it was not technically classed as an accident . Malaysia Airlines flight MH17 takes off from Schipol airport near Amsterdam prior to being shot down as it flew over Ukraine . 'While aviation safety was in the headlines in 2014, the . data show that flying continues to improve its safety . performance,' said Tony Tyler, IATA's director general and chief . executive officer. The statistics translate into an accident rate, measured in 'hull . losses' per 1 million flights, of 0.23, or the equivalent of one . for every 4.4 million flights. IATA's 2014 statistics did not include the loss of Malaysia . Airlines Flight MH17, which was shot down by a surface-to-air . anti-aircraft missile in Ukraine last June and so not classified . as an accident. All 298 people on board were killed. 'To the flying public an air tragedy is an air tragedy, . regardless of how it is classified,' said Tyler. 'In 2014 we saw . a reduction in the number of fatal accidents - and that would be . true even if we were to include MH17 in the total.' The other high-profile event of 2014, the disappearance of . Malaysia Airlines Flight MH370 on a flight from Kuala Lumpur to . Beijing on March 8, 2014, with 239 passengers and crew, has . become one of the biggest mysteries in the history of aviation. An extensive search in the southern Indian Ocean, where . satellite data showed that the Boeing 777-200ER ended up after . being diverted from its original flight path, has not found any . sign of the plane. An investigation report that was released on . Sunday did not reveal anything new. Australian deputy prime minister Warren Truss shows a new search area in the Indian Ocean where rescue crews are continuing to look for any signs of MH370's whereabouts . An Australian Defence Vessel sails through the Indian Ocean as no trace has yet been found of the missing aircraft . U.S. Navy aircrewman Karl Shinn searches from above for any signs of the missing Malaysia Airlines plane . The International Civil Aviation Organization (ICAO), a . United Nations body that regulates global aviation, proposed . after MH370 that commercial aircraft report their position every . 15 minutes instead of the current norm of 30-40 minutes. Tyler told reporters at a briefing in Hong Kong that such a . system would be in place by November 2016. 'At the moment there's no technology that can track aircraft . everywhere in the world over time,' he said. 'These things don't . happen overnight.' New space-based technologies might make real-time tracking . possible soon, he added. 'The promise is to be able to identify aircraft wherever . they are in the world pretty much in real-time with no gaps in . coverage,' he said. 'It may well be that this is the way we . should go, however that technology won't be available for two or . three years to come.' Three of last year's 12 plane crashes involved jet aircraft and accounted for the bulk of the deaths. In December, an AirAsia jet carrying 162 people crashed into the Java Sea. In July, an Air Algerie jet went down in Mali during bad weather, killing all 116 aboard. The nine other crashes involved turboprop aircraft, including a TransAsia ATR-72 that crashed in July on the Penghu island chain in the Taiwan Strait, killing 58 people. Another TransAsia turboprop crashed in February this year, killing more than 40 people. The wreckage of AirAsia QZ8501 is removed from a rescue vessel in Jakarta, Indonesia. The plane crashed into the Java Sea on December 28, killing all 162 on board . The AirAsia crash was one of three major incidents to rock the aviation industry last year .","Last year was the safest in history of commercial aviation, report claims .
This was despite disappearance of MH370 and shooting down of MH17 .
But MH17 death toll not included in report because it was not an accident .
An AirAsia flight also crashed into the Java Sea, killing all 162 on board ."
"Kuala Lumpur (CNN)The initial hours after the disappearance of flight MH370 were characterized by confusion and chaos, as air traffic controllers struggled to comprehend the situation and radar operators failed to take notice, according to data contained in an interim report. The report -- released one year after the disappearance of the Boeing 777 and its 239 passengers and crew --- provides a detailed picture of delays and protocol violations before the launch of the search and rescue. An astonishing five hours and 13 minutes passed between the last communication from the flight crew and Kuala Lumpur's first distress signal concerning the missing plane. And it was another five hours before the first search flights took off to try to find it. CNN's aviation correspondent Richard Quest said he believes the delayed response was the most disturbing thing revealed by the interim report -- ""the lack of somebody pushing the big red button that says crisis and panic."" A year later after the plane's disappearance, not a single trace of Flight MH370 has been found despite extensive search efforts. Investigators believe the wreckage lies somewhere on the bottom of the Indian Ocean, based on the analysis of satellite communications data. The first sign that something was wrong with flight MH370 came after plane failed to check in with Vietnamese Air Traffic Controllers after leaving Malaysian airspace. According to protocol, Ho Chi Minh ATC should have informed their Kuala Lumpur counterparts (KL ATCC) about this within five minutes. Instead they waited 20. When Ho Chi Minh finally did inform Kuala Lumpur, the confusion was evident, as seen in transcripts of the conversation released Sunday. KL ATCC asked three times at what point Ho Chi Minh lost contact, then went on to express concern at the delay, asking ""Why you didn't tell me first? Within five minutes you should be (sic) called me."" The confusion only got worse after Malaysia Airlines mistakenly told Kuala Lumpur Air Traffic Controllers they could see the flight somewhere over Cambodia. It took an hour and a half to clear this up, after Malaysia Airlines admitted to controllers they were only looking at the projected flight track. Malaysia Airlines CEO Ahmad Jauhari Yahya said the misinformation was a momentary lapse by a company employee. ""Our information was only to be as a guide. We are not an ATC per se. We don't have radar,"" he told CNN. The watch supervisor then waited another two hours to activate the rescue coordination center. Still another hour went by before before Kuala Lumpur issued the distress signal. No explanation for the delay is given in the interim report, which is composed of factual data and provides no conclusions or recommendations. After the air traffic controllers lost contact with MH370, the plane continued to fly within the range of multiple radar systems belonging to four different countries. Yet little seems to have been done with the data in the immediate hours after the plane disappeared. The interim report says that ""for unknown reasons"" Indonesia's Medan Radar did not see the flight. And Thailand ""did not pay much attention,"" since MH370's flight path did not fall within its borders. Malaysian military radar tracked the flight for an additional hour, including its turn back across the Malay Peninsula. Despite this information, search and rescue teams did not begin expanding the search area for a full day. Though the interim report makes no mention of it, a failure by the Malaysian military to alert others to the relevant radar data may be blame. A briefing document prepared by the International Civil Aviation Organization (ICAO) said military authorities failed to share the final radar fix of MH370 with their civilian counterparts for 20 hours. CNN approached Malaysia's Ministry of Defence for comment but is yet to receive a response . Another working document notes that MH370's turn back might have been discovered much earlier, if the military and non-military agencies had coordinated better. ""In essence, a week or more was lost in the initial search because of poor civil/military cooperation,"" reads the ICAO working document. The interim report released by Malaysian investigators on Sunday provides no information about when the military radar data was shared with other authorities. It's impossible to know if a speedier response from air traffic controllers, or more immediate access to radar data, would have changed the course of events for MH370. But it would have provided authorities with more time, either to track the flight or to search the ocean before the batteries died in the emergency locator beacons. Looking back at the series of miscommunication between air traffic controllers and the radar lapses also provides valuable lessons that could help future search and rescue operations. Though the MH370 investigation team did not draw lessons in the current report, it plans to provide safety recommendations in the months ahead. Journalist Chan Kok Leong contributed to this report.","Interim report exposes delays and inaction after MH370 disappeared .
Flight carrying 239 people and crew has not been found, one year later .
Took 10 hours for the first search flights to take off, according to report ."
"(CNN)They were known for their quiet professionalism and dedication. One recently received a high military honor for rendering aid to a wounded comrade in Afghanistan while under enemy fire. One had served a tour in Kosovo. The 11 service members who died in an Army Black Hawk helicopter crash Tuesday off the Florida Panhandle weren't only a loss to their country. They leave behind wives, fiancees, parents, children and friends. They will be missed. And remembered. Seven of those on the helicopter were Marines based at Camp Lejeune, North Carolina. Four served with the Louisiana National Guard. A 21-year member of the Guard, Griffin had served in Iraq in 2004-05 and 2008-09. He'd also been deployed during Hurricanes Katrina, Rita and Isaac, said Maj. Gen. Glenn Curtis, adjutant general of the  Louisiana National Guard. ""G. Wayne Griffin was born to be an Army aviator,"" said Chief Warrant Officer 5 Reggie Lane on the state Guard's website. ""He had a tremendous passion for flying."" Griffin, a resident of Delhi, is survived by his wife and four children. The Alexandria resident was known for his outsized personality. ""He was more like a force of nature,"" said Maj. Andre Jeansonne of the 135th Aviation Regiment. ""His huge heart touched the lives of all he met."" Strother had deployed to Iraq, Afghanistan and just last year to Kosovo. He also served during Hurricanes Katrina, Rita and Isaac. He commissioned as a warrant officer but went on to become an instructor pilot with more than 2,400 flight hours, including more than 700 combat hours. Strother leaves behind a wife, a son and a stepdaughter. Bergeron enlisted in the Marines in 1998 and joined the National Guard in 2001. He'd deployed to Iraq twice and served during state deployments for Hurricanes Katrina, Rita and Isaac. Sgt. 1st Class Brian Marquez called Bergeron one of the most qualified crew chiefs in the Guard, with more than 1,300 flight hours, including 377 combat hours. ""He was a subject matter expert in his job,"" Marquez said. The Thibodaux resident is survived by his wife and two children. Florich came from Fairfax County, Virginia, and enlisted in the Louisiana National Guard in 2007 as a Black Hawk repairer. He served during state deployments for Operation Deepwater Horizon and Hurricane Isaac, the Guard's website said. ""Tom was full of life, and his personality could light the room,"" Marquez said. ""He will be greatly missed by the unit and the flight facility."" Florich is survived by his wife, father and stepmother. He was posthumously promoted from sergeant to staff sergeant. Theresa D. Hipple was thrilled her stepdaughter, Erika, planned to marry Bawol this October. After all, the Warren, Michigan, Marine ""was an all-around wonderful guy -- the kind of guy you would want your daughter to marry,"" Hipple told The Macomb Daily in Michigan. High school chums told the newspaper they jokingly called Bawol ""The Patriot"" because he always seemed to do the proper thing. He was a stand-up guy you could depend on. Friends said Bawol enjoyed hunting trips and was in peak physical shape. Bawol had completed a tour in Afghanistan. ""The pain will linger,"" Hipple said. ""I don't know that you ever get over it."" Bawol joined the Marines while attending Olivet College to play baseball. The Orion Veterans Memorial in Lake Orion, Michigan, contains a brick with Blaylock's name and the words ""U.S. Marines."" For his wife and two daughters, the meaning of that brick this week took on new meaning, police Chief Jerry Nash told the Oakland Press. ""He gave everything he had to ensure that we're free and safe, and that's all that we can ever ask of our servicemen,"" Narsh said. Blaylock, a swimmer in high school, attended Henry Ford Community College before enlisting. He was deployed to Iraq in 2007 and 2008. He was deployed to Afghanistan from 2013 to 2014. Flynn hailed from Reading, England, and moved to Queens, New York, in 2002. He enlisted four years later and was sent to Iraq the next year. A stint in Afghanistan followed, from January to September 2012. He saw service there again from November 2013 to June 2014. Kemp, a native of Memphis, Tennessee, moved as a child to Port Washington, Wisconsin. He was proud to be a Marine, husband and a dad. His daughter turns 1 later this month. The sergeant was a pretty private guy and didn't talk a lot about his service, his sister-in-law told CNN affiliate WISN-TV in Wisconsin. But he knew how to have fun. When he wasn't golfing or at the ocean on his time off, Kemp horsed around with his nephews, WISN reported. ""He would wrestle with them. He really got into that, the wrestling and playing. He'd carry them around on his back,"" said sister-in-law Lora Waraksa. Kemp saw service in Iraq as a machine gunner and went to Afghanistan from November 2013 to June 2014. Just last week, the Fairbanks, Alaska, native received the Silver Star for conspicuous gallantry while rendering aid to a wounded buddy in Afghanistan. Seif and his small team moved in on a compound on July 24, 2012, while searching for an expert on improvised explosive devices. A sergeant was wounded by gunfire. Seif, without waiting for reinforcements, ""dynamically and courageously"" secured the compound, took out the enemy insurgent and tried to help his comrade, all while under enemy fire. The wounded sergeant did not survive. ""Marines never leave anybody behind,"" Marine Maj. Gen. Joseph L. Osterman said at the ceremony at Camp Lejeune. Seif's wife was with him during the medal presentation. Seif was named the USO's Marine of the Year in 2013. The organization cited his heroism in Afghanistan and his commander's description of the Marine's ""tenacity, vigor and common sense that he applies to every task or endeavor he undertakes."" His family moved to Holland, Michigan, when he was a teen. He deployed to Iraq in 2008 and was sent to Afghanistan a couple years later. Saunders lived in Williamsburg, Virginia, a city important in the early history of the Colonies and the move toward independence from Britain. He was born in Bonn, Germany, and graduated from high school in Virginia. His deployments included Kosovo, Iraq and Afghanistan. The Marine Corps Association and Foundation named Saunders the ""critical skills operator of the year"" in 2014. The Marine leaves behind his wife and son. A native of Basking Ridge, New Jersey, Shaw was captain of the varsity lacrosse team and high school student government president at Ridge High School. He graduated from the U.S. Naval Academy and became a Marine officer. Shaw was deployed to Anbar province in Iraq in 2007 and returned there in 2009. He also saw service in Japan. CNN's Barbara Starr, Justin Lear and Ray Sanchez contributed to this report.","Eleven service members died in helicopter crash last week off Florida Panhandle .
Seven were Marines; four served with Louisiana National Guard ."
"The captain of the Germanwings plane which crashed into the Alps tried to break down the cockpit door with an crowbar after his co-pilot locked him out, it emerged on Friday. Co-pilot Andreas Lubitz is believed to have deliberately flown the Airbus A320 into the side of a  mountain after locking the captain out of the cockpit,  killing himself and all 149 others on board. The flight recorder showed that Patrick Sonderheimer repeatedly knocked on the door of the cockpit as the plane began to descend. But he resorted to using a crowbar to try and get through the armoured panel as the plane plunged fatally towards the Alps. Scroll down for video . French prosecutor Brice Robin sensationally reveals that the co-pilot of the doomed Germanwings Airbus A320 locked his captain out of the cockpit before deliberately crashing into a mountain to 'destroy the plane' Audio taken from the black box voice recorder (pictured) salvaged from the obliterated wreckage of the Airbus A320 reveals that co-pilot - 28-year-old German Andreas Lubitz - locked the captain out of the cockpit . First picture: Germanwings co-pilot - 28-year-old German Andreas Günter Lubitz (above) - deliberately crashed into a mountain to 'destroy the plane', it has been revealed . Rescue workers sift through the wreckage of Germanwings Airbus A320 which was deliberately flown into the French Alps . German newspaper Bild yesterday reported that he had attempted to use an axe, and a Germanwings spokesman confirmed that such a tool was on board the aircraft. But it emerged last night that the only axe on the plane would have been in the cockpit, meaning it was out of reach of the captain. The latest revelation came after the final moments of the flight, were described in horrific detail by Marseille prosecutor Brice Robin. Data extracted from the black box recorder shows that co-pilot - 28-year-old German Andreas Lubitz - locked the captain out of the cockpit and intentionally destroyed Airbus A320 on Tuesday. Mr Brice said: 'The intention was to destroy the plane. Death was instant. The plane hit the mountain at 700kmh (430mph). 'I don't think that the passengers realised what was happening until the last moments because on the recording you only hear the screams in the final seconds'. Mr Brice said that earlier in the flight Lubitz's responses, initially courteous, became 'curt' when the captain began the mid-flight briefing on the planned landing of the plane. The captain - named by local media as German father-of-two Patrick Sonderheimer - then left the cockpit but found himself locked out when he tried to re-enter. Mr Robin said: 'We hear the pilot asking the co-pilot to take over and we hear the sound of a chair being pushed back and a door closing so we assume that the captain went to the toilet or something. 'So the co-pilot is on his own, and it is while he's on his own that the co-pilot is in charge of the plane and uses the flight management system to start the descent of the plane. 'At this altitude, this can only be done voluntarily. We hear several shouts from the captain asking to get in, speaking through the intercom system, but there's no answer from the cockpit.' The pilot is heard asking the co-pilot to take over and it is assumed the captain left the cockpit (pictured) and 'went to the toilet or something' Obliterated: Search and rescue teams sift through the wreckage of the Germanwings plane on Wednesday . Debris from the jet, operated by Lufthansa's Germanwings budget airline, was found near Barcelonnette . Mr Robin said Lubitz 'voluntarily' refused to open the door and his breathing was normal throughout the final minutes of the flight. 8.55am - The Airbus A320 takes off from Barcelona, Spain, and is expected to land in Dusseldorf, Germany, approximately 90 minutes later. It is carrying 150 people: 144 passengers and six crew members. A transcript recovered from the black box of the plane's final 30 minutes reveals that for the first 20 minutes the two pilots talk in a 'normal fashion', according to Mr Robin. Preparation for the plane's arrival can then be heard in the cockpit. It is at this point the pilot asks Mr Lubitz to take over, a chair is pushed back and the door closes. Co-pilot Mr Lubitz uses the flight monitoring system to start the plane's descent, an action which can 'only be done voluntarily'. Through the on-board intercom system, the pilot is heard trying to regain entry to the cockpit, but there is no answer from Mr Lubitz. The pilot then knocks on the door, again getting no reply. 9.30am - Air traffic controllers get no response from the plane after they attempt to make contact. It is at this time that the plane reaches a height of 38,000ft, according to flightradar24. 9.30am- 9.40am - The plane drops from 32,000ft to 6,175ft, where flightradar24 logs its final position on radar. All that can be heard from the cockpit from this moment until the plane crashes is the co-pilot breathing, apparently normally. During this descent, the pilot can be heard trying to break the cabin door down and alarms go off - indicating the plane's close proximity to the ground. A first crash is audible, but the final impact happens several moments later. During this time, no distress signals are sent out. Passengers are only heard screaming during the final few moments of the recording, implying they were initially unaware anything was wrong until just before the plane crashed. He said: 'His breath was not of somebody who was struggling. He never said a single word. It was total silence in the cockpit for the ten past minutes. Nothing.' Air Traffic Control at Marseille asked for a distress signal, but there was still no response, said Mr Robin. He added: 'So the plane becomes a priority for a forced landing. 'Control asks other planes to contact this Airbus and no answer is forthcoming. 'There are alarm systems which indicate to all those on board the proximity of the ground. Then we hear noises of someone trying to break into the door. 'The door is reinforced according to international standards.' Mr Robin went on: 'Just before final impact we hear the sound of a first impact. It's believed that the plane may have hit something before the final impact. 'There is no distress signal or Mayday signal. No answer was received despite numerous calls from the tower.' Lubitz had just 600 hours of flying experience after joining Germanwings in 2013 straight from training. He was, however, highly regarded, having won an award from the Federal Aviation Administration in 2013 for his outstanding flying skills. The investigation is now a full-blown criminal enquiry. The plane was carrying six crew and 144 passengers, including 16 German teenagers returning home from a school trip, who had reportedly won the trip in a lottery of their classmates. It was the deadliest air crash on the French mainland since 1974 when a Turkish Airlines plane crashed, killing 346 people. Lufthansa said the aircraft was carrying citizens of 18 countries. Three Americans and three Britons were confirmed among the victims. Argentina, Australia, Belgium, Colombia, Denmark, France, Holland, Israel, Japan, Mexico and Morocco also had nationals on board, according to officials. The plane was carrying six crew and 144 passengers, including 16 German teenagers returning home from a school trip, who had reportedly won the trip in a lottery of their classmates . Charred wreckage at the scene of the crash, where one worker described seeing children's belongings . Horror: One official said the biggest body parts identified at the scene are no bigger than a briefcase . 'We hear the pilot asking the co-pilot to take over and we hear the sound of a chair being pushed back and a door closing so we assume that the captain went to the toilet or something. 'So the co-pilot is on his own, and it is while he's on his own that the co-pilot is in charge of the plane and uses the flight management system to start the descent of the plane. 'At this altitude, this can only be done voluntarily. We hear several shouts from the captain asking to get in, speaking through the intercom system, but there's no answer from the cockpit. 'His (Lubitz's) breath was not of somebody who was struggling. He never said a single word. It was total silence in the cockpit for the ten past minutes. Nothing. 'There are alarm systems which indicate to all those on board the proximity of the ground. Then we hear noises of someone trying to break into the door. 'The door is reinforced according to international standards. 'Just before final impact we hear the sound of a first impact. It's believed that the plane may have hit something before the final impact. 'There is no distress signal or Mayday signal. No answer was received despite numerous calls from the tower. 'I don't think that the passengers realised what was happening until the last moments because on the recording you only hear the screams in the final seconds. 'The intention was to destroy the plane. Death was instant. The plane hit the mountain at 700kmh (430mph). 'He did this for a reason which we don't know why, but we can only deduct that he destroyed this plane. 'We have asked for information from the German investigation on both his profession and personal background. 'There is no reason to suspect a terrorist attack. 'People who commit suicide usually do so alone... I don't call it a suicide.'","Black box voice recorder reveals chilling final moments of Airbus A320 .
Passengers are heard screaming just moments before the plane crashes .
Black box recorded co-pilot breathing calmly as he smashed jet into Alps .
Prosecutor: 'The intention was to destroy the plane. Death was instant'
Co-pilot was named today as 28-year-old German Andreas Günter Lubitz ."
"This United Airlines regional jet was forced to make an emergency landing without a nose gear at an airport in Chicago, Illinois, Saturday afternoon after experiencing a mechanical problem, officials said. The GoJet plane, operated by the major US airline, was traveling from Grand Rapids, Michigan, to Chicago when the pilot informed passengers there was an issue with the aircraft's front landing gear. A few minutes later, the pilot announced that the plane would be performing an emergency landing at O'Hare International Airport. Incredibly, flight 3645 touched down safely with no nose gear at 3.24pm. It was the second United Airlines plane to suffer a serious malfunction Saturday after another plane had to turn back to Denver International Airport when one of its tire blew on takeoff earlier in the day. Scroll down for video . Emergency: This United Airlines regional jet was forced to make an emergency landing without a nose gear at an airport in Chicago, Illinois, Saturday afternoon after experiencing a mechanical problem, officials said . Firefighters at the scene: The GoJet plane (pictured after landing) was flying from Grand Rapids, Michigan, to Chicago when the pilot informed passengers that there was an issue with the aircraft's front landing gear . Some social media users expressed concern over the successive incidents. One Twitter user, with the handle @j_muta, wrote Saturday: 'United Airlines had two aircraft with wheel malfunctions today.' The GoJet flight was pictured sitting on a runway, with its nose touching the ground and surrounded by emergency crews, following its successful landing in Chicago. No-one was injured on the aircraft. Passengers were subsequently taken off the plane and transported to a terminal, WGN-TV reported. A Department of Aviation spokesman told Fox 17 the plane had experienced 'mechanical problems'. Shortly before the landing, the pilot had reported the aircraft's gear indicator light was on as it flew toward the airport with its nose gear still in its up position, Federal Aviation Administration officials said. Safely grounded: Fligt 3645 (pictured) is the second United Airlines plane to have suffered a malfunction Saturday after another plane had to turn back to Denver International Airport when one of its tire blew . Concern: Some social media users expressed concern over the successive incidents. One Twitter user, with the handle @j_muta, wrote Saturday: 'United Airlines had two aircraft with wheel malfunctions today' Airline: GoJet is operated by United Airlines (file picture), a major US airline that is headquartered in Chicago . The pilot had first alerted passengers to the mechanical problem around 20 minutes after it departed from Gerald R Ford International Airport, Jim Petzing, who was a passenger on the flight, told WZZM. In the earlier United Airlines incident, the plane from Denver to Kansas City was forced to circle Denver International Airport in order to burn off fuel after its tire blew, according to officials. A terrifying video taken by passenger Danny Dodge shows fliers leaning forward against the aircraft's seats while a warning told them to 'Brace, brace, heads down, stay down!' as the plane landed. Passengers began clapping wildly when the aircraft, a Bombardier Q 400, came to a stop at around 11am. Mr Dodge's footage also showed a tire shredding as the plane touched the ground. Terrifying: In the earlier incident, the United Airlines plane from Denver to Kansas City was forced to circle Denver International Airport in order to burn off fuel after its tire blew (pictured), according to officials . Brace! A video taken by passenger Danny Dodge shows passengers leaning forward against the aircraft's seats (pictured) while a warning told them to 'Brace, brace, heads down, stay down!' as the plane landed . The plane was kept on the runway until passengers could board buses, Laura Coale, Media Relations Director for Denver International Airport, told ABC7 late Saturday morning. One runway was closed at the airport while the plane with the blown tire was towed. Five others remained open. Nor crew members nor passengers were injured in the emergency landing. The interrupted flight had been scheduled to land in Kansas City four hours late, at 4:53 p.m. A United Airlines spokesman was not immediately available for comment. Video from passenger Donny Dodge captured the moment the blown tire hit the ground and was torn further . Mr Dodge (pictured) uploaded a series of short videos to his Facebook page documenting the scary incident .","GoJet flight, operated by United Airlines, took off from Grand Rapids, MI .
Shortly after, pilot realized there was problem with the front landing gear .
Aircraft made emergency landing with no nose gear at a Chicago airport .
Firefighters and officials met plane on tarmac; no injuries were reported .
Second United Airlines plane to have suffered malfunction on Saturday .
Earlier in day, another plane  forced to land after a tire blew on takeoff ."
"Only the quick thinking of a pilot averted a similar tragedy last year when a sister plane of the Germanwings jet suddenly lost altitude and nose-dived. A Lufthansa A321 – a longer version of the A320 – unexpectedly descended 3,000ft while cruising over Pamplona, Spain, last November. The jet, with 109 passengers and crew aboard, was at an altitude of 31,000ft when it started to lose height. The flight crew managed to regain control at 28,000ft. Scroll down for video . The Germanwings Airbus involved in today's crash (pictured) would have received a safety warning after a sister plane suddenly lost altitude last year. In that incident, the problem was corrected by the pilot . According to the European Air Safety Agency, a safety system designed to protect the jet reacted to incorrect data due to a faulty sensor. The safety warning related to all Airbus A318, A319, A320 and A321 – including the Airbus A320 involved in today’s disaster. In response, Airbus created a ‘temporary revision’ to all of the aircraft's flight manuals. The EASA determined that the Lufthansa aircraft's Angle of Attack probes got blocked while flying between Bilbao and Munich. The EASA warned that in such a situation 'the flight control laws order a continuous nose down pitch rate that, in a worst case scenario, cannot be stopped with backward sidestick inputs, even in the full backward position.' The agency added: 'This condition, if not corrected, could result in loss of control of the aeroplane.' A similar Airbus plane to that involved in today's crash was put down in the Hudson River, New York in 2009 . In that incident, the pilot managed to crash land in the river and the passengers were saved after a bird strike . The A321 involved in the previous incident is a slightly longer version of the plane involved in today's crash, carrying an extra 40 passengers. Germanwings today confirmed that today's downed aircraft underwent a major inspection at Lufthansa in summer 2013 while it was last checked yesterday. The plane that crashed was called 'Mannheim' and made its first test flight in November 1990. It was then purchased by Lufthansa and had its first commercial flight in February 1991. Experts said the aircraft would have been nearing the end of its commercial life after more than 24 years of service. Since the first version of the Airbus A320 was released in 1987, around 4,000 have been built and the company say one takes off or lands somewhere in the world every 2.5 seconds. The A320 plane is a workhorse of modern aviation. Worldwide, 3,606 A320s are in operation, according to Airbus. The A320 family has a good safety record, with just 0.14 fatal accidents per million take-offs, according to a Boeing safety analysis. The safest part of a flight is when the plane is at cruise elevation. Just 10 per cent of fatal accidents occur at that point. In contrast, take-off and the initial climb accounts for 14 per cent of crashes, while final approach and landing accounts for 47 per cent. The A320 is certified to fly up to 39,000ft, its maximum altitude before its rate of climb begins to erode. However, the widely-used A320 family of aircraft have been involved in a number of crashes in the three decades they have been used, resulting in scores of deaths. In December an Airbus A320 crashed into the Java Sea killing all 162 people on board in an as-yet unexplained incident. The plane operated by AirAsia – owned by QPR chairman Tony Fernandes – vanished from radar screens in bad weather with initial reports suggesting it climbed so fast into a storm that it lost lift and plunged into the sea. One the first accident to involve one of the planes happened in the north east of France, not far from the current crash site, when an Air Inter flight came down in the Vosges mountains in 1992. The Airbus A320-111 was on its approach to Strasbourg airport when it hit La Bloss Mountain, killing 87 of the 96 people on board. Safe: Aviation experts tweeted this graphic showing just how many Airbus A320s are in the air at any time . The best-known recent incident involving the plane was when a domestic flight in the US had to put down in the Hudson River in New York. The US Airways flight from the city's LaGuardia Airport heading for Charlotte, North Carolina when it is believed to have flown into a flock of geese. The Airbus A320 like that involved in today's accident iS a short-haul, narrow-body airliner assembled in France, Germany and China. Around 4,000 of the single-aisle aircraft have been built and Airbus says the plane 'sets industry standards for comfort and operating economy on short- to medium-haul routes'. It typical seats around 150 passengers depending on the layout of the plane and has a cruising speed of 511mph and a range of up to 7,500 miles. It was ranked as the world's fastest selling aircraft bewteen 2005 and 2007 when it became popular with low-cost airlines. Captain Chesley Sullenberger was widely praised for landing the plane on the river, meaning none of the 155 people on board were seriously injured. One of the deadliest accidents involving one of the planes was in May 2006, when Armavia flight 967 crashed into the sea near Sochi, Russia. All 113 passengers and crew on the A320-211 died after it flew into terrible weather while approaching the southern Russian city after taking off from Yerevan, Armenia. Six years earlier, 143 people, including two Britons, lost their lives when a Gulf Air Airbus A320-212 went down in the Gulf of Bahrain after a three-long flight from Cairo. A number of factors were blamed for the night-time crash, including pilot error and poor training of staff. An Airbus A320 was  involved in a crash near Sochi, Russia in 2006 which killed 113 passengers and crew .","Sister plane of that involved in today's crash lost altitude late last year .
Air safety agency sent out directive warning operators to be aware .
Pilot in that incident  pulled the plane out of the dive averting problems .
Airbus A320s  involved in number of accidents since introduced in 1980s .
Plane is considered extremely safe and is widely used around world ."
"A niece of one of the victims of the Germanwings crash is haunted by the 'atrocious' thought that her uncle spent the last eight minutes of his life knowing he was going to die. Sandrine Driessens, niece of 59-year-old Belgian father and grandfather Christian Driessens, said that the thought was 'very hard'. 'My uncle certainly knew that he was living his last moments and it's very hard to hear that the descent of the aircraft lasted eight minute,' she told La Provence newspaper. Scroll down for video . Loving: Christian Driessens, 59, pictured second from right, was a keen traveller. He was killed when the Germanwings A320 crashed in the Alps on Tuesday . Happy: Although Christian Driessens' niece said she was haunted by the idea that he knew he was going to die for eight minutes while the plane was descending, an aviation expert has said that it is more likely that the passengers and crew were calm and did not realise that they were in mortal danger . 'For eight long minutes, he was dying. This is atrocious! I dare not imagine the horror of parents who tried to protect their babies in this airplane.' But a veteran A320 pilot has said that the passengers would have been unlikely to know that they were going to die. If anything, he said, the plane would have been filled with 'eerie silence'. 'It is likely that there was a problem with the pilots, as they put the plane into descent but failed to control it,' said Tony Newton, who is also an examiner for Britain's Civil Aviation Authority. 'The aircraft descended at fairly normal rate, in a fairly normal way. It was steep, but I have used steeper descents on a regular basis. It was well within the everyday operation and not in any way terrifying.' It is likely the oxygen masks were released, he said, and if passengers did not put them on quickly enough they may have lost consciousness. There also may have been 'unpleasant noises and wind effects', which may have caused some alarm. But the plane was not 'tumbling out of the sky in a screaming dive'. 'The crew was probably sitting there waiting for the pilot to complete the descent,' he said. 'There was probably no indication to passengers of what the end was going to be. 'There may have been some panic when they saw the mountains coming up through the windows, but it would have been brief. 'Either way, in my experience, passengers tend to stay absolutely silent during an emergency. 'It's not a Hollywood panic, it's an eerie silence.' Mr Driessens, born in Kinshasha, had returned to Belgium in 1960 and lived in Couvin and Mons. After meeting his Catalan born wife, Monserat Domingo, the couple settled down in Palleja, 25 km from Barcelona. They had three sons aged 17 to 31, and three grandchildren. 'He was a wonderful man who loved his family above all,' said Ms Driessens. 'For more than 30 years he travelled almost weekly in his job. But in this family we're birds. Drissens are globe-trotters who love to travel.'","Sandrine Driessens, niece of 59-year-old Belgian father and grandfather Christian, said the thought is 'very hard'
'For eight long minutes, he was dying. This is atrocious,' she said .
But a British aviation expert said it is unlikely passengers knew they were going to die .
Instead, he said, the plane would have been filled with 'eerie silence'"
"It was hugs all round and a few curtsies too when the Netherlands' King Willem-Alexander and Queen Maxima arrived in Denmark this morning. Waiting at Copenhagen's Kastrup Airport was the Scandinavian country's 74-year-old monarch, Queen Margrethe, her husband Prince Henrik, 80 and their son Crown Prince Frederik, 46. But Maxima, glamorous in a grey coat by Dutch designer Claes Iversen, had serious competition in the style stakes from Australian-born Crown Princess Mary, 43, who was elegant in a nude coat and purple pillbox hat. Scroll down for video . Sweeping a curtsey: Crown Princess Mary of Denmark curtsies to Queen Maxima at Kastrup Airport . Royal welcome: A beaming King Willem-Alexander steps off the plane to be greeted by Queen Margrethe . Like the 43-year-old Dutch Queen, mother-of-four Mary chose Louboutins for the occasion and even managed to sweep a low curtsey, despite the teetering height of the heels. Also on hand to welcome the Dutch royals at Kastrup Airport's private royal terminal were other members of the Danish Royal Family, among them Frederik's younger brother Joachim. 45-year-old Joachim's French wife Princess Marie was also there and wore an ensemble that echoed her sister-in-law's. Queen Margrethe, who along with Queen Elizabeth II, is one of the world's only Queens Regnant, then led the way out of the airport, escorted by King Willem-Alexander. The Dutch royals are at the start of a three-day state visit to Denmark, aimed at strengthening links between the two countries. Unsurprisingly, the programme is a busy one, with Maxima and Willem-Alexander set to criss-cross the country over the next couple of days. Hand-in-hand: Crown Prince Frederik and Crown Princess Mary were at Kastrup to greet the Dutch royals . Poised: The Crown Prince couple appeared ready for action as the Dutch plane touched down . Welcome: The Danish royals gather on the red carpet to welcome their Dutch counterparts . Red carpet treatment: Mary curtsies to King Willem-Alexander while Prince Joachim (right) waits in line . Today includes a lunch with Danish Prime Minister Helle Thorning-Schmidt, a glamorous blonde who is married to Stephen Kinnock, son of British politician Neil. Afterwards, the royal couple will travel north to Aalborg in North Jutland where they will attend a conference at the city's university before flying back to Copenhagen for a reception at the Christiansborg Palace. Tomorrow will see them visit the carbon-neutral Samsø island, accompanied by Crown Prince Frederik and his wife Mary, to visit a special type of Danish boarding school called an efterskole. Most Danish teenagers spend at least a year at the state boarding schools, where they are encouraged to focus on specific interests such as music. The efterskole on Samsø focuses on aquatic sports, diving, aviation and golf, with pupils due to give the royal party, among them sport-mad Frederik, a tour of the school. Warm embrace: Mary shares a hug with the Netherlands' popular Queen Maxima . State visit: Maxima and Willem-Alexander are at the start of the three-day state visit to Denmark . On their way: Queen Margrethe prepares to show King Willem-Alexander his Danish honour guard . Inspecting the troops: The Dutch royals inspected their Danish honour guard before leaving the airport . Frederik and Mary have suffered a bumpy few months, thanks to a film about the Crown Prince's playboy past that is set to be screened later this year. A second programme, this time being made for Australia's Channel Ten, could also cause some discomfort, thanks to claims that Mary had had second thoughts in the run-up to her 2004 wedding. By contrast, Queen Maxima and King Willem-Alexander have enjoyed a smooth ride of late, with Maxima in particular becoming increasingly popular. One of the most glamorous royals in Europe, the Argentina-born mother-of-three has proved a hit with her Dutch subjects, thanks in no small part to her charity work. She will have plenty of opportunity to do more of that during this week's state visit, with a trip to Bispebjerg Hospital also on their itinerary. Arrival: The Dutch royal couple were whisked off to Fredensborg Palace for a private meeting . All smiles: 43-year-old Queen Maxima appeared to be on cheerful form as the visit began . Joking around: King Willem-Alexander traded quips with the Danish royals on the steps of Fredensborg . Official visit: The Dutch and Danish royal couples pose for an official photo . Meeting: The Dutch royals also enjoyed a meeting with Denmark's Prime Minister, Helle Thorning-Schmidt . Glamorous: Ms Thorning-Schmidt, who is married to Stephen Kinnock, enjoys a chat with the Dutch royals .","Dutch King Willem-Alexander and Queen Maxima are in Denmark .
Were greeted by Danish Royal Family, including Queen Margrethe .
With Elizabeth II, Margrethe is one of only two reigning queens .
Other Danish royals, including Crown Princess Mary, were also there ."
"(CNN)Germanwings co-pilot Andreas Lubitz was hiding an illness from his employers and had been declared ""unfit to work"" by a doctor, according to German authorities investigating what could have prompted the seemingly competent and stable pilot to steer his jetliner into a French mountain. Investigators found a letter in the waste bin of his Dusseldorf, Germany, apartment saying that Lubitz, 27, wasn't fit to do his job, city prosecutor Christoph Kumpa said Friday. The note, Kumpa said, had been ""slashed."" Just what was ailing Lubitz hasn't been revealed. The New York Times and the Wall Street Journal, citing unnamed sources, reported Friday that Lubitz suffered from mental illness and kept his diagnosis concealed from his employer. A Dusseldorf clinic said he'd gone there twice, most recently 17 days ago, ""concerning a diagnosis."" But the University Clinic said it had not treated Lubitz for depression. German investigators said they still have interviews and other work to do before they'll be able to reveal just what they found in the records in Lubitz's apartment in a quiet, suburban neighborhood. They found no goodbye note or confession, authorities said. But the fact that investigators found ""ripped, recent medical leave notes, including for the day of the offense, leads to the preliminary conclusion that the deceased kept his illness secret from his employer and his professional environment,"" prosecutors said. Authorities left Lubitz's apartment  Friday night with boxes of papers and evidence folders after spending about 90 minutes inside. According to authorities in Germany and France, Lubitz was a co-pilot on Germanwings Flight 9525 between Barcelona, Spain, and Dusseldorf on Tuesday when he apparently locked the captain out of the cockpit, then activated a control causing the plane to descend toward rugged terrain. Germanwings said the plane dropped for about eight minutes from its cruising altitude of 38,000 feet before crashing. The only sounds, authorities said, were those of pounding on the cockpit door, Lubitz's steady breathing and, eventually, screaming passengers. An 8-minute descent to death . Lubitz and 149 other people on board the plane died in an instant, authorities say. Mother, daughter among 3 American victims . What could have prompted Lubitz to deliberately destroy the aircraft, killing everyone on board, remained the focus of investigators in Germany. Officials said Lubitz was not known to be on any terrorism list, and his religion was not immediately known. He had passed medical and psychological testing when he was hired in 2013, said Carsten Spohr, CEO of Lufthansa, which owns Germanwings. While the ailment Lubitz had sought treatment for hasn't been revealed, that he was declared unfit for work is an important detail, aviation analysts say. Pilots are required to maintain their fitness to fly and must tell their airline if they're found unfit, CNN aviation analyst David Soucie said. Reuters reported that a German newspaper said Lubitz had been treated for depression about six years ago. Citing internal documents forwarded by Lufthansa to German authorities, Bild reported that Lubitz had suffered a ""serious depressive episode"" around the time he took a break from his pilot training in 2009, Reuters reported. The Bild report said he then spent about 18 months getting psychiatric treatment.  Lufthansa officials and German prosecutors declined to comment on the Bild story, Reuters said. Who was co-pilot Andreas Lubitz? Although authorities have recovered the cockpit voice recorder, the flight data recorder remains missing. It could shed crucial details about what happened inside the cockpit, authorities say. Rescuers have found bodies at the rugged crash site, but few of them are intact, Yves Naffrechoux, captain of rescue operations at Seyne-les-Alpes, told CNN. Dangerous and windy condition at the remote site, which covers more than a square mile, are hampering efforts to recover bodies and evidence, he said. Officials with experience traversing the French Alps are helping technicians who don't have alpine skills, he said. ""Since they don't know the mountains, you need to provide them with equipment, you need to hold them with rope, give them crampons so they can work well and as precisely as possible, so that no evidence, no body part could escape their vigilance,"" Naffrechoux said. Workers are now looking into the possibility of building a road to the site, Naffrechoux said. Recovery teams have made good progress, a French senior paramilitary police official told CNN. Gendarmerie Lt. Col. Jean-Paul Bloy, who is coordinating the helicopter operations for the crash site, said there will be two aircraft deployed over the scene Saturday. There were five on Friday, Bloy said. As that difficult work continued, relatives and friends of the victims traveled on Lufthansa flights to an area near the site where their loved ones perished. They held prayers in Le Vernet, near Seyne-les-Alpes, a village serving as a staging post for the recovery operation. Flowers and pictures sat on the ground, candles flickering in the cold air. Germanwings said it was setting up a family assistance center in Marseille, France, with family briefings to start Saturday. Another flight carrying victims' relatives was due to arrive in Marseille from Barcelona on Friday. ""Our focus in these darkest hours is to provide psychological assistance to the families and friends of the victims,"" said Thomas Winkelmann, a spokesman for the Germanwings executive board. It could be weeks before all the bodies are recovered, identified and released to the families, authorities said. Meanwhile, the European Aviation Safety Agency issued a temporary recommendation that cockpits always be staffed by at least two crew members. ""While we are still mourning the victims, all our efforts focus on improving the safety and security of passengers and crews,"" the agency's director, Patrick Ky, said in a statement. Lufthansa and other German airlines have already adopted the rule, the airline said. An official with the German Aviation Association told CNN that it was only a matter of hours, or a day at most, for this rule to be implemented across all big German airlines. A pilot aboard a Germanwings flight Friday morning spoke out at the beginning of the trip to ""reassure passengers that there will be two people present in the cockpit at all times."" Lufthansa will now keep two crew members in cockpits . CNN's Catherine E. Shoichet, Greg Botelho, Claudia Rebaza, Frederik Pleitgen, Nic Robertson, Margot Haddad, Stephanie Halasz, Khushbu Shah, Bharati Naik, Ingrid Formanek, Sandrine Amiel, Rosie Tomkins, Will Ripley and Anna Maja Rappard contributed to this report.","Reuters reports German newspaper says Lubitz took break in 2009 due to depression .
Ripped medical-leave notes found at his home indicate co-pilot hid an illness, officials say .
Investigators found no goodbye letter or evidence of political or religious motivation ."
"Scotland's long-term plan to abolish the airport passenger duty (APD) tax completely could significantly harm England's already suffering smaller airports, revealed a report from MPs. A report from the House of Commons Transport Committee said the success of the UK's smaller airports are being held back by the existence of the APD, one of the world's heftiest departure taxes. The MPs said that Northern Ireland was suffering in terms of jobs, growth and connectivity as aviation taxes were higher than in the Republic of Ireland. And when APD is charged at both ends of a trip the tax 'incentivises airlines and passengers to fly from airports located in other EU member states', said the MP's report. The Scottish Government's plans to abolish the airport passenger duty could harm England's airports . The Scottish Government wants to reduce APD by 50 per cent in the next term of the Scottish Parliament and eventually get rid of it altogether in a bid to win the country's airports a 'competitive advantage'. However, there is no such commitment to axing APD in the rest of the UK, despite a decision by the Chancellor to abolish APD payments on children's tickets back in December. A spokesman for the campaign A Fair Tax on Flying, Stephen D'Alfonso, welcomed the report and called on the rest of the UK to follow Scotland's lead. 'We welcome the Transport Committee's report highlighting the detrimental effect that APD has on smaller airports, and the Committee's recognition that a lower level of APD in Scotland will have a negative effect on the rest of the UK,' Mr D'Alfonso said. 'With UK passengers currently paying one of the highest rates of tax on flying anywhere in the world, it is not surprising that the Scottish Government is committed to cutting this damaging tax. However, a cut in APD in Scotland needs to be matched by a cut in APD across the rest of the UK, so that no part of the country is disadvantaged in any way.' A report from the House of Commons Transport Committee said the success of the UK's smaller airports are being held back by the departure tax, which is one of the largest in the world . The report warned that if APD is scrapped in Scotland - the wheels are already in motion with the tax being devolved to Holyrood - 'airports in England would be subject to a similar competitive disadvantage to that currently experienced in Northern Ireland'. £26 per ticket to Europe . £69 per ticket to US, Canada, North and West Africa . £97 per ticket to Australia, Singapore and Indonesia . The abolition of the tax at Holyrood would bring £1billion into the economy by 2020 along with almost 4,000 jobs, according to a report commissioned by Edinburgh Airport. Plans to exempt children from APD, announced in the autumn statement of 2014, was 'a marginal change which did nothing for business travellers and little for smaller airports', the report added. The committee said: 'We found that APD is the principal threat to the smaller airports sector. 'APD cannot be amended to support people, businesses and regional economies because of the operation of European competition law, while proposals to devolve it to the regions would serve only to spread a patchwork of market distortions across the UK.' The report covered around 40 smaller airports ranging in size from Newcastle, which handled 4.4 million passengers in 2013, to Lydd in Kent which handled 1,000 . Launching the report today the committee's chairwoman Louise Ellman said: 'Smaller airports drive economic growth. But the smaller airports sector - which is vital to people and businesses in the regions - is limited by APD. Transport ministers must stand up for smaller airports and make the case to the Treasury that APD squeezes jobs, growth and connectivity.' She added: 'The whole country should share the economic benefits of expanded airport capacity. But that will only happen if new capacity includes new domestic flights to airports outside London. 'The Department for Transport needs to take a proactive approach and ensure that the regions are connected.' Scotland's Transport Minister Derek Mackay told BBC Radio Scotland's Good Morning Scotland programme found validation in the report and said they would do what was best for their airports. 'It does somewhat validate what we've been saying - that reducing air passenger duty would create economic growth in terms of more routes and sustain the lines that we have at the moment,' he said. 'That's why airports and the airlines have called within Scotland for the power to be transferred to us so that we can be more adept. Scotland's Transport Minister Derek Mackay said didn't mind that 'other parts of the UK may well be nervous but if we have the power then we'll use it to put Scotland at a competitive advantage' 'Some other parts of the UK may well be nervous but if we have the power then we'll use it to put Scotland at a competitive advantage.' The report covered around 40 smaller airports ranging in size from Newcastle, which handled 4.4 million passengers in 2013, to Lydd in Kent which handled 1,000. Airport Operators Association chief executive Darren Caplan said: 'The past few years have been tough for many of our smaller members. 'Reducing APD is the single biggest thing that could enable airports to attract new routes and increase their passenger numbers. APD is the highest aviation tax in the world and is increasingly putting the UK at a disadvantage.' A Department for Transport spokesman said: 'Regional airports make a vital contribution to the UK economy by boosting local jobs and providing important domestic and international connectivity. We want to help these airports thrive as part of our long- term economic plan, which is why we launched the Regional Air Connectivity Fund to support more new air routes. 'We are now assessing bids from airports and airlines for this funding and will soon announce a short list of routes, with a final announcement over the summer. 'We welcome the publication of the committee's report on smaller airports and we will study their conclusions carefully before responding in due course.'","Airport Passenger Duty departure tax is one of the world's biggest .
House of Commons Transport Committee released report on APD .
MPs said smaller airports are the biggest loser due to the tax .
Scotland plans to abolish the tax long-term, which will harm England's airports, the report revealed .
Fair Tax on Flying lobby group want the rest of the UK to follow Scotland ."
"(CNN)Latest developments: . • One of the pilots on board Germanwings Flight 9525 was locked out of the cockpit when the plane crashed, a senior military official told The New York Times Wednesday, citing evidence from the cockpit voice recorder. • Lufthansa, the parent company of Germanwings, said ""we have no information from the bodies investigating the incident that would corroborate the report in The New York Times. We will not participate in speculation, but we will follow up on the matter."" • Helicopters have airlifted some victims' remains from the site of the Germanwings plane crash in the French Alps, the Gendarmerie said Wednesday, according to CNN affiliate France 2. Full story: . Investigators trying to determine what caused the crash of Germanwings Flight 9525 have made a startling discovery in an audio recording, according to a New York Times report: One of the plane's pilots was locked out of the cockpit before the crash. ""You can hear he is trying to smash the door down,"" a senior military official involved in the investigation told the newspaper, describing audio from the cockpit voice recorder, one of the plane's black boxes. ""We don't know yet the reason why one of the guys went out,"" the official said, according to the Times' report. ""But what is sure is that at the very end of the flight, the other pilot is alone and does not open the door."" Lufthansa, the parent company of Germanwings, said it was looking into the report. ""We have no information from the bodies investigating the incident that would corroborate the report in the New York Times,"" spokesman Boris Ogursky said. ""We will not participate in speculation, but we will follow up on the matter."" The Times' report is a ""terribly shocking revelation,"" CNN aviation analyst Peter Goelz said. But he and other experts cautioned that it's still unclear what could have been going on inside the cockpit. Possibilities range from a medical emergency to something more nefarious, like a suicide mission, CNN aviation analysts said. Officials previously said that hadn't ruled out terrorism, but it seems unlikely. French authorities revealed earlier Wednesday that they'd been able to access audio from the recorder, even though its external casing was damaged. But they disclosed few details about what the recording actually contained, saying only that there was one audio channel with voices on it that went all the way up to the time of the crash. ""It is too early to draw conclusions to what happened,"" said Remi Jouty, head of the BEA, the French aviation investigative arm leading the probe. ""There is going to be detailed work performed on that audio file to understand and interpret the sounds and the voices that can be heard."" Finding the plane's second black box will also be critical to understanding the mystery of what went on inside the jet. That box, the flight data recorder, hasn't been found yet, but Lufthansa CEO Carsten Spohr said Wednesday that there's a high probability it will be. Investigators scoured dangerous terrain in the French Alps as they searched for clues in the wreckage. Workers dropped to the crash site from helicopters, Jouty said, and had to be tied together because the steep area in the mountains is so treacherous. Spohr said Tuesday's plane crash ""represents the darkest hours"" in the history of his company, which owns Germanwings. Officials are struggling to understand how an airplane that ""was in perfect technical condition"" with two experienced pilots ""was involved in such a terrible accident,"" he said. But even worse, he said, is seeing the heartbreak of the relatives and friends of the victims who perished in the crash. ""What they have gone through is, of course, incomprehensible,"" he said, describing what he said was an emotional meeting between the relatives and airline executives Wednesday. And now, he said, the company's focus will be taking care of them. Special Lufthansa flights will take relatives and friends of victims to southern France on Thursday, so they can be near the search scene, he said. ""We need to understand what happened,"" French President Francois Hollande said. ""We owe that to the families."" The doomed flight  was traveling from Barcelona, Spain, to Dusseldorf, Germany, when it crashed Tuesday in the French Alps. Germanwings said the plane reached its cruising altitude of 38,000 feet, and then dropped for about eight minutes. The plane lost contact with French radar at a height of about 6,000 feet. Then it crashed. There were 150 people from 18 countries on board. Mother, daughter from Virginia among the victims . Teams have begun the daunting task of identifying the victims' bodies, but caution that it could take time to complete. Investigators are still trying to piece together what caused the crash. Jouty, the head of the investigation team, said the debris suggests the plane hit the ground and then broke apart, instead of exploding in flight. Radar followed the plane ""virtually to the point of impact"" in the Alps in southern France, Jouty said. The flight's last altitude recorded by radar was just over 6,000 feet. FBI agents based in France, Germany and Spain are looking through intelligence sources and cross referencing the passenger manifest of Germanwings Flight 9525, two senior law enforcement officials said. So far, their search hasn't turned up anything that ""stands out"" or anything linking the passengers to criminal activity, according to one official. CNN's Frederik Pleitgen, Rene Marsh, Nic Robertson, Pierre Meilhan, Richard Quest, Holly Yan, Laura Smith-Spark, Greg Botelho, Mariano Castillo, Hala Gorani, Elwyn Lopez, Laura Akhoun, Stephanie Halasz, Lindsay Isaac, Karl Penhaul, Marilia Brocchetto, Vasco Cotovio, Alexander Felton, Erin McLaughlin and Pamela Brown contributed to this report.","Lufthansa: We have no information to corroborate the New York Times report .
Report: Audio recording includes sounds of pilot trying to smash down cockpit door .
Teams are still searching for the flight data recorder ."
"(CNN)""A picture of horror."" That's how German Foreign Minister Frank-Walter Steinmeier described the site where a Germanwings Airbus A320 plane crashed in the French Alps on Tuesday. ""The grief of the families and loved ones is immeasurable,"" Steinmeier said, after flying over the area in the Alps in southeastern France. ""We must stand with them. We are all united in great grief."" Departure: Barcelona, Spain, at 10:01 a.m. (26 minutes late) Destination: Scheduled to land in Dusseldorf, Germany, at 11:39 a.m. Passengers: 150 (144 passengers, six crew members) Airplane: Airbus A320 (twin-jet) Airline: Germanwings (budget airline owned by Lufthansa) Flight distance: 726 miles . Last known tracking data: 10:38 a.m. Last known speed: 480 mph . Last known altitude: 11,400 feet . Last known location: Near Digne-les-Bains, France, in the Alps . Sources: CNN and flightaware.com . Flight 9525 took off just after 10 a.m. Tuesday from Barcelona, Spain, for Dusseldorf, Germany, with 144 passengers -- among them two babies -- and six crew members. It went down at 10:53 a.m. (5:53 a.m. ET) in a remote area near Digne-les-Bains in the Alpes de Haute Provence region. All aboard are presumed dead. Helicopter crews found the airliner in pieces, none of them bigger than a small car, and human remains strewn for several hundred meters, according to Gilbert Sauvan, a high-level official in the Alpes de Haute Provence region who is being briefed on the operation. Authorities were not able to retrieve any bodies Tuesday, with the frozen ground complicating the effort. Wednesday may not be much easier, with snow in the forecast. Spanish and German officials moved to join hundreds of French firefighters and police in the area, working together to help in the recovery effort and try to figure out exactly what happened. As of Tuesday evening, there were few clues. One of the aircraft's data recorders, the so-called black boxes, has been found, according to French Interior Minister Bernard Cazeneuve, but it was too early to tell what it would say about the crash. ""We don't know much about the flight and the crash yet,"" German Chancellor Angela Merkel said. ""And we don't know the cause."" Relatives of those believed to be on the flight, fearing the worst, gathered at the Barcelona airport, where a crisis center was set up. French authorities set up a chapel near the crash site. Lufthansa Group said the company will look after the relatives of those on board. ""There will be a contact center established in France; relatives who would like to take advantage of this will be transferred to the contact center at no cost -- and their accommodation paid for -- just as soon as the center has been established,"" Lufthansa said. Those aboard included a ""high number of Spaniards, Germans and Turks,"" according to Spain's King Felipe VI. Germanwings CEO Thomas Winkelmann said it's believed 67 people, or nearly half those on the plane, are German citizens. Germanwings crash: Who was on the plane? Sixteen students and two teachers from one German high school, called Joseph Koenig Gymnasium, were among those booked on Flight 9525, according to Florian Adamik, a municipal official in Haltern, the town where the school is located. A crisis center has been established at the city hall in Haltern, which is about 77 kilometers (48 miles) north of Dusseldorf's airport. Winkelmann confirmed the 16 students and two teachers were on the plane. Haltern's mayor, Bodo Klimpel, said they had been heading home after taking part in a foreign exchange program. ""The whole city is shocked, and we can feel it everywhere,"" Klimpel said. A Dutch citizen and a Belgian -- the latter a resident of Barcelona -- were among those on the flight, according to those countries' foreign ministries. Two Australians and two Colombians were also believed to be on board. Germanwings started in 2002 and was taken over by Lufthansa seven years later as its low-cost airline, handling an increasing number of midrange flights around Europe. It was forced to cancel some flights Tuesday because there were crews that didn't want to fly upon hearing news of the crash. The valley where the plane went down is long and snow-covered, and access is difficult, said the mayor of the nearby town of Barcelonnette, Pierre Martin-Charpenel. It was well populated in the 19th century but there are almost no people living there now, he said. It's an out-of-the-way place with magnificent scenery, he said. The sports hall of a local school has been freed up to take in bodies of the victims of the plane crash, said Sandrine Julien from the town hall of Seyne-les-Alpes village. Seyne-les-Alpes is about 10 kilometers from the crash site. Mountain guide Yvan Theaudin told BFMTV the crash was in the area of the Massif des Trois Eveches, where there are peaks of nearly 3,000 meters (1.9 miles). It's very snowy in the area and the weather is worsening, he said, which could complicate search and rescue efforts. Responders may have to use skis to reach the crash site on the ground, he said. Sandrine Boisse, president of the tourism office at the Pra Loup ski resort, said she heard the plane crash and called the police and the local government office to find out what had happened. ""It was about 11 (a.m.) here. I was outside the garage, and we heard a strange noise, and at first we thought it was an avalanche,"" she said. ""Something was wrong. ... We didn't know what."" A mountain guide who heard a plane fly at alarmingly low altitude shortly before the crash, Michel Suhubiette, said helicopters may be the only way to get to the crash site. According to the U.S. Federal Aviation Administration, just under 16% of aviation accidents occur during the cruise portion of a flight -- meaning after the climb and before descent. Accidents are more common during takeoff and landing. The twin-engine Airbus A320s, which entered service in 1988, is generally considered among the most reliable aircraft, aviation analyst David Soucie said. The captain of the crashed plane had flown for Germanwings for more than 10 years, and had more than 6,000 flight hours on this model of Airbus. The plane itself dates to 1991 and was last checked in Dusseldorf on Monday, according to Winkelmann. So what happened? CNN aviation analyst Mary Schiavo said the plane's speed is one clue. According to Germanwings, the plane reached its cruising altitude of 38,000 feet, and then dropped for eight minutes. The plane lost contact with French radar at a height of approximately 6,000 feet. Then it crashed. This could indicate that there was not a stall, but that the pilot was still controlling the plane to some extent, Schiavo said. Had there been an engine stall, the plane would have crashed in a matter of minutes, she said. That small piece of information about the descent means that the pilot could have been trying to make an emergency landing, or that the plane was gliding with the pilot's guidance, Schiavo said. A scenario where the plane was gliding is potentially more dangerous because wide fields for landing would be hard to come by in the mountains, she said. The crash spurred officials in several countries to offer their condolences and pledge solidarity and cooperation to help those affected and determine what happened. ""Our thoughts and our prayers are with our friends in Europe, especially the people of Germany and Spain, following the terrible airplane crash in France,"" U.S. President Barack Obama told reporters. ""It's particularly heartbreaking because it apparently includes the loss of so many children, some of them infants."" Germany's Merkel said she was sending two ministers to France on Tuesday and would travel to the crash site on Wednesday to see it for herself. ""We have to think of the victims and their families and their friends,"" she said. German Foreign Minister Frank-Walter Steinmeier said the German government had set up a crisis center in response to the ""terrible news"" and was in close contact with the French authorities. ""In these difficult hours, our thoughts are with those who have to fear that their close ones are among the passengers and crew,"" he said. CNN's Mariano Castillo, Hala Gorani, Laura Akhoun, Stephanie Halasz, Lindsay Isaac, Josh Levs, Richard Greene, Karl Penhaul and Sara Delgrossi contributed to this report.","The plane reached 38,000 feet, and then dropped for eight minutes, Germanwings says .
Victims from Germany, France, Spain, Turkey, Belgium, Holland, Colombia, Australia .
One data recorder found from Germanwings plane that crashed in Alps ."
"Dramatic pictures have emerged of the moment Harrison Ford was carried away on a stretcher following his terrifying plane crash. The 72-year-old's face is seen covered in blood with his neck firmly strapped into a brace as he his wheeled from the Penmar Golf Course in Venice, Los Angeles on Thursday. First responders are also pictured wrapping bandages around his head before taking him away. He deliberately steered his 1942 Ryan Aeronautical ST3KR into the ground, breaking his pelvis, when the engine failed while flying solo. Scroll down for video . Bloodied: Harrison Ford is carried away from the scene of his plane crash on Penmar Golf Course in Venice, Los Angeles on Thursday . Keeping vigil: Calista Flockhart was seen leaving the Los Angeles hospital after another lengthy visit with her husband who broke his pelvis while crash landing his vintage plane on a golf course . Emergency care: The 72-year-old's head is seen covered on bandages and his neck was put in a brace as he was wheeled off of the golf course and into the back of an ambulance . Response: The Indiana Jones and Fugitive star was then taken to hospital where his wife, Calista Flockhart, is staging a bedside vigil . Ford's wife, Calista Flockhart has stayed close to his side at hospital. The 50-year-old actress emerged on Friday night appearing tired and emotionally drained following a bedside vigil that lasted several hours. Calista was seen at the wheel of a black Lexus pulling out of the hospital parking garage with an older male companion in the passenger seat. The former Ally McBeal star looked like she hadn't slept in a while, her face make-up free and eyes dark-circled and bleary from possible crying. Her light brown hair hung limply around her face and her manner of dress appeared simple and casual as though she'd grabbed the closest clothing in reach. Calista looked like she needed sleep and was perhaps heading home to recharge for a spell with the intent of returning to the actor's side soon. Wrapped up: Paramedics unroll bloodied bandages around the actor's face. He deliberately steered his 1942 Ryan Aeronautical ST3KR into the ground when the engine failed while flying solo . Treatment: Ford's arm is seen flung across his chest as he is treated by first responders. He broke his pelvis during the crash in his vintage plane . Cautious: He is gently rolled onto his side by members of the fire department as he is placed on a stretcher . On Thursday afternoon, Ford received a visit in hospital from his wife, who was seen looking emotional in her car. A doctor has revealed Ford was moaning in pain, slumped over in the cockpit, when he landed. 'He was stunned a bit,' said spinal surgeon Sanjay Khurana. 'He was moaning and in pain.' 'It was obvious by his face, it was Harrison Ford. I'm old enough, or young enough, to have watched all his 'Star Wars' films. So, it was obvious,' Khurana told ABC News. A video has since emerged of the moment the plane started to drop. As Ford descended, the people playing golf at the time were captured on film gaping open-mouthed at the sky before running out of the way. Dr Khurana was golfing next to Santa Monica Airport when he saw the plane 'belly flop' and rushed to the fairway where it came to rest. He told TV stations in Los Angeles and GMA that aside from worrying about Ford's injuries from the impact, he saw fuel leaking out of the World War II-era plane. Patrick Jones, an official with the National Transportation Safety Board (NTSB), told reporters in Venice, California that investigators were inspecting the wreckage as well as reviewing documents pertaining to the upkeep of the plane. 'The aircraft will be examined, the engine will be examined, the records of the aircraft will be examined and ultimately we'll submit a factual report,' Jones said. 'All of that process is going to take probably a couple of weeks to a month or so,' the NTSB official said. The final report probably will not be out for a year.' Impact: A doctor has revealed Ford was moaning in pain, slumped over in the cockpit, when he landed . Support: The injured actor is surrounded by first responders as he is taken away on a stretcher . Jones said that the plane being as old as it is in many ways makes the investigation more straightforward. 'This aircraft is a fairly simple aircraft,' he said. 'A lot of it is old-school mechanical. We'll see what it is, we'll look at everything.' Ford, an aviation enthusiast with years of flying under his belt, flew out of Santa Monica Airport in the Ryan PT-22 Recruit when he experienced engine trouble just minutes into the flight. He was trying to return to the airport when he crashed. Authorities said they have not yet had the opportunity to interview Ford, but plan to do so over the course of their probe. The actor suffered multiple gashes to his head and was left bleeding after the crash. A family spokesman said Ford's injuries were not life-threatening. His son Ben, in a tweet late Thursday, said his father was 'battered, but OK.' Downed: Investigators surround the plane's wreckage. The National Transportation Safety Board say the probe into the crash could take up to a year . Probe: Investigators are examining the wreckage and documents pertaining to the upkeep of the plane in order to determine what happened . Scene: Golf bags surround the crash site in the aftermath on Thursday. Many players on the course at the time rushed to Ford's side when the plane went down . Tired and emotionally drained: The 50-year-old actress appeared understandably distraught . Support system: Calista was accompanied by a silver-haired male companion . Heading home: The weary-looking Calista was perhaps heading home to recharge before making the drive back to hospital . In good hands: Harrison Ford, 72, was last listed in fair to moderate condition in hospital . Fuel leak: The injured actor was pulled from the wreckage as the smell of gasoline filled the air . He and other golfers pulled Ford from the wreckage. Others threw dirt on the fuel so it wouldn't catch fire. Along with his friends who were golfing, Dr Khurana pulled Ford from the wreckage as the smell of gasoline filled the air. 'We wanted to get him out safely and with the fuel leaking out, I motioned to some of the other folks at the golf course to put dirt on the fuel so it wouldn't combust,' he said to CBS News. 'I just wanted to get him out safely so that the situation wouldn't erupt into a fire.' On Thursday, a teary-eyed Calista was seen looking emotional while heading to hospital to visit her husband Harrison in hospital. She had a handkerchief pressed to her nose and her eyes appeared to be tinged in red. Saved: Dr. Sanjay Khurana, who had been golfing when Ford's plane crashed, later said, 'It was obvious by his face, it was Harrison Ford. I'm old enough, or young enough, to have watched all his Star Wars films'","The 72-year-old is taken to an ambulance with his neck in a brace .
His face is covered in bloodied bandages following the crash on Thursday .
The star crashed on the Penmar Golf Course in Venice, Los Angeles .
A surgeon said he was moaning in pain and slumped in the cockpit .
His wife, Calista Flockhart, 50, has remained close to him while in hospital .
She was pictured looking drained after holding a beside vigil ."
"Technology that might have averted the Germanwings tragedy by remotely seizing control of the plane has existed for years – but has been resisted by the aviation industry, it emerged last night . Support for real-time monitoring of jets from the ground has stalled amid airline fears of the dangers of eliminating pilots and the possibilities of a so-called cyber-hijack by terrorists. Unions representing pilots are also against the move. The 9/11 attacks on the US, in which terrorists used hijacked aircraft as weapons, sparked calls for new systems to prevent a repeat of the atrocity. Scroll down for video . Recovery: Teams working in the difficult Alpine terrain clear scattered crash debris and search for bodies and belongings . Grief: Relatives of the victims overcome with emotion after attending a tribute in honour of their loved ones in Le Vernet, France on Thursday . Philip Baum, editor of Aviation Security International, said the tragedy was partly due to 'knee-jerk' controls introduced after 9/11. He told The Independent: 'The ill-thought reinforced cockpit door has had catastrophic consequences.' Mr Baum said thinking about airline safety had been skewed by the 2001 terror attacks, adding that there had been 'excessive attention given to terrorism' and a 'failure to address other threats to aviation security'. Manufacturers in Europe and America have worked on ways of creating a ‘hijack-proof’ aircraft. In 2006, Boeing was awarded a US patent for an ‘uninterruptible autopilot system’. This would allow pilots, ground controllers or security agencies such as the CIA to activate an automatic flight mode that cannot be turned off by anyone on board. The system could also switch itself on if terrorists tried to fight their way into the cockpit, with pressure sensors on the door responding to excessive force. Eight previous crashes have been caused by suspected pilot suicide, leading to 416 deaths. November 29, 2013: Mozambique Airlines Flight 470 crashed in Namibia, killing 33 people. October 31, 1999: 217 people died after Egypt Air Flight 990 from New York crash-landed in the sea. October 11, 1999: An Air Botswana pilot grounded for medical reasons took off and crashed his plane. He was the only fatality. December 19, 1997: 104 people were killed when Silk Air flight 185 crashed in Indonesia. August 21, 1994: A Royal Air Maroc pilot flew into the Atlas Mountains, killing 44 people. July 13, 1994: A Russian Air Force engineer crashed a plane he stole at a military base, killing himself. August 22, 1979: A recently sacked mechanic crashed a stolen plane in Colombia, killing four. September 26, 1976: Twelve died when a Russian pilot directed his plane at his ex-wife’s flat. The aircraft’s flight path could be radioed to it by ground control, and it would be brought safely down at a nearby airport using existing automatic landing aids. Sources at Boeing claimed at the time that the anti-hijack equipment could be fitted to planes all over the world by 2010. But this has failed to happen amid safety concerns from pilots and airlines, and the technology remains unproven. The ability to direct pilotless aircraft from the ground is well established – military drones have long been used for surveillance and targeted missile attacks. In 2013, a 16-seater Jetstream airliner became the first passenger plane to fly ‘unmanned’ across UK civilian airspace. It was controlled remotely from the ground for the 500-mile journey, though a pilot on board handled the take-off and landing. But the idea of flying a plane carrying hundreds of passengers without any human intervention continues to worry experts. Britain’s Civil Aviation Authority said there was no remote control system currently available that could cope with navigating the country’s crowded skies. A spokesman added: ‘There are companies working on it, but the technology doesn’t exist in a practical or useable form yet.’ Pilots’ union Balpa fears using pilotless planes or allowing authorities to remotely take control of a stricken or hijacked aircraft – and believes it could leave planes in danger of being ‘hacked’ from afar. A spokesman said: ‘Having at least two pilots on the flight deck has helped make flying an incredibly safe form of public transport. The focus in the wake of this tragic accident is likely to be on ensuring that both pilots always have access to the cockpit and cannot be prevented from re-entering. ‘With this and any other measures we must act with careful consideration to ensure we don’t create new safety risks or concerns such as those raised by the vulnerability of any form of remote control of a passenger aircraft.’ Aviation safety analyst Chris Yates said there had been frequent calls for remote-controlled aircraft takeover systems since 9/11. But he also argued that this could pose more risks to passengers, with ground controllers unable to see all that a pilot on board could see. There is also a danger the technology would allow cyber-terrorists to hack into an airliner’s controls. Mr Yates added: ‘There has always been a desire to have the ability to control planes from the ground … But the ground element of that was entirely pooh-poohed by the aviation industry for a whole variety of reasons, not least of which is aircraft safety. ‘Questions will always be posed as to whether pilots should be taken out of the equation in the event of something like this so ground control would take over … I personally would not feel comfortable getting on any airliner where control could be taken away from the pilots and co-pilots.’ Youngest victim: Seven-month-old Julian Pracz-Bandres, pictured with his mother Marina Bandres (also right), died when the Airbus crashed . 9/11 rules allowed tragedy to happen . The disaster was made possible because of rules introduced after the 9/11 attacks to keep hijackers out of aircraft cockpits. Here SAM MARSDEN and RAY MASSEY analyse how co-pilot Andreas Lubitz took advantage of his colleague’s toilet break to crash the plane . When are pilots allowed to leave the cockpit? The days when aircraft captains wandered through the cabin chatting to air hostesses and children are long gone. In general both pilots must remain in their positions at the controls of at all times, and on short-haul flights they generally do not budge. But once the jet is safely in the air, they can get up to use the toilet as long as they are not absent any longer than is necessary. Patrick Sonderheimer, the pilot of the Germanwings plane, waited to reach cruising altitude  before stepping out of the cockpit, pictured . Patrick Sonderheimer, the pilot of the Germanwings plane, waited to reach cruising altitude at 38,000ft before stepping out of the cockpit. Why was Lubitz allowed to remain on the flight deck on his own? It is considered best practice to ensure that there are always two people in the cockpit to avoid tragedies like Tuesday’s. A relief pilot travels on some long-haul flights so the other crew members can get some sleep. Access to the cockpit door on the Germanwings Airbus A320 (like the one above) can be disabled from inside the flight deck to prevent hijacking . Many airlines have a rule that another crew member must replace the pilot or co-pilot while they go to the toilet. But, in line with German aviation authority requirements, Germanwings did not stipulate that a pilot could not be left alone in the cockpit. Britain’s Civil Aviation Authority yesterday changed its guidance in light of this week’s disaster and now urges UK airlines to enforce the two-person rule. Several European airlines, including easyJet, have announced that they will now insist that two crew remain in the cockpit at all times. Why was the pilot unable to get back into the cockpit? The black box voice recorder recovered from the wreckage reveals that Mr Sonderheimer first knocked gently on the door seeking to get back in after his brief toilet trip. As the minutes passed and he realised his crazed co-pilot was steering all 150 people on board to their deaths, he became increasingly desperate and attempted to smash the door down. But Lubitz was able to barricade himself inside the cockpit thanks to an armoured bullet-proof door designed to protect passengers by keeping out terrorists. These were made mandatory after the 9/11 terror attacks on the US. To save weight, the reinforced cockpit doors often contain bullet-proof Kevlar and other super-strong composite compounds, as well as metal. The Airbus A320 has a keypad outside the cockpit which allows cabin crew to gain access by tapping in a secret code if the pilots become incapacitated for some reason. But the pilot can flick a switch to lock the door from the inside, which deactivates the external keypad for between five and 20 minutes. What screening did Lubitz undergo before being allowed to fly? Top airlines use psychological testing to check that would-be pilots are able to cope with stressful situations as well as possessing the skills needed to fly a large aircraft. Anyone found to have a history of alcohol or drug addiction or a serious mental health problem faces being rejected. Flight crew have regular medical check-ups. Those under 40 are examined once a year, while older pilots undergo tests every six months. Doctors look for health issues, including signs of stress, fatigue, drug or alcohol abuse that may point to deeper psychological problems. Without their medical certificate pilots are not allowed to fly. Aviation psychologist Professor Robert Bor said: ‘Every time they arrive at an airport they have to check-in and meet with other staff – to not spot a pilot with mental health problems would be rare.’ Lufthansa, the parent company of Germanwings, said its air crew were chosen extremely carefully and subjected to psychological vetting.","Technology that might have averted Alps tragedy has existed for years but has been resisted by aviation industry .
'Uninterruptible autopilot system' would allow ground controllers to activate mode that cannot be turned off on jet .
But support has stalled amid fears of dangers of eliminating pilots and possibilities of so-called cyber-hijacks ."
"Edmond Alexandre has been fined more than $7,000 after his fury over a reclined seat saw the plane he was on diverted . A passenger who forced a plane to divert after becoming furious with a woman in front of him who had reclined her seat has been fined more than $7,000. Edmond Alexandre, 61, became irate after a woman reclined the seat in front of him on the Miami-to-Paris flight in August last year. A U.S. District Court in Boston heard how the man began to argue with the woman and other passengers, before chasing a flight attendant down the aisle where he 'grabbed his arm'. The federal judge decided to impose a a $1,000 (£675) fine and restitution of $6,303 (£4,300) to American Airlines. Alexandre, who is a Haitian national, was flying back to  Paris, where he lives, when the plane was forced to divert to Logan Airport in Boston. Two undercover federal air marshals aboard the plane then subdued Alexandre and handcuffed him, the U.S. attorney's office said. Massachusetts state police arrested Alexandre when the diverted plane landed. Four hours later the American Airlines flight resumed its journey onwards to France. U.S. media agencies report that Alexandre could have been facing 20 years in prison. The incident came just days after a United Airlines flight diverted to Chicago following a fight between two passengers over a reclined seat. United Flight 1462 from Newark, New Jersey to Denver was forced to make an emergency landing at O'Hare International Airport Sunday after a female passenger threw water at a man seated behind her who used a device known as Knee Defender to stop her from reclining her seat on the four-hour flight. The two passengers, both age 48, were interviewed by Chicago police, who deemed the incident a 'customer service issue,' according to Transportation Security Administration spokesman Ross Feinstein. Edmond Alexandre's anger saw him force an American Airlines plane to make an unscheduled landing . The plane then continued to Denver without them, arriving 1 hour and 38 minutes late, according to the airline's website. The Federal Aviation Administration can impose a civil fine of up to $25,000 for passengers who are unruly. In this case, no arrest was made, according to airport spokesman Gregg Cunningham. And then just days after the incident involving Mr Alexandre, a row between two women over a reclined seat led to the diversion of a New York to Palm Beach Delta flight to Jacksonville. According to the airline, the diversion was 'due to safety reasons in regard to a passenger issue' but Florida television station WPTV reported that the plane rerouted due to a dispute over a reclining seat. A man used a 'seat defender' on board one flight last year that prompted the woman in front to throw water over him - and that flight was also diverted (devices circled) Passenger Aaron Klipin told the station a woman sitting next to him got into an argument with a passenger behind her. The woman reclined her seat so she could knit while the other passenger was trying to sleep on the tray table. Klipin said the woman who was trying to take a nap started screaming and swearing, drawing the attention of the flight crew. According to the passenger, when a flight attendant came over, the dispute between the two women became even more heated, and the woman with her head on the tray table demanded that the plane be diverted. The stewardess went to talk to the pilot, who made the decision to land the plane 'out of an abundance of caution,' according to a Delta spokesman. A few minutes later, the flight touched down in Jacksonville, where it was met by local law enforcement officials who removed the unruly woman from the plane. The three incidents in the space of some nine days on U.S. airlines became known as legroom wars.","Edmond Alexandre argued with a woman in front who had reclined seat .
Led to the 61-year-old Haitian arguing with other passengers and staff .
Said to have chased flight attendant down the aisle and grabbed arm ."
"For most boys, China would seem the ideal place to go to school. Just days after football was officially added to the national curriculum in a bid to win the World Cup, the country's air force has announced plans for Top Gun-style training for pupils as young as 14 to develop tomorrow's fighter pilots. A total of 16 senior high schools have been enlisted as 'Air Force Teenager Aviation Schools', according to the People's Daily Online. Sky-high dreams: A team of 77 pilots aged 18 and over recently took to the skies for the first time in a five-hour flight training demonstration at one of the air force's existing junior flying schools . Aspiring face: These teenage pilots have been trained by elite from Chinese Air Force while maintaining academic studies - as the new younger recruits will be . Off you fly: Each student conducted two flights, logging around 80 minutes of time in the air . The news came as China's air force released pictures of its current intake of 18-year-old trainee pilots being taught at its junior flying school. The new 'Top Gun' schools that will give training to boys aged 14 and up will be located in 15 cities across China, including regional capitals like Wuhan and Changsha, and will be chosen based on their previous performance and the level of support they are able to get from local government. The judging body is formed by representatives from the Ministry of Education of China, the General Political Department and Air Force. All schools are regular senior high schools that offer mainstream academic courses. Cream of the crop: The students were selected from senior high schools around the country . Learn to fly: The students have to complete 18 hours' training in basic aviation theory as well as 28 hours of pre-flight study and one hour in a flight simulator . Lead the world: Officials from the Air Force said China had decided to step up its game because major powers in the world all invest heavily in training pilots from young ages . We want you: The poster of China's Teenage Aviation School programme . Special 'Aviation Experimental Classes' will be set up in these Teenage Aviation Schools, which plan to recruit 1,000 students every year. A class is usually made up by 30 to 50 students in China. This means there will be approximately 20 to 30 teen pilots classes every year. These classes are jointly managed by the schools and Air Force recruiting authorities. Male teenagers between 14 and 16 years old from all over China can apply before September 1, the start of an academic year in China. Once accepted, successful candidates will be given meal and living allowances, a rare exception for students in China. Scholarships will also be offered to the cream of the crop. These teen pilots will be taught under the programme for three years before entering the University Entrance Examination in China for a chance to further their studies in aviation universities in the country. While news about Teenager Aviation School has just been released, People's Daily Online published a gallery of a team of trained Chinese teen pilots taking to the skies. These 77 students, who are aged around 18, were selected from senior high schools around the country to receive Air Force training at junior flying schools. Start them young: The country is endeavouring to provide pilot training among young male pupils in senior high schools . Large-scale recruitment: Besides specialised air force schools, regular senior high schools are to set up experimental classes to train young pilots . In their first public flying demonstration recently, these teen pilots carried out five hours of real-equipment flight training. The training took place at a air base in Changchun, provincial capital of Jilin in northeast China. Shi Yansong, one of the teen pilots, said though their training followed a quasi military standard, he felt he still had much to learn from their commanders who were Air Force elite. Unprecedented showcase: This was the first time China had arranged real flight training for teen pilots . Ready for take-off: Shi Yansong, one of the teen pilots in the flying training, said it was his dream to become a pilot in the future . Air base: The training took place in Changchun in northeast China . 'Flying a jet feels so amazing,' said Shi, 'I must become a real pilot in the future.' As China's first batch of training pilots who maintain regular academic studies, the teenagers' flying debut is a landmark on the history of China's teenage aviation education, commented People's Daily Online. Peng Junxia, head of China's Air Force recruiting bureau, told Chinese media that the junior flying schools were established because major powers in the world all invest heavily in training pilots from young ages. In addition, China hopes such schools can raise a large number of outstanding Air Force commanders in the years to come. Big occasion: Students and trainers take part in the ribbon-cutting ceremony at the military training demonstration . Military vs academic: Unlike regular air force members who often give up academic study for military training, these teen pilots are taught by top faculty in China .","16 senior high schools across China have been selected to give training .
'Aviation Experimental Classes' will be set up for cultivating young pilots .
Classes are set to recruit 1,000 boys between 14 and 16 years old annually .
Pupils have the chance to enter air force universities upon graduation .
Trainee fighter pilots at air force's existing junior flying school recently took to the skies for public demonstration of training regime ."
"Dozens of military personnel were injured when an RAF transport plane on its way to Afghanistan nose-dived 4,400ft after the captain's camera became lodged alongside the aircraft's joystick. The  Voyager jet was around five hours into its journey from Brize Norton to Camp Bastion when the Nikon camera, used by the captain to take photographs on board, got stuck between the arm rest and the side-stick controller when his seat moved forward. In 27 seconds of chaos, the plane lost 4,400ft in altitude, throwing  passengers and crew without seatbelts towards the ceiling, injuring 33 of those on board, while one traumatised passenger was hospitalised with stress, according to the report into the incident. This reconstruction shows how an RAF captain's camera became wedged alongside a Voyager aircraft's joystick before it plunged 4,400ft in mid air, injurying dozens of military personnel on board . The Voyager jet, similar to the one pictured, had been six hours into its journey from Brize Norton to Camp Bastion when the Nikon camera, used to take photographs on board, got stuck in the flight controls . The new Voyager jet had been six hours into its journey from Brize Norton to Camp Bastion when the captain's Nikon camer, used to take photographs on board, got stuck in the flight controls . The aircraft, a militarised version of the  Airbus A330-200 passenger jet, was diverted to an airbase in Turkey after the incident on February 9 last year, and the state-of-the-art fleet grounded for 11 days while the cause of the dive was investigated by the Military Aviation Authority. The final report into the incident, released last week, has now revealed that RAF captain had been alone in the cockpit and was taking pictures of the flight deck from his seat with the digital SLR camera in the three minutes before the plane dramatically plummeted. The camera had been between his arm rest and the side-stick unit which controls the aircraft's altitude, and became wedged in when his seat moved forward. The report author describes the incident as a 'near-miss' and said there was a 'realistic potential for the loss of the aircraft and 198 of our people'. There were nine crew members and 189 servicemen and women on board the flight , who had been served their meal and were enjoying the in-flight entertainment when when the plane suddenly lost altitude while cruising at 33,000ft over the Black Sea on its way to the main British base in Afghanistan. The digital SLR camera, used by the captain in the three minutes before the plunge, had become wedged between his arm rest and the side-stick unit which control's the aircraft's altitude, when his seat moved forward, as this reconstruction shows . At its fastest, it dropped at a rate of 15,800 feet per minute with the resulting g force enough to lift passengers out of their seats, as their belongings and other items such as pots of hot tea were hurled across the cabin. 'A large number of passengers and crew had been thrown towards the ceiling,' the report states. 'A significant volume of loose articles, including bags, personal effects, teapots, paper cups and bins were flying around the cabin while some passengers were shouting.' According to the report, at the time of the plunge, the co-pilot had been out of the cockpit and was among those thrown towards the roof. 'Immediately prior to the pitch-down, the co-pilot felt a sensation similar to turbulence. The Purser also reported a similar sensation, describing it as a ""jolt"", it states. 'As the aircraft pitched down, the co-pilot was lifted to the cabin roof and, while experiencing weightlessness, re-entered the flight deck through the open door. 'He described a confusing scene with audio alarms sounding and a violent shaking of the aircraft. 'The captain shouted repeatedly that he could not disengage the autopilot. With his feet on the flight deck roof, the co-pilot reached down and attempted to disengage the autopilot by pulling back on his side-stick; an action which appeared to have no effect.' The two pilots were quickly able to level the plane, and the captain decided to land the air craft as soon as possible so diverted the flight to the US Air Force's Incirlik Air Base in southern Turkey. Of those on board, 25 passengers and seven crew members were injured, and were cared for by medical personnel travelling as passengers, as well as by medics at Incirlik. This dotted line shows the dent in the camera, caused when it became wedged next to the side-stick . The dent in the camera was found to be consistent with having been caused by the flange of the side-stick . The report states that one passenger had an 'acute stress rection' and was administered oxygen by a doctor before being taken to  hospital upon landing. A cabin crew member was also hyperventilating but was cared for by a colleague. Passengers without NATO travel orders then had to stump up £10 in cash for a visa allowing them to pass through immigration, with the servicemen and women having to club together to buy the visas as the British Embassy was unable to transfer the money. Mental health experts were sent out to Incirlik to help ensure that the passengers felt able to get back on a plane so they could be taken back to the UK, and assess whether they were fit to be deployed to Afghanistan. But by the time they were flown back to Britain, two days after the terrifying plunge, 'several passengers were exhibiting signs of distress, with some requiring counselling from the mental health nurses or medication from the Brize Norton medical staff.' Ten passengers were told they were no longer required to deploy to Afghanistan, while a further 12 did not have to for medical or pastoral reasons. Damage to the aircraft included 50 broken in-flight entertainment sockets, seven dented ceiling panels, five broken florescent light tubes and five damaged hand rails, but there was no reported damage to the flight deck, and no reported damage to the external structure of the aircraft. The cost of the incident has not yet been calculated, although an early estimate put it in the region of £0.5million. The report found that the pilot had taken 77 photographs during the flight and had used it as recently as three minutes and 20 seconds before the incident. The plane had set off from Brize Norton in Oxfordshire (pictured) on the morning of February 9 last year . The flight had been bound for Camp Bastion in Afghanistan (pictured), which was the UK's major base in the country until late last year . It states that although using the camera during the flight was not prohibited, its use 'represented a lack of compliance with the policy regarding non-relevant duties'. However, it also says that during the cruise stage of the flight the pilot's workload would have been low, and that taking photographs would have been a way for the captain to maintain his alertness. It recommends that ways of minimising pilot boredom during less busy periods of the flight should be examined. Changes to the design of the cabin to prevent a similar incident were not required, but the report recommends that strengthening rules regarding wearing seatbelts could mitigate 'future in-flight upsets'. The report concludes: 'The loss of the aircraft was not an unrealistic possibility. While at its heart this incident was caused by the simple and unthinking act of placing a loose article close to the aircraft controls, there are broader lessons to learn here. 'Modern technology may be capable of reducing crew workload to historic lows and aircraft can now protect themselves as never before, but the requirement for crews to understand and interact with the aircraft and its systems when things deviate from the norm remains and challenging as ever.' An RAF spokesman said: ‘The safety of our passengers and crew is of paramount importance to us. 'The incident was caused by a camera becoming lodged between the arm rest and side-stick causing the aircraft to lose height, the RAF is in the process of implementing the recommendations made by the Service Inquiry including instructions to ensure no objects are placed between pilots’ arm rests and the side stick’. A spokesman for AirTanker, which is responsible for the supply of Voyager to the RAF and the service which underpins it, told MailOnline: 'As an operational issue for the RAF, it would be inappropriate for AirTanker to comment. 'However, we note the findings of the Service Inquiry Report, which confirm that no technical fault was found with the aircraft.' The RAF started using the Voyager's last year after agreeing to bring in 14 of the planes for military use under a Private Finance Initiative (PFI) contract that is costing more than £10bn. They were intended to replace the RAF's VC-10 and Tristar planes both as a transport plane, and as an air-to-air refuelling tanker. The Ministry of Defence bought a fleet of 14 Voyagers last year under a £10.5bn private finance initiative deal with Oxfordshire-based AirTanker. The aircraft – a military version of the Airbus A330-200 civilian jet – can fly at a top speed of 567mph.The Voyager can transport 400 soldiers. Twice the size of a Lancaster bomber, with a 197ft 10in wingspan and is 193ft in length, the planes can hold 100,000 litres of fuel and are the biggest the RAF has ever had. In theory, they can refuel jets in mid-air at 125 times the speed of forecourt garage pumps – at 5,000 litres a minute. An RAF Voyager is pictured as it flies out out of RAF Akrotiri in Cyprus .","Voyager jet with 9 crew and 189 military personnel flying to Camp Bastion .
33 people were injured and many more traumatised in 'near-miss'
As plane plummeted  teapots, cups and bins thrown around  cabin .
Crew members experienced weightlessness due to g force from fall .
Plane forced to land in Turkey and passengers  had to pay £10 for visas .
They were then brought back to the UK but many were afraid to fly .
Report recommends ways of managing pilots' boredom are investigated .
It states 'realistic potential for the loss of the aircraft and 198 people'"
"Hong Kong (CNN)Australia's transport safety chief has always described himself as a pessimist. But Martin Dolan, Chief Commissioner of the Australian Transport Safety Bureau, says that as search teams scour the depths of the Indian Ocean for any sign of Malaysia Airlines Flight MH370, he is confident they will find the plane, if the aircraft is in the areas where they are looking. ""If anything, I'm slightly more optimistic than six months ago, because we have more confidence in the data, and we have proven the search equipment and techniques work to the necessary standards,"" Dolan said. But as the first anniversary of MH370's disappearance approaches, with no trace of the missing plane found, not everyone shares his outlook. That includes many of the relatives of the 239 passengers and crew on board, who say not a single day goes by without wondering what happened to their loved ones. And for many, the decision in late January by Malaysia to officially declare MH370 an accident, enabling the insurance payout process to begin in accordance with international protocol, was painfully premature. ""How can they say that, when there is no proof that the plane has crashed?"" asked Wen Wang Cheng, whose son Wen Yung Sheng was one of 153 Chinese nationals on board.  ""We have to get the facts,"" Wen said. What families have been told, they say, simply isn't good enough.  Anger, frustration, and distrust pushed some relatives, including Wen, to fly from China to Kuala Lumpur last month, to demand more. But when families submitted a letter to Malaysia Airlines asking for authorities to explain the declaration and status of the investigation, a written response from the company's CEO revealed little that hadn't already been said. At 12:41 a.m. local time on March 8, 2014, Malaysia Airlines MH370 took off from Kuala Lumpur International Airport, en route to Beijing. Less than an hour later, the Boeing 777-200ER was flying over the South China Sea. Air traffic controllers in Malaysia radioed the crew to contact controllers in Ho Chi Minh City for its onward journey through Vietnamese airspace. The crew acknowledged the request, thanking Kuala Lumpur controllers with a routine reply: ""Good night, Malaysian Three-Seven-Zero.""  Minutes later, the plane disappeared from radar. Malaysian authorities revealed days later that military radar had tracked the plane as it turned back to the west, flew across the Malay Peninsula, and up the Strait of Malacca, before flying out of radar range and vanishing once again. The search area widened, then shifted off the coast of Western Australia, when it was determined through careful analysis of a series of messages or ""handshakes"" between the plane and an Inmarsat telecommunications satellite, that MH370 eventually turned south, and flew for hours into the Indian Ocean. Roughly a week's sail from the coast of Western Australia, ships with specialists and equipment capable of searching depths that regularly exceed 4,000 meters (13,123 feet), work around the clock, methodically ticking off sections of sea floor. In early February a new ship, the Fugro Supporter, joined the search carrying the HUGIN 4500, a programmable unmanned submarine, now scanning areas that other equipment couldn't safely cover, including steep mountain slopes. The ship joins the Discovery and Fugro Equator, both operated by a Dutch survey firm, along with the Malaysian-contracted GO Phoenix. ""I asked specifically to come on this job, because it's a very exciting opportunity to do something that will potentially help a lot of people,"" James Hancock, a surveyor who usually works in the oil industry in the North Sea, told CNN's Anna Coren, as he prepared to embark on a trip on the Fugro Discovery that could last up to six weeks. Since October, more than 24,000 square kilometers -- roughly 40% of what the ATSB calls the ""priority search area"" -- has been scanned, with the remainder of the work scheduled to be finished by May before weather conditions worsen as the southern winter approaches. For now, teams are searching mostly using devices called towfish, which are dragged close to the ocean floor on cables up to 10 kilometers long. It's tough work, even when conditions are perfect.  A number of cyclones, producing waves of up to 16 meters, put the brakes on the search in early February. Dolan is careful to point out search efforts are meeting or exceeding expectations, dismissing concerns over stormy weather or delays in installing equipment as ""part of the deal."" The current search area is the result of months of analysis and reexamination of satellite data by an international team of experts, combined with aircraft performance factors such as fuel range, speed, and altitude. Search ships are focused along the so-called 7th arc, or ""partial handshake,"" where international investigators believe the plane ran out of fuel. ""The thing that really impresses me most about this investigation was how much information we were able to gain through mathematics and science,"" said CNN Safety Analyst David Soucie. But Soucie, a former FAA accident investigator, is not optimistic that the deep-sea search teams will find what they're looking for.  ""I know that they've searched in the most probable areas where it would have been, and it's not there,"" he said. Jeff Wise, a science journalist and author of ""The Plane That Wasn't There,"" took that skepticism a step further, saying it's time to reexamine all the clues.  His latest theory contends that investigators may have misinterpreted a key component of the Inmarsat satellite data, and that MH370 may have instead flown north toward Kazakhstan. ""This is not a normal investigation.  They need to throw out the book,"" said Wise. ""This is unlike anything that's happened in aviation."" But Michael Exner, an engineer with decades of experience in the mobile satellite communications industry, says the data ""accurately and unambiguously"" shows MH370 went down near the 7th arc. ""The current ATSB search strategy remains the best search strategy,"" Exner said. ""They are looking exactly where I expect the plane to be found."" The ATSB's Dolan cautioned that search teams have placed equal priority on all areas within the 60,000 square kilometer search zone.  ""We haven't given up.  Quite the opposite,"" he said. If search teams succeed in locating the wreckage of MH370, Australia, which has been leading the search at Malaysia's request, will also lead salvage and recovery efforts, according to the ATSB Chief Commissioner. But Malaysia, Australia, and China, which had the majority of the passengers on board the flight, have not yet made a decision on whether a recovery will occur, Dolan said. It is unclear what will happen if search teams complete their current mission without finding any sign of the plane. Australia has allocated roughly $48 million to the current phase of the search, with Malaysia promising to contribute equally to the cost.  In January, the Malaysian government said it is committed ""to continue all reasonable efforts to bring closure to this unfortunate tragedy."" One possibility is that the deep-sea search could be extended outside the boundaries of the current priority area, north or south along the 7th arc. The ATSB would not comment on the likelihood of expanding the search, saying that it was a ""decision for governments."" Malaysia also plans to release an interim statement detailing the progress of the investigation into MH370 around March 8 -- though some experts believe it will not contain any information investigators do not already have. Aviation experts say there is a key reason the search should continue until MH370 is found. ""Without knowing what caused it, you can't fix it, you can't make sure it doesn't happen again,"" said Soucie.  ""And I think that's really the biggest tragedy of this, if they don't find the airplane."" For the families of the 239 passengers and crew on board, who have had nothing but hope and prayers to carry them through the past year, it's about finding answers. ""It's very difficult to hear the world closure, when there is no closure,"" Jacquita Gonzales, the wife of lead steward Patrick Gomes, told CNN's Andrew Stevens. And while Gonzales says she holds out hope her husband could return home alive, she is prepared for a difficult discovery. ""If it's there and there's debris, we can have closure and we can lay him at peace. Because I don't think he's at peace right now."" The search for MH370 continues. CNN's Andrew Stevens, Anna Coren, Tim Schwarz, Felicia Wong, Chieu Luu, and Judy Kwon contributed to this report.","Ahead of one year anniversary, search chief says he's confident Malaysia Airlines Flight 370 will eventually be found .
Not all share Martin Dolan's optimism .
Families angry at the lack of information concerning their loved ones lost on board ."
"(CNN)Barring a revelation from his parents or girlfriend, we may never know what was going through the mind of Andreas Lubitz in the moments leading up to the crash of Germanwings Flight 9525. What we now know is that all indications point to Lubitz as the perpetrator of the crash, locking the pilot out of the cockpit and setting the aircraft on a fatal trajectory into a remote mountain range in the French Alps. Every day, more details come to light, as the world struggles to make sense of why a 27-year-old German man would apparently choose to deliberately crash a plane with 150 people on board, including himself -- and remain so calm while doing it. When investigators searched Lubitz's home in Dusseldorf, they found medical leave notes ""slashed,"" suggesting Lubitz was hiding an illness or illnesses from his employers. The dates for which Lubitz was excused from work included the day of the crash, though investigators have not yet revealed the reason he was excused, if any reason was written on the notes by his doctor. We do know, from a German aviation source, that Lubitz passed his annual pilot recertification examination last summer. An official with Lufthansa, the parent company of the budget airline Germanwings, said that the exam only tests physical health, not psychological health. ""He was 100% fit to fly without restrictions,"" Lufthansa CEO Carsten Spohr told reporters at press conference last week. ""His flight performance was perfect. There was nothing to worry about."" Spohr added that Lubitz had ""interrupted"" his training, which he began in 2008. That break lasted several months, he said, but that such an interruption isn't uncommon. Lubitz suffered from ""generalized anxiety disorder,"" with severe depression symptoms dating back to 2009, according to French newspaper Le Parisien. While the main medical clinic in Dusseldorf denies it was treating Lubitz for depression, German investigators found antidepressant medications in Lubitz's apartment, according to published reports that CNN has not yet been able to independently confirm. Die Welt, a German newspaper, over the weekend cited an unidentified senior investigator, who said Lubitz suffered from ""severe subjective burnout syndrome"" and severe depression. ""Someone who has a significant depressive episode or depressive disorder will oftentimes get an antidepressant alone, and many times will have a good resolution of those symptoms,"" CNN Chief Medical Correspondent Dr. Sanjay Gupta told Poppy Harlow Sunday on ""CNN Newsroom."" ""People who relapse or develop more of what is called a psychotic depression in addition may have symptoms of psychosis. Maybe they could be having delusions or hallucinations, but the idea is having breaks with reality."" One of the medications Lubitz was prescribed is said to be Agomelatine (an antidepressant medication), according to Le Perisien. Antidepressants can sometimes make people suicidal, especially those suffering from schizophrenia and bipolar disorder. Other times, they can make patients manic or psychotic. The drug's list of warnings and precautions include metabolic changes -- such as weight gain -- and the potential for cognitive and motor impairment. ""Has potential to impair judgment, thinking and motor skills; use caution when operating machinery."" In 2010, Lubitz received Olanzpine injections (an antipsychotic medication) ""to treat OCD,"" according to Le Perisien. Doctors advised Lubitz to be more active, practice a new sport and regain self-confidence. ""This is a powerful medication,"" said Gupta. ""If this is true, it sort of reads into the severity of just how bad the psychosis was, at least at one point in his life."" There are other things besides psychosis for which the drug may be administered, but that's the most common use. One of the side effects is blurred vision. Citing two officials with knowledge of the investigation, The New York Times Saturday reported that Lubitz sought treatment for vision problems that might have put his career at risk. If he was prescribed this medication as an injectable five years ago, was now taking it as an oral antipsychotic and wasn't taking it because of it was causing these detrimental side effects, ""that could be very concerning, as well,"" said Gupta. Authorities have not ruled out that Lubitz's vision problem could have been psychosomatic. Many people have been asking how likely it is that depression could result in this sort of horrific action. In a word: ""Unlikely,"" says Dr. Charles Raison, a professor of psychiatry at the University of Arizona. ""Most people would just kill themselves,"" he says. ""It's very, very rare for depression to cause people to kill other people. This leads me to believe there's something else going on, like a personality character flaw."" Forensic psychologist Jeff Gardere agrees. ""It has to be a very severe depression to the point that there's a psychosis that's a result of that depression,"" he says. ""That's different than the schizophrenia part of psychosis. With this kind of depression, it's so deep that you actually break with reality."" Remember, Lubitz was in his late 20s -- and the odds of mental illness presenting at this age are much higher for someone in their 20s or 30s. ""Sometimes people lose touch with reality slowly. Other times, they lose touch really quickly,"" says Raison. ""Bipolar psychotic states can develop in as little as a day or two. I'm most curious what was going on in this guy's life the week before this happened. Did anyone see any changes with his behavior? Did he stop sleeping? There's a pretty good chance something would come up in speaking with the people in his life."" ""If a story doesn't make sense, it means you don't have the real story,"" says Raison. ""Even people who are psychotic will tell you a crazy story. It's crazy, but it makes sense."" More details are needed on Lubitz's story. Perhaps the most chilling revelation so far is that Lubitz not only decided to do what he did, but that he ignored the pilot's pleas to think about the lives on board and change his mind. ""It tells you he's at peace with what he's doing,"" says Raison. ""If you were uncertain or anxious, you might still open the cabin door (when the pilot was banging on the door and yelling to be let in). Calm determination to do this tells you he really believed in what he was doing."" ""If you look at school shooters, they go into a dissociative state,"" says Gardere. ""They've been planning for quite some time. They go into this personality where they can calmly go into murder mode -- robotic and calm. Even when they're shooting or doing something rageful, they behave in a calm manner. (Lubitz) knew when he got onto that plane that he wasn't coming back."" On Monday, Britain's most senior psychiatrist told CNN's Christiane Amanpour that when a pilot is ""acutely depressed or suffering from... any mental illness"" that impairs his or her ability to fly, he or she cannot fly an aircraft. ""We don't let pilots fly with depression, not because we're worried that they're going to murder everybody on board. That's such an extraordinary possibility that -- that's not depression -- but because they're impaired in concentration, memory and attention, which isn't good for a pilot,"" said Sir Simon Wessely, president of the Royal College of Psychiatrists and an adviser to the British army. Wessely added that the Germanwings plane crash might open a discussion on ""relaxing the laws of (doctor-patient) confidentiality in different countries,"" though in the United Kingdom, as well as in many other countries, a doctor is obliged to go to the authorities if he or she believes that people are genuinely being put at risk by one of their patients. CNN's John Bonifield contributed to this report.","Investigators believe Andreas Lubitz deliberately crashed Germanwings Flight 9525, killing himself and 149 others .
Lubitz suffered from anxiety and depression symptoms dating back to 2009, French newspaper reported .
Doctor: It's 'rare for depression to cause people to kill other people'"
"A Tory MP has landed an £800-an-hour job at the same firm he had lavished praise on while working a transport minister, according to a Labour MP. Stephen Hammond took the role with Inmarsat, which makes communications systems for aviation and shipping, just months after he was sacked as Secretary of State for Transport. Former City banker Hammond had said he was 'hugely impressed' by the company during his two years as a minister- where he attended official events alongside Inmarsat bosses. Stephen Hammond took the role with communications company Inmarsat just months after he lost his position as minister for transport . Labour MP Karl Turner told the Daily Mirror that the situation was 'grubby' and accused Mr Hammond of 'feathering his nest' with the staggering fees. 'This is a perfect example of why the rules around MPs' second jobs need to change,' he added. But Mr Hammond, who lost his position as transport secretary in the reshuffle, said he had done everything 'by the book' in regards to his new position which had been approved by the Commons authorities and the Department for Transport. The Commons register of members' interests states that Mr Hammond has been paid £20,000 for just 25 hours' work advising Inmarsat plc with his contract due to run out at the end of March. Mr Hammond will be paid as much as £800-an-hour at the firm he had lavished praise on while working a transport minister, according to a Labour MP . The MP for Wimbledon in south west London, had said he was impressed by Inmarsat on a visit to the company's headquarters in 2013. He later gave a speech at an Inmarsat dinner where he said he was 'committed' to a government partnership with the firm. Labour leader Ed Miliband had called for a ban on MPs having lucrative second jobs to 'restore the reputation' of the Commons in the wake of the cash for access scandal. It came after revelations of former foreign secretaries Sir Malcolm Rifkind and Jack Straw being filmed by undercover reporters boasting about how they could be hired for £5,000-a-day. Sir Malcolm announced he was suspended from the Tory party and forced quit as an MP after bragging that he could see any foreign ambassador in London and has 'useful access' to every British ambassador in the world. Mr Straw was suspended by the Labour party after being filmed boasting about having laws changed 'under the radar'. Commons Speaker John Bercow had warned last month: 'People should not be in Parliament to add to their personal fortune.' But Mr Cameron has defended the right of MPs to do second jobs - insisting that extra work can be fitted in alongside constituency duties, and it was voted down. Mr Hammond has come under criticism before and even faced a Parliamentary inquiry in 2012 after failing to declare his shareholding in a firm that receives tax breaks and the very next year it emerged he had used an offshore firm to buy his luxury second home in Portugal worth half a million pounds. He was also revealed to be one of the most frequent users of the government's chauffeur-driven cars- using them 138 times a year despite living just six miles away from Westminster. And in 2013 it came to light that Mr Hammond had demanded a £40,000 pay rise for MPs. Stephen Hammond took the role just months after he was sacked as Secretary of State for Transport in the last re-shuffle . He had responded to the Independent Parliamentary Standards Authority (IPSA) review into MPs' pay with a call for their salaries to be increased to over £100,000 - a 60 per cent increase. Mr Hammond said he felt MPs should be paid the same as GPs, with an average salary of more than £105,000. But his comments attracted huge criticism as he suggested the massive pay rise for ministers during the financial crisis and at a time when many salaries were still frozen.","Stephen Hammond took the advisor role with Inmarsat for  £800-an-hour .
The Wimbledon MP had praised the firm while he was a minister for transport .
Secured position just months after he lost former role in the cabinet reshuffle ."
"Compelling: This picture, taken minutes after MH17 blew up, 'shows a BUK rocket trail' An image of a vapour trail taken minutes after a passenger jet crashed in Ukraine has been hailed as proof it was shot down by a Russian missile. Official investigators believe the picture, first published by The Mail on Sunday last year, holds the key to the fate of Malaysia Airlines Flight MH17, which was blown apart in mid-air, killing all 298 on board. Afterwards, Ukraine and Russia blamed each other, and still do, and the incident fuelled an increasingly bloody civil war which has seen large parts of Eastern Ukraine taken over by military forces loyal to Russian President Vladimir Putin. Dutch and Australian investigators now believe the image represents evidence that the Malaysian Boeing was hit by a Russian-made BUK rocket. They travelled to Ukraine to interview the photographer who took the picture from the roof of his block of flats in Torez, some 12 miles from the site where the missile was launched, and took away the camera as evidence. They believe the image and others taken by the photographer offer clear evidence of the BUK missile attack from a position on the edge of the town of Snizhne in pro-Russian rebel-held eastern Ukraine. Amid fears for his safety he was relocated to a safe house and has been under the protection of Ukraine’s secret service ever since. Analysis by investigators has found the picture was taken at 16.25.48 seconds on July 17. The plane’s data records stopped functioning – as a result of a catastrophic explosion, it is thought – at 16.21.28. Scroll down for video . The dispersing vapour is, according to experts, consistent with a BUK missile, which hurtled towards its target at 1,900mph, having been fired four minutes earlier. The photographer was questioned in detail by investigators about the time and location of his pictures. Speaking on condition of anonymity, he told The Mail on Sunday: ‘I was in my flat in a suburb of Torez, and heard a loud noise – far louder than artillery or grenades. ‘I ran to the window and saw how the wind was spreading the smoke trail above the horizon. Defenceless: All 298 passengers on board Malaysia Airlines Flight MH17, which was blown apart in mid-air on July 17, last year, were killed . ‘My camera was near the window. I grabbed it and ran upstairs to the roof to take a picture. I took my first picture but saw I had electric cables right in the middle, so then maximized the zoom and took the second. 'Then I turned round and on the other side, to the north, saw a trail of dark blue smoke. I decided that the missile must have hit a petrol station. I climbed to another other part of the roof to take a picture from there. 'It took me three minutes, and I took the third picture. I had no idea that my third picture was the smoke from the just crashed plane. ‘I did not see any plane. So I did not take any more pictures. If only I had known more about what happened then of course I would have taken more. But it was only two hours later when I found out.’ He immediately sent the pictures to a friend, who posted them on Twitter. This fact is seen as decisive because it allowed no time for manipulation of the image. At the time, fake pictures were appearing on the web. Among the dead: Evie, Mo, and Otis Maslin were on board flight MH17 with their grandfather Nick when it was shot down . Leaks from the Dutch probe indicate that investigators believe it likely the BUK was fired not by rebels but by Russian soldiers. These troops ‘might have changed their identities or even been executed by Russian secret service in order to hide everything’, according to Robert Bas, a journalist with Dutch state broadcaster NOS, citing anonymous sources in the investigation. Last week a reporter with RTL, another broadcaster in the Netherlands, said shrapnel he collected from the crash site was tested by forensic experts, including defence analysts IHS Jane’s in London, who said it matched the explosive charge of a BUK. A fragment from the warhead showed a Cyrillic letter, apparently part of a serial number. The combined weight of evidence undermines claims from Russia that the plane was downed by a Ukrainian warplane. In the past there have been claims from Moscow that MH17 was shot down by a Ukrainian air force Sukhoi Su-25. Lethal: A BUK missile system on display during a Russian air show. Investigators say the image and others taken by the photographer offer clear evidence of the BUK missile attack . But Vladimir Babak – the Su-25’s chief designer – disputed this in an intervention that was acutely embarrassing to Moscow. ‘The Su-25 could attack a Boeing at a height of three or four thousand metres, but it cannot shoot down a plane flying at an altitude of 10,500 metres,’ said Babak, president of the company which designs Sukhoi attack aircraft. ‘Our team designed this plane so that it can be used only at low and medium altitudes.’ The Kiev-born aviation expert insisted: ‘I believe that all allegations of the Su-25 involvement in the tragedy are an attempt to cover tracks.’","Photographer took image just after Malaysia Airlines Flight MH17 crashed .
It was captured from the roof of block of flats in Torez, some 12 miles away .
Investigators say photo offers clear evidence on the BUK missile attack .
They believe it was from position in town in pro-Russian eastern Ukraine .
All 298 passengers on board MH17, which was blown apart mid-air, died ."
"A mother and her three children were killed when a small plane she was flying crashed in a field in northwestern France yesterday. The 39-year-old woman, said to be an experienced flyer, had rented the aircraft from a nearby flying club and was with her two daughters and son, aged 13, 11 and nine. Pictures taken at the crash site today capture the twisted and broken remains of the aircraft, which went down near a farm in the small town of Vrigny, near Argentan. Tragic: The 39-year-old mother and her three children, aged 13, 11 and nine, were all killed in the crash . Twisted wreckage: Bent and broken pieces of metal and plastic are seen at the crash site today . The alarm was raised at around 5.30pm after a witness saw the plane falling from the sky and rescue teams discovered the wreckage around 40 minutes later. The plane, a Robin DR 400 which belonged to the Argentan flying club, suffered catastrophic damage in the accident and an investigation into the cause of the crash is now underway, reports Corsematin. A police spokesman said: 'The alert was given by a witness. The plane was found at 6:10pm in the municipality of Vrigny.' A local official, Hugues de Phily, told Corsematin: 'I do not know what the trajectory of the plane was. The debris is all over the place. Unexplained: The aircraft went down in the town of Vrigny, near Argentan, and an investigation into the cause of the crash is now underway . 'It's difficult to say how the plane was going. Mum was in the front.' Mr de Phily said that flying conditions were good and added that the investigation was being entrusted to the research section of the aviation police, who are at the crash site today. The mother of the family was believed to be an seasoned flyer, having flown planes for ten years. The children's father was in severe shock after hearing the devastating news and was being treated at a hospital in Argentan last night, reports France Bleu. The plane was rented from the Argentan flying club and crashed in the town of Vrigny . Emergency services were alerted by a witness who saw the aircraft fall from the sky at around 5.50 pm . The mother was flying a four-seater Robin DR 400, like the model pictured above .","Experienced flyer crashed with two daughters and son, aged 13, 11 and 9 .
Rented Robin DR 400 went down next to a farm in the small town of Vrigny .
Twisted wreckage was found 40 minutes after witnesses saw the plane fall .
Children's father said to have been hospitalised after hearing the news ."
"(CNN)The A320, the aircraft involved in a crash in France on Tuesday, has for several decades been a key component in the rivalry between manufacturers Airbus and Boeing. The twin-engined A320 entered service in 1988, some two decades after its single-aisle rival, Boeing's 737. As of March 2015, there have been a total of 11,537 orders for the A320, with 6,452 deliveries to date and slightly fewer aircraft flying globally by more than 300 operators. Airbus says the entire fleet has accumulated 150 million flight hours in more than 85 million flights. The A320 family ranges from the smaller A318 (about 100 seats), to the upgraded A321 (about 185 to 220 passengers depending on the class configuration). The short to medium-range A320 is the most popular version with a range of about 3,300 nautical miles or 6,150 kilometers. It has a wingspan of 35.8 meters (with wing fins called sharklets), a length of 37.57 meters and a maximum payload of 16.6 tonnes, according to Airbus. The aircraft -- Flight 9525 -- involved in Tuesday's crash was operated by Germanwings, a subsidiary of German flag carrier Lufthansa. Airbus said the 150-seat aircraft, which had been flying between Barcelona, Spain and Dusseldorf, Germany, was 24 years old, having been delivered to Lufthansa from its production line in 1991. It said the A320 had accumulated approximately 58,300 flight hours in 46,700 flights. It was powered by CFM 56-5A1 turbofan engines, the latest versions of which are capable of delivering up to 33,000 pounds of thrust. The aircraft manufacturer said it was sending a ""go-team of technical advisers"" to assist French authorities at the scene of the crash. Germanwings' fleet includes 15 active A320s, according to another database, planespotters.net. The A320-200 can seat up to 180 passengers in a single-class configuration. The Germanwings plane was carrying 150 people, including six crew members. According to information from the Aviation Safety Network accident database, there have been 55 incidents involving the A320, not including Tuesday's crash. In December 2014, an Airbus A320 operated by AirAsia Indonesia crashed into the Java Sea en route from Surabaya, Indonesia to Singapore. All 162 people on board Flight QZ8501 were killed. ""The A320 has a fantastic safety record,"" said Phil Seymour, the president of the International Bureau of Aviation. ""There have been a couple of incidents, but generally speaking, they're safer than most aircraft out there now."" Seymour adds that at 24 years old, the aircraft involved in the crash was probably nearing the final years of its working life, but that would not affect safety. ""Airlines would usually consider retiring an aircraft at the 25-30 years point because maintenance costs increase beyond that. ""These things fly day-in and day-out and are designed to go on and on. Airlines usually only decide to retire them because maybe there's a younger aircraft that doesn't use as much fuel and doesn't cost so much to run."" The A320 is a twin engine single aisle aircraft seating 150 passengers in a standard two classes configuration. The first A320 entered service in March 1988. By the end of February 2015 nearly 6,200 A320 Family aircraft were in operation worldwide. To date, the entire fleet has accumulated some 150 million flight hours in over 85 million flights. The worst A320 incident in terms of fatalities was the 2007 crash of a TAM Linhas Aereas plane that killed all 187 on board, plus a further 12 people on the ground when it failed to stop and went off the runway during landing in Sao Paulo in wet conditions. In 2009, in an incident known as the ""Miracle on the Hudson, pilot Chesley Sullenberger landed a U.S. Airways A320 on the Hudson River in New York when the plane lost lost power in its engines after hitting a flock of geese. All on board survived. CNN's Barry Neild contributed to this report.","There have been more than 11,000 orders for the Airbus A320 family .
The plane is the single-aisle rival to Boeing's 737 .
A320 is ""safer than most aircraft out there now,"" says aviation expert ."
"A single-engine plane crashed into a Florida home on Monday, though it managed to land in the backyard with minimal damage to the house . The Beechcraft BE 36 plane 'clipped a power line, skimmed some trees and the struck the back porch of the home before landing' according to police in Citrus County. Police received a call from the Inverness house around 3.45pm Monday and flew 75-year-old pilot Joseph Smith to a hospital for his injuries, which were minor. A Beechcraft BE36 plane landed in a backyard in Inverness, Florida on Monday after having engine trouble on its way up to the central part of the state . The plane managed to avoid landing on the house, which had its owners inside, though it hit a powerline and the back porch . The crashed plane's pilot Joseph Smith, 75, received minor injuries and was flown to a local hospital, according to police . Smith had reportedly been having engine trouble while flying from Marco Island, on Florida's southwest tip, to Ocala, in the central part of the state. He decided to divert towards an airport two miles from where he crashed, according to WTSP. The pilot was the only one aboard the plane. Jennifer and Robert Hoar were inside their home playing pool before the harrowing experience, but were not injured, according to the Tampa Bay Times. The downed power line knocked out electricity to residents of the area, though it was later fixed. Other objects in the Citrus County, Florida, backyard that were damaged by the plane include an above ground pool and a glass table . Crews fixed a downed power line and the Federal Aviation Authority will investigate the circumstances behind the crash . An above ground pool in the backyard was also struck by the plane, which collided with trees and a fence. Glass from a table in the backyard was also shattered. The Federal Aviation Authority will investigate the cause of the crash. The aircraft was registered to Associated Packaging in Gallatin, Tennessee, according to Fox 17. A Joseph Smith is listed as the owner of the company on the Better Business Bureau. The aircraft that landed in the backyard of the Florida home (pictured) was registered to a company in Gallatin, Tennessee owned by a Joseph Smith .","Beechcraft BE36 hit power line, trees, porch, pool and fence .
Pilot, Joseph Smith, 75, received minor injuries and treated at hospital .
Plane had engine trouble and Smith wanted to divert to nearby airport .
No injuries to residents who were home playing pool before crash ."
"A new app has been developed by U.S. Customs and Border Protection that will enable users to skip the long lines at passport control when they return from traveling abroad. The Mobile Passport app for iOS and Android devices allows travelers to enter and submit their passport and customs declaration information using their smartphone or tablet instead of filling out traditional paper forms. On Tuesday Miami International Airport became the second airport in the country to offer the new customs mobile app after an earlier successful trial at Hartsfield–Jackson Atlanta International Airport. Scroll down for video . The Mobile Passport app for iOS and Android devices will allow travelers to enter and submit their passport and customs declaration information using their smartphone or tablet . The free Mobile Passport app is free to download and is currently available to U.S. citizens with a valid U.S. passport and Canadian citizens with both a valid Canadian passport and B1 or B2 visa status . The free Mobile Passport app is free to download and is currently available to U.S. citizens with a valid U.S. passport and Canadian citizens with both a valid Canadian passport and B1 or B2 visa status. After downloading the app, qualified travelers are prompted to set up a profile using information contained in their passport. The app also allows families traveling together to create multiple profiles. Once the profile is complete, travelers can use Mobile Passport to answer standard customs declaration questions, submit their information electronically upon landing, and take advantage of dedicated lanes for Mobile Passport users. 'We're embracing every technology tool available to make sure our passenger experience is as good as it gets,' said Miami-Dade Aviation Director Emilio T. González. 'MIA is the perfect fit for Mobile Passport: we are America's second-busiest port of entry, handling more than 20 million international passengers each year, and our organization is wholeheartedly committed to bringing the latest travel technology to our airport,' Gonzalez said in a statement when the app first rolled out. The new app has been developed by U.S. Customs and Border Protection and will enable users to skip the long lines at passport control when they return from traveling abroad .","The Mobile Passport app will allow travelers to submit their passport and customs declaration information using their smartphone or tablet .
Free to download for iOS and Android, it will allow users to skip the long lines at passport control when they return from abroad .
It is currently available at Miami International Airport and Hartsfield–Jackson Atlanta International Airport .
Currently available to U.S. citizens with a valid U.S. passport and Canadian citizens with both a valid Canadian passport and B1 or B2 visa status ."
"(CNN)""A pilot called me last week, concerned he might have Marfan syndome,"" a health care provider told me recently at a meeting.  ""But if I find he has the disease, do I have to report him to the Federal Aviation Administration?  And if so, should I call him first and tell him that?  Would he lose his job?""  She was totally unsure what to do.  Several other providers were present, and none of them knew, either. ""You should definitely call him and tell him,"" a health care lawyer, who was present, said. ""You have to provide full disclosure."" ""But presumably, he knows that you might do so,"" I said.  ""And if you told him, he might not come in for the check-up."" Marfan syndrome affects connective tissue and can lead to sudden tears in the aortic artery, causing sudden death.  Yet if treated, it poses much less risk, though not necessarily zero. The case raised several specific quandaries about what the responsibilities of medical professionals are and should be -- legally or ethically -- in evaluating pilots. The FAA requires that pilots self-report any diagnoses.  But health care professionals have no obligation to notify anyone.  They may know that a pilot has a medical problem that is poorly or not treated and may endanger passengers, but these providers have no obligation to do anything about it. These issues are crucial, given that Andreas Lubitz deliberately crashed the Germanwings Flight 9525, killing 150 passengers. We still don't know why he committed suicide-murder, but the latest reports indicate he was treated for suicidal tendencies before getting his pilot license. The Germanwings disaster has demonstrated that current standards of medical and psychiatric evaluation are inadequate. The FAA requires only that pilots fill out a psychological questionnaire, asking whether they have had psychological symptoms.  But pilots are not assessed in person by a psychiatrist. Such face-to-face assessments can provide crucial information that self-report forms might miss, partly because pilots might answer inaccurately. Moreover, the FAA requires only that 25% of pilots have a single random drug screen per year.  Pilots may pass drug tests in January and realize that the odds of undergoing subsequent tests that year are nil.  They may hence use more alcohol and recreational drugs. We need to consider changing current policies.  Some alterations are relatively easy.  The FAA should consider requiring far more drug testing -- for all pilots, perhaps every few days. Other possible reforms pose difficult ethical dilemmas, and thus need broad, careful discussion -- e.g., what role providers should play and how much privacy pilots should have. Medical exams and records over time can indicate key problems that a single visit to an FAA doctor may miss.  But requiring more information from pilots diminishes their rights to privacy.  Indeed, such rights impeded investigators from knowing initially the reason Lubitz took a six-month leave and the nature of his medical condition. Physicians have to break patient confidentiality when third parties may be endangered.  The legal precedent for breaking patient confidentiality in this way is the so-called Tarasoff case, in which a young patient told his psychologist at the University of California at Berkeley that he wanted to kill his girlfriend, Tatiana Tarasoff.  The psychologist alerted the campus police, though not the city police or Tarasoff. Unfortunately, the patient then killed Tarasoff.  A court found the psychologist liable. These violations of patient confidentiality make us providers uncomfortable. As a physician, I have had to report patients whom I even suspected might be abusing a child.  I remember one patient who came to the emergency room for psychiatric problems mentioning that she sometimes hit her toddler son with the end of an electrical cord, swinging it until the thick part banged him.  As I asked more, she began to cry. I felt terrible for her and was unsure how dangerous her actions were, but I erred on the side of protecting the child's safety and contacted social services.  When I told her, she nodded, then whispered thank you.  She knew she needed help. Still, in Germany and several states, providers do not have to break patient confidentiality, even when they think the patient may endanger others. Critical dilemmas arise, though, of what threshold should be used concerning which diagnoses and how much their successful treatment should matter.  Some diagnoses may be treatable and thus permissible if doctors examine the pilot more frequently than once a year. Early in the HIV epidemic, for instance, some critics argued that HIV-infected pilots should be barred from flying, since the virus could cause neurological problems.  Fortunately, the FAA decided that evidence of actual neurological deficits -- not infection alone -- should ground these employees. Physicians arguably should consider reporting pilots who have, for instance, epilepsy, manic-depression or diabetes that leads to coma if these conditions are not well controlled with medications. Yet stigma can make pilots fear job loss and thus hide diagnoses and not seek treatment.  The FAA could require that pilots seek treatment in order to fly, but some pilots may still simply cover up problems. Ideally, the clinician should be able to talk with the pilot about the need not to fly and arrange a leave for a few months to improve treatment.  Good employee assistance programs and trust are also needed. In addition, we need research to find how much physician reporting would reduce risks or lead pilots to camouflage problems. Questions still arise of whether even the suspicion of a problem that could impede function should warrant reporting. An individual may seem fine weeks or even days before becoming seriously depressed.  Careful, transparent discussion, involving medical experts, pilots, policymakers and others, to establish  policies with clearly established cutoffs are thus vital. Unfortunately, suicides, for instance, are impossible to predict.  But much can be done to improve the current system.","Robert Klitzman: Physicians should consider reporting pilots who have medical problems such as depression .
Yet stigma can make pilots fear job loss and thus hide diagnoses and not seek treatment .
The FAA could require that pilots seek treatment in order to fly, but some pilots may still simply cover up problems ."
"A passenger has recorded video of the terrifying moment flames shot out of a Lufthansa plane’s engine after striking a flock of birds off the coast of Lebanon. The bird strike occurred moments after the Airbus A321 took off from Beirut’s international airport en route to Frankfurt. The plane was carrying 144 passengers when it lost power in one of its two engines and was forced to turn around and make an emergency landing in Beirut. A passenger happened to be filming the plane's take-off when it struck a flock of birds near Beirut . The plane was carrying 144 passengers when it lost power in one of its two engines and turned around . Footage recorded by the passenger shows bright flashes of light outside the window as birds were sucked into the left engine over the Mediterranean Sea on Tuesday morning. In slow motion, the footage shows flames shooting out of the engine as it failed, illuminating the left wing as the plane ascended shortly before 5am local time. Passengers applauded and cheered when the plane landed safely about 10 minutes later. The person who recorded the footage wrote online: ‘Thirty-six seconds after take-off we were already above the sea, we heard the sound of two brutal explosions from the engine underneath. Passengers applauded and cheered when the Airbus A321 made an emergency landing in Beirut . Flight DLH1307 was forced to turn around and land at Beirut's international airport after hitting a flock of birds . ‘The aircraft started shaking and vibrating. It also smelled burning from the inside.’ A Lufthansa spokesman told MailOnline Travel: ‘The aircraft landed safe and all passengers left the aircraft over the normal stairs. ‘All passengers have been offered hotel accommodation and were rebooked on other airlines and on our scheduled daily services.’ The bird strike involving flight DLH1307 prompted a warning from Lebanese aviation authorities, who told pilots to exercise ‘extreme caution’, the Daily Star reported. Daniel al-Haiby, director general of Lebanon’s Civil Aviation Authority, told the newspaper that bird strikes are common at this time of year due to bird migration near Beirut’s international airport.","Bird strike occurred moments after Airbus A321 took off from Beirut .
Footage shows bright flashes as flames shoot from plane's left engine .
Pilot made an emergency landing in Beirut after engine failed .
Most of the 144 passengers applauded and cheered as plane landed safely .
Passengers were offered hotel rooms and rebooked on other flights ."
"(CNN)A quick descent. No distress call. The pilot's actions. It will be months, or longer, before the causes behind Tuesday's crash of Germanwings Flight 4U 9525 are known, but there are initial clues that aviation experts say will be the most important to investigators. Speculation comes in the wake of any tragedy such as this, but experts say certain facts can be significant for those who want to know what happened. The most useful clues so far: . One of the plane's ""black boxes"" has been recovered, the French interior minister said. The data recorder will be the most useful in determining the cause of the crash. Its contents are still unknown, but it is a good sign that it was found just hours after the crash. France's aviation accident investigation bureau will examine the device immediately, the interior minister said. Real-time flight data available to the public tells a key part of the story. According to online flight trackers, the Germanwings plane had been flying at 38,000 feet when, about 30 minutes into the trip, it started descending. Six minutes later, it was recorded at 24,000 feet -- a drop of 14,000 feet. It continued to descend after that -- it's last recorded altitude was 11,400 feet. The rate of descent indicates that the pilot was still controlling the plane to some extent, CNN aviation analyst Mary Schiavo said. If the engines had stalled, the plane would have crashed in less time, she said. Departure: Barcelona, Spain, at 10:01 a.m. (26 minutes late) Destination: Scheduled to land in Dusseldorf, Germany, at 11:39 a.m. Passengers: 150 (144 passengers, six crew members) Airplane: Airbus A320 (twin-jet) Airline: Germanwings (budget airline owned by Lufthansa) Flight distance: 726 miles . Last known tracking data: 10:38 a.m. Last known speed: 480 mph . Last known altitude: 11,400 feet . Last known location: Near Digne-les-Bains, France, in the Alps . Sources: CNN and flightaware.com . The initial data about the plane's descent means that the pilot could have been trying to make an emergency landing, or that the plane was gliding with the pilot's guidance, Schiavo said. A scenario where the plane was gliding is potentially more dangerous because wide fields for landing would be hard to come by in the mountains, she said. Another aviation analyst, David Soucie, said the quickness of the descent shows something went wrong, but also that the plane was not out of control. The plane was descending ""faster than an elevator at that point. You're feeling it down. It's pulling you down, and you can sense that,"" Soucie said. A telling piece of data is that the plane maintained speed as it descended, he said. It could show that the pilot was aware that something was wrong and was controlling the speed as the plane went down. ""It was a controlled descent, and there was something that had gone wrong that he had no control over or he would have controlled it,"" Soucie said. The data on air traffic accidents are clear: A majority of accidents happen upon takeoff or landing. According to the Federal Aviation Administration, even though 83% of a plane's flight time is taken up with the climb, cruise and descent phases, less than 16% of accidents happen during this period. Soucie described the timing of the crash as an ""anomalous thing that happened."" It is ""incredibly rare to happen in the middle of the flight,"" he said, meaning the pilot would have to act fast. Contrary to some early reports, the French Civil Aviation Authority told CNN that the crew of the Germanwings plane did not issue a distress call. It was air traffic controllers who sent out a distress call after radio contact with the plane was lost. The lack of an emergency call can raise a red flag to a nonpilot. Why would a pilot not alert someone that there is an emergency? Does it hint to an incursion in the cockpit or a pilot's motives? It might sound counterintuitive, but calling for help is not the first thing on a pilot's checklist when things go wrong. Soucie said the principle that a pilot follows during an emergency is this: Aviate, navigate and communicate. In other words, before turning on a distress call or transponder, the pilot's first concern is to fly the plane, and secondly, to find the safest option for a crash landing, if it comes to that. The Germanwings pilot ""was definitely aviating and navigating from what we can tell,"" Soucie said. The pilot was conceivably looking for a place to try to land, he said. A distress call -- had it happened -- could have signaled a different story. Schiavo explained that there are codes that pilots have -- certain words that if uttered by the pilot indicate to air traffic controllers that there is a hijacking. The initial reports are that there was no hijack code transmitted from the plane. A big part of determining the cause of the crash will be whether such a code was sent or not. ""I don't think you'd rule anything out at this point,"" CNN aviation analyst Miles O'Brien said. ""It's not like it appears as if it was an in-flight breakup. So what was going on in the cockpit is what we're going to be talking about in the coming days."" O'Brien pointed out the known details of the crash -- a rapid descent, no radio call and a flight that continues into the mountains -- are not part of a ""typical emergency scenario."" There were no reported weather issues during the plane's flight, but that does not mean you can rule these out as a possible cause, pilot and CNN aviation analyst Les Abend said. One thing Abend was looking at was a cold front progressing in the area where the plane was. It indicated some precipitation at lower altitudes. So there may not have been bad weather at the cruising altitude, but ""at lower altitudes, as they were beginning the descent, their visibility may have been obscured,"" Abend said. Reduced visibility in and of itself is not a huge issue, but the weather may have deteriorated as the plane descended and be a possible factor in the crash, he said.","CNN aviation analyst says this is not a typical emergency incident, but all possibilities are part of probe .
The cause behind the crash of the Germanwings plane is unknown .
There are early clues, however, that will be key to investigators ."
"They are two of the most glamorous of Europe's royals and today was no exception for the Netherlands' Queen Maxima and Denmark's Crown Princess Mary. The two royals were visiting the carbon-neutral Samsø island, a small speck of land just off Denmark's Jutland Peninsula, and just about managed to hold on to their hats during a blustery ferry ride there. Thanks to the churning Baltic waves, the two also suffered a wobbly moment as the ferry, called Kalhave, lurched beneath them. Scroll down for video . Hats off to Mary and Maxima! The Dutch and Danish royals were glamorous in matching trilbies . 70s redux: Maxima had nailed this season's 70s trend with her tailored camel coat . Maxima, 43, was resplendent in a fitted camel wool coat-dress while Australian-born Mary, also 43, opted for a chic grey cape coat. Joined by Crown Prince Frederik, 46, and King Willem-Alexander, 47, the two royals, who are long-standing friends, traded quips as they made the crossing. Glamorous though the royals looked, they looked even more so during an evening reception celebrating Dutch culture at the Royal Library in Copenhagen. Maxima, resplendent in a russet one-shoulder floor-length gown studded with rhinestones, showed no sign of fatigue, instead displaying a gorgeous golden tan. The royal kept things informal, however, by wearing her long blonde hair loose and curled while Willem-Alexander was dapper in his dinner jacket. Stylish: Queen Maxima is glamorous in russet as she arrives at the Royal Library in Copenhagen . Convivial: King Willem-Alexander cracked a joke as he posed with the Danish royals outside the venue . Not to be outdone, Crown Princess Mary was striking in a chic strapless black dress with a flattering empire-line cut. In contrast to her Dutch counterpart, the Australian-born royal had pulled her hair into a sleek low chignon and wore eye-catching diamond-shaped gold earrings. Equally glamorous was Denmark's Queen Margrethe who donned a rose-pink gown with a white lace bodice and fur shrug. The men too looked good, with Margrethe's husband Prince Henrik natty in a dark blue dinner jacket while their son Frederik scrubbed up well in a matching number. Chic: Dutch King Willem-Alexander, Danish Queen Margrethe, Dutch Queen Maxima and Prince Henrik . Glowing: Maxima traded her usual large jewels for a discreet diamond necklace and matching earrings . The cultural celebration topped a busy day in which the two sets of European royalty experienced the best of Danish weather on a sunny but  blustery ferry crossing. The Dutch royals are currently in the middle of a three-day trip that began on Tuesday with a royal welcome at Copenhagen's Kastrup Airport. After spending a low-key afternoon meeting students at the University of Aalborg, things took a turn for the glamorous during their first evening, courtesy of a banquet at Christiansborg Palace. With Prime Minister Helle Thorning-Schmidt and the Scandinavian country's 74-year-old monarch Queen Margrethe also in the room, the dinner saw plenty of toasts - and even better fashion. All smiles: The two royal couples appeared to be in good spirits as they arrived on Samsø island . Hanging on: At one point, the Baltic breeze threatened to send both royals' hats flying . As is her wont, Maxima pulled out all the stops in royal blue, while Queen Margrethe rose to the occasion in a spectacular pale blue dress. Not to be outdone, Crown Princess Mary looked wonderful in white, while her sister-in-law, French-born Princess Marie, shimmered in lilac. On Wednesday morning, it was back to business with the two couples travelling to Samsø Island to visit a special type of Danish boarding school called an efterskole. Most Danish teenagers spend at least a year at the state boarding schools, where they are encouraged to focus on specific interests such as music. Getting there: Mary clutches her hat during the ferry ride to Samsø Island this morning . All together: The Dutch royals are on a three-day official state visit to Denmark . Looking good: Maxima and King Willem-Alexander were accompanied by Mary and Crown Prince Frederik . Close: The two couples, who are of a similar age, are known to be close friends . Chilly: Despite the sunshine, there was a stiff breeze blowing in off the Baltic . Enjoying their visit: Maxima and Willem-Alexander appeared to be enjoying their visit to Denmark . The efterskole on Samsø focuses on aquatic sports, diving, aviation and golf, with pupils giving the royal party, among them sport-mad Frederik, a tour of the school. Frederik and Mary have suffered a bumpy few months, thanks to a film about the Crown Prince's playboy past that is set to be screened later this year. A second programme, this time being made for Australia's Channel Ten, could also cause some discomfort, thanks to claims that Mary had had second thoughts in the run-up to her 2004 wedding. By contrast, Queen Maxima and King Willem-Alexander have enjoyed a smooth ride of late, with Maxima in particular becoming increasingly popular. One of the most glamorous royals in Europe, the Argentina-born mother-of-three has proved a hit with her Dutch subjects, thanks in no small part to her charity work. She will have plenty of opportunity to do more of that during this week's state visit, with a trip to Bispebjerg Hospital also on their itinerary today. Sharing a joke: Mary and Maxima share a joke as they arrive at the Samsø efferskole . Shake on it: Mary and Maxima are all smiles as they meet well-wishers at the boarding school . Hay hay: Mary and Maxima visit the island's heating plant, which uses hay to produce hot water . Looking around: Crown Prince Frederik and wife Mary tour the efferskole . Glamorous gathering: Queen Margrethe, Queen Maxima, King Willem-Alexander and Crown Prince Frederik . Enjoying a chat: Queen Maxima and Crown Prince Frederik exchange notes during the dinner . Skål! The Dutch and Danish royals clink glasses during the state dinner at Christiansborg Palace . Making an entrance: Crown Prince Frederik and his Australian-born wife Crown Princess Mary . Looking good: Mary was elegant in a floor-length white gown and a pair of metallic court shoes . Warm welcome: Queen Maxima, dressed in royal blue, gets a kiss from Prince Henrik . Big arrival: Prince Joachim and his wife Marie (left) and Princess Benedikte and her husband Prince Richard . Lavish: Christiansborg Palace sits on an island called Slotsholmen in central Copenhagen . Welcome: The Danish royals gather on the red carpet to welcome their Dutch counterparts . Red carpet treatment: Mary curtsies to King Willem-Alexander while Prince Joachim (right) waits in line . Meeting: The Dutch royals also enjoyed a meeting with Denmark's Prime Minister, Helle Thorning-Schmidt .","Queen Maxima and Crown Princess Mary both wore trilbies for visit .
They were visiting a specialised state boarding school called an efterskole .
Travelled to the tiny carbon-neutral Samsø Island by ferry .
Were joined by King Willem-Alexander and Crown Prince Frederik .
Dutch royals are in the middle of three-day state visit to Denmark .
Later attended a banquet at the Royal Library in Copenhagen ."
"Malaysia Airlines has revealed that an expired battery in the beacon of the 'black box' flight data recorder on missing Flight MH370 would have made no difference in the search for the plane. Lawyers acting for some of the families of those on board said earlier that the fact the battery had not been replaced could be key in any legal action against the airline. MH370 vanished shortly after taking off from Kuala Lumpur, bound for Beijing, early on March 8 last year, becoming one of the greatest mysteries in aviation history. Malaysia Airlines has revealed that an expired battery in the beacon of the 'black box' flight data recorder on missing Flight MH370 would have made no difference in the search for the plane . A 584-page interim report into the disappearance of the Boeing 777-200ER, released on Sunday, said the beacon battery for the flight data recorder had expired in December 2012 and was not replaced. The beacon is designed to send a signal if a crash occurs in water. Malaysia Airlines said in a statement on Monday that a similar beacon was also installed with the solid state cockpit voice recorder  and its battery life was still good. Emotional: A Chinese relative of a missing passenger on Malaysia Airlines flight MH370 weeps outside the main gate of the Lama Temple  in Beijing today . Sadness: A relative of MH370 passengers holds a sign reading 'Dad I miss U!' outside the Lama Temple today . 'The SSCVR battery would have been transmitting for 30 days upon activation when immersed in water,' MAS said in the statement. U.S. law firm Kreindler & Kreindler LP, which is representing around 20 families, had said the expired battery was 'potentially very significant' in determining compensation if it had hurt the search for the missing plane. The oversight was blamed on a failure to properly update a computer system in the engineering department of Malaysia Airlines, Malaysia's Department of Civil Aviation said in Sunday's report. The plane, which was travelling from Kuala Lumpur to Beijing, went missing with 239 people on board on March 8, 2014 - and a huge search in the Indian Ocean has so far proved fruitless. Family: There were 239 people on board the flight when it disappeared  en route from Kuala Lumpur to Beijing . Relatives of MH370 victims: (Clockwise from top left)  Li Jiuying holds a picture of her brother Li Guohai;  Jacquita Gonzales holds a portrait of her husband,  in-flight supervisor Patrick Gomes; Liu Kun displays a photo of his brother Liu Qiang; and Chinese woman Dai Shuqin, who lost five members of her family . Apart from the anomaly of the beacon, the report devoted many of its pages to describe the complete normality of the flight - shedding little light on one of aviation's biggest mysteries. The significance of the expired battery was not immediately apparent, except indicating that searchers would have had lesser chance of locating the plane, even if they were in its vicinity. The report said: 'The sole objective of the investigation is the prevention of future accidents or incidents, and not for the purpose to apportion blame or liability.' Whilst the battery had expired on the beacon of the Flight Data Recorder, the report said that the battery on the locator beacon of the cockpit voice recorder was working. Standing together: Relatives of MH370 passengers attend an event today marking the one-year anniversary of its disappearance in Kuala Lumpur, Malaysia . Calling for their return: The brother of a missing passenger writes a message during the Kuala Lumpur event . Memories: Two Chinese people hold a picture of their son, an MH370 passenger, during the event in Malaysia . Remembered: Jie Yie, four, holds a picture of her grandmother Lee Sew Chu and her aunt Ng May Li who were aboard MH370, in Kuala Lumpur today . Ordeal: A Chinese relative of a missing passenger on  MH370 cries as she sits on the curb outside the Malaysia Embassy  in Beijing . The two instruments are critical in any crash because they record cockpit conversation and flight data, leading up to the end of the flight. Relatives of passengers and crew today marked the anniversary of the day the plane went missing, under a heavy police presence. Chinese relatives had planned to commemorate the disappearance of the Boeing 777 at a number of sites in Beijing, including the Malaysian embassy, the airport and the Lama Temple, a popular Tibetan Buddhist place of worship and tourist site. Dozens of uniformed security sealed the street around the diplomatic mission, while relatives said they had opted to avoid the airport as police were out in force. The big question: Artist Sudarsan Pattnaik creates a sand sculpture of MH370 on Puri beach in Odisha, India . Writing: A family member of MH370 pens a message on a balloon during a memorial event  in Kuala Lumpur . Tears: Wang Guohui (right), mother of MH370 passenger Li Zhi, cries next to another passenger's relative . Sign: Catherine Gang, whose husband Li Zhi was on the plane, holds a banner outside Lama Temple today . About 30 visited the Lama Temple, with around 10 entering the site in groups of two or three to pay their personal respects, as if attempting to keep a low profile. Flight Captain: Zaharie Ahmad Shah . The physical and mental well-being of Flight Captain Zaharie Ahmad Shah was examined by the report, which said he had no known history of apathy, anxiety or irritability. 'There were no significant changes in his lifestyle, interpersonal conflict or family stresses,' it said. It also said there were 'no behavioural signs of social isolation, change in habits or interest, self-neglect, drug or alcohol abuse' by the captain, his first officer and the cabin crew. Financial checks also showed nothing abnormal about their gross monthly income and spending pattern. It said the captain held several bank accounts and two national trust funds. He had two houses and three vehicles, but there was no record of him having a life insurance policy. Co-pilot: First Officer Fariq Abdul Hamid . The co-pilot, First Officer Fariq Abdul Hamid, had two saving accounts and a national trust fund account. He owned two cars and 'spent money on the upkeep' of these vehicles. 'He does not have much savings in his bank account. He has a life insurance policy,' it said. The remainder waited outside the temple in a group, wearing T-shirts saying 'Pray for MH370', and waving placards to photographers reading 'Keep searching for MH370'. Meanwhile, Voice 370 - a support group for the relatives - hosted a 'Day of Remembrance' at a shopping centre in Kuala Lumpur with songs, poems and prayers. Grace Subathirai Nathan, whose mother Anne Daisy was on the plane, said: 'It is important to highlight to the public that we still don't have any answers and that we must pursue the search.' The Malaysian prime minister said he still is hopeful the plane will be found. Najib Razak said: 'The lack of answers and definitive proof - such as aircraft wreckage - has made this more difficult to bear. 'Together with our international partners, we have followed the little evidence that exists. Malaysia remains committed to the search, and hopeful that MH370 will be found.' While the country's government has already formally declared the disappearance of the plane as an accident, and said all those on board are presumed dead, relatives of those on the flight have said they are frustrated by the lack of answers. Ministers from Australia, China and Malaysia are expected to meet next month to decide on the next course of action for the wide-ranging search. Chinese Foreign Minister Wang Yi said his government would provide 'all needed service to every next of kin' and help uphold their 'legitimate and lawful rights and interests'. Most of the plane's passengers were Chinese. 'A year has passed, the plane has not been located, but the search effort will continue,' Mr Wang told a news conference in Beijing. 'Today must be a difficult day for the next of kin. Our hearts are with you.' The report by an independent investigation group went into minute details of the crew's lives, including their medical and financial records and their training. It also examined the aircraft's service record, as well as the maintenance schedule, weather, communications systems and other aspects. No way though: A journalist (right) is blocked by Chinese police outside Lama Temple after prayers in Beijing . A relative of a Chinese passenger from MH370 shows a poster saying 'Bring the MH370 passengers home' Moving away: Chinese police block journalists with cameras filming relatives of MH370 passengers in Beijing . Talking: A relative of a Chinese passenger from MH370 speaks to the foreign media outside the Lama Temple . These showed nothing unusual except for the one previously undisclosed fact of the battery's expiry date. It said that according to maintenance records, the battery on the beacon attached to the Flight Data Recorder expired in December 2012. 'There is some extra margin in the design to account for battery life variabilty and ensure that the unit will meet the minimum requirement,' it said. 'However, once beyond the expiry date, the (battery's) effectiveness decreases so it may operate, for a reduced time period until it finally discharges,' the report said. While it is possible the battery will operate past the expiry date, 'it is not guaranteed that it will work or that it would meet the 30-day minimum requirement,' said the report. It is one year since Malaysia Airlines flight MH370 went missing. Here is a timeline of the main events over the last 12 months. 2014 . 2015 .","Malaysia Airlines say the expired battery in the beacon is insignificant .
Lawyers say it could be key in any legal action against the airline .
Plane from Kuala Lumpur to Beijing vanished with 239 people on board .
Wide search since incident on March 8, 2014 has so far proved fruitless .
Report looks at complete normality of flight which became huge mystery ."
"Amazon has won U.S. federal regulators' approval to test its drone delivery service. The . e-commerce giant hopes to speed packages to . customers through the air - despite public concern over the safety . and privacy implications. The Federal Aviation Administration said on Thursday it had . issued an experimental airworthiness certificate to an Amazon . unit and its prototype drone design, allowing it to conduct . outdoor test flights on private, rural land in Washington state. Scroll down for video . the company must supply monthly data to the regulators, and conduct flights at 400 feet (120 metres) orbelow and in 'visual meteorological conditions,' Amazon is developing aerial vehicles as part of Amazon Prime Air. The aircraft can travel at more than 50mph and carry loads of up to 5 pounds. About 86 percent of Amazon's deliveries are 5 pounds or less, the company said. 'We believe customers will love it, and we are committed to making Prime Air available to customers worldwide as soon as we are permitted to do so,' Amazon has said. The experimental certificate applies to a particular drone . design and Amazon must obtain a new certification for test . flights if it modifies the drone. In return, the company must supply monthly data to the . regulators, and conduct flights at 400 feet (120 metres) or . below and in 'visual meteorological conditions,' according to . the FAA's certificate. The drone operators must also have a private pilots' license . and current medical certification. Amazon Chief Executive Jeff Bezos wants to use drones - . small unmanned aircraft - to deliver packages as part of a . program dubbed 'Prime Air.' The company is developing drones . that can fly at speeds of 50 miles per hour (80 kph), operate . autonomously and sense and avoid objects. Amazon sought permission from the FAA to test drones in . outdoor areas near Seattle, where one of its research and . development labs is working on the technology. The company has . conducted test flights outside the United States, in countries . with looser restrictions. In February, the FAA proposed long-awaited rules to try to . set universal guidelines for drones, addressing growing interest . from both individual and corporations in using unmanned aerial . vehicles. The draft rules, nearly 10 years in the making, still . must undergo public comment and revision before becoming final, . a process expected to take at least a year. Amazon did not immediately respond to requests for comment. It has previously threatened to take its testing outside the US. 'In the absence of a timely approval by the FAA to conduct outdoor testing, we have begun utilizing outdoor testing facilities outside the United States,' Amazon vice president Paul Misener said in a letter to the Federal Aviation Administration. 'These non-US facilities enable us to quickly build and modify our Prime Air vehicles as we construct new designs and make improvements,' he said.","FAA gave go-ahead for trials on private rural land in Washington State .
Amazon hope Prime Air service could make deliveries in under 30 minutes ."
"Fresh security fears have been raised in Paris after a drone was seen hovering over the current offices of the Charlie Hebdo magazine. The sighting was one of around a dozen reported over sensitive sites in the French capital in just one day earlier this week. One of those came from a police officer who claimed he saw an unnamed aircraft flying over the offices of Liberation newspaper where staff from Charlie Hebdo are now based after their building was targeted by Islamic militants in an attack that killed 12 people. New alert: A drone was seen hovering over the current offices being used by staff at the Charlie Hebdo satirical newspaper (above) following the terror attack on their building that killed 12 people in January . New threat: French law bans small, civilian drones from areas such as nuclear facilities, which are protected by a no-fly zone that spans a 1.6-mile radius and a height of 1,000 metres. The above drone crashed on the grass near the White House in the United States earlier this year . Police pursued the drone, but lost it at the porte de Montreuil, which leads to the ring road southeast of the capital. However, it was later spotted at  Porte de Vincennes, where a fanatical accomplice of the Charlie Hebdo killers shot dead four people at a Jewish supermarket, the Daily Telegraph reported. Another drone sighting was reported over eastern Paris where witnesses saw three men retrieve the aircraft and drive off in a black car before police could arrest them, a police source said. No arrests were made over the flights, which also reportedly took place near the River Seine, the Place de la Concorde and the Invalides military museum. French police have vowed to track down and . arrest the operators of the drones amid fears from the public they could be used to attach explosives or toxic chemicals. Earlier this week, Interior Minister Bernard Cazeneuve told . parliament that some 60 drone flights over Paris and over . nuclear power plants had been reported since October 5. Tension: In other sightings, drones were also seen flying around the  Eiffel Tower earlier this year . Drones were also spotted flying near the Invalides military museum, where Napoleon Bonaparte is buried . Flights over Paris without authorisation from aviation . authorities are illegal, as is the use of airspace up to 1,000 . metres above a nuclear site. 'We need to be very vigilant on this, we're going to have to . be extremely careful,' government spokesman Stephane Le Foll . told France Info radio, referring to the drones. 'The day that . we find the people who are doing this, there will be penalties... we will find them, sooner or later.' France is still on high alert following a series of attacks . in January that killed 20 people, including three attackers. Interior Minister Cazeneuve also told parliament he wanted . to equip police with 'new legal tools' to crack down on the . illegal use of drones in sensitive areas. On Tuesday, a court fined a British journalist 1,000 euros ($1,100) for flying a drone over central Paris and confiscated his machine. Tristan Redman, 34, from the Qatar-based network Al-Jazeera, was arrested last month in the Bois de Boulogne park on the western edge of the French capital along with two other journalists. The two others were released and Redman pleaded guilty to flying a drone over the capital, which is illegal under French law. France remains on high alert after jihadist attacks in and around the French capital in January left 17 people dead.","Police officer saw aircraft flying over current office of satirical newspaper .
Later seen hovering over area where jihadist killed four at Jewish store .
Police also investigating a dozen sightings across the capital on Tuesday .
France on high alert after terror attacks that killed 17 people in January ."
"Champion skydiver Michael Vaughan has died in hospital following a skydiving accident on Friday. Mr Vaughan, aged in his 40s, had spent more than 24 hours hospitalised in a critical condition after the accident. His family and friends  spent the day by his side in a Gold Coast hospital, hoping and praying for him to pull through. He died after his family made the heartbreaking decision to turn off his life support. News of his death came after the identity of the woman who died when their parachutes tangled mid-air was confirmed as Briony 'Alana' Clarke. Scroll down for video . Family and friends of Michael Vaughan have taken to social media to wish him well in his recovery as he remains in a critical condition after a skydiving accident near Sydney on Friday afternoon . Mourners have flooded Mr Vaughan's Facebook page with messages since the news of his death broke. 'Fly Free. The world has lost an absolute gentleman,' one post read. 'You shall be remembered as a man with great talent, passion, patience and as someone who never stopped giving in this sport of ours. Thanks for sharing your skills with so many. Fly free and have fun up there and all around us...Massive love and hugs to your family and to Kate,' another read. Tragedy struck when the 29-year-old woman and Michael Vaughan attempted a mid-air manoeuvre on Friday afternoon. This left Mr Vaughan in a critical condition while NSW Police confirmed on Saturday that Ms Clarke died at the scene. Mr Vaughan was taken to hospital and has reportedly survived surgery overnight, according to the Australian Parachute Federation. Tragedy struck when Mr Vaughan and a woman, reportedly an experienced skydiver in her 30s, attempted a mid-air manoeuvre . The woman, which the Herald Sun reports to be Briony 'Alana' Clarke, was killed while Mr Vaughan was taken to hospital . Mr Vaughan's Facebook page was early filled with words of encouragement and photos shared by loved ones worldwide. One friend from the US wrote: 'Vaughny, we ALL need you! Please, fight!' 'Pull through this Vaughany. You are loved by so many my friend,' another friend posted on Facebook. The Australian Parachute Federation issued a statement earlier on Saturday, saying Mr Vaughan 'is in critical condition but has survived the night and is undergoing some more tests'. 'The families of both Kate [believed to be Mr Vaughan's partner] and Michael thank you for your support and messages and are grateful for your prayers,' the statement reads. Mr Vaughan, who is believed to be a champion of the sport, has made more than 10,000 jumps in his career, and is considered one of Australia's best 'canopy pilots'. A woman was killed and a man is in a critical condition following the accident . Emergency services arrived at the scene in Tyagarah, near Bryon Bay, about 3:30pm . Police believe the accident was caused when the parachutes of the skydivers became tangled during the jump . Mr Vaughan's Facebook page has been flooded with words of encouragement and photos shared by loved ones . It is believed the duo was training together when the accident occurred . According to an advertisement posted online, Mr Vaughan held a training course from March 20 to 27. An flier for the event posted by Mr Vaughan read: 'work on your landings or come fly with me.... Or BOTH!!!' Mr Vaughan also shared a group photo of members who were part of his landings course a day before the accident. Among those tagged in the photo was Alana Clarke, who wore a blue jumpsuit. Details emerged that Friday was slated to be a 'flying', course in which participants learnt manoeuvres such as in-flight stalls and high-performance landings. Varying reports have emerged of what happened in the air, but investigators from the Australian Parachute Foundation (APF) now believe the pair collided and became entangled during a dive that required them to fly close together. The trouble started below 3000 feet after the parachutes opened, according to investigators who visited the site on Saturday. Entangled, the pair spiralled towards the Tyagarah farmland, near Byron Bay, and hit the ground about 3.30pm. APF safety and training manager Richard McCooey says there is usually a procedure to use a reserve parachute in the event of a mid-air tangle. Investigations will focus on why that option wasn't used. The South Queensland Parachute Council released an update on Mr Vaughan's condition on Friday night on its Facebook page. 'At the hospital with Michael's family,' the post read. 'He is in surgery for the last two hours and will be there for a few more. His injuries are very severe and we do not know if they are survivable. Please keep praying for him. He has already survived more than they expected him to so that is something.' Another post said the 'entire skydiving nation (is holding) its collective breath'. The pair had been training together at Skydive Byron Bay, according to the AAP. They landed heavily at an airstrip off the Pacific Highway in Tyagarah, after the jump around 3:30pm on Friday afternoon. Michael Vaughan is a champion of the sport and had made more than 10,000 jumps in her career before Friday's tragic accident . 'A group of people jumped. Two of those people's parachutes opened normally but close to each other and they collided after their parachutes opened,' McCooey said, according tothe Daily Telegraph. 'Their parachutes collided, and then what tends to happen is their parachutes become tangled. 'That upsets the normal descent rate of the parachute and they descend faster than they are meant to ... they have impacted the ground very hard.' The pair was treated at the scene by paramedics, however the woman, who has not been formally identified, died. The man has been flown to Gold Coast hospital in a critical condition. Mr Vaughan is considered one of Australia's best 'canopy pilots' and trained other skydivers . 'It's not a common activity within skydiving,' CEO of Skydive the Beach Anthony Boucaut told AAP. 'The canopies dock on each other, they touch each other's parachutes. '(The moves are) part of an internationally recognised competition.' While police investigate the death and the man fights for his life, Mr Boucaut said the crash would reverberate throughout the skydiving community. 'It's a horrific incident, with two highly skilled people,' he told AAP. Mr Vaughan held a training course from March 20 to 27. A post advertising the event from Mr Vaughan read: 'work on your landings or come fly with me.... Or BOTH!!!' 'The gentleman involved in the incident is a world and Australian champion. 'He's regarded highly in the community.' Civil Aviation Safety Authority spokesman Peter Gibson said the Australian Parachute Foundation would be responsible for investigating the tragedy, with a report to be handed to CASA for review. 'They take carriage of it but we certainly review it all and make any decisions about whether any ations are needed,' he said. Meanwhile, another parachuting accident has left a man in a serious condition in Victoria on Saturday morning. He hit his head and suffered pelvic and leg injuries after a 'rapid descent' and 'hard landing' at Barwon Heads on Saturday, Ambulance Victoria says. The man, who is yet to be identified, was airlifted to the Alfred Hospital in a serious but stable condition. The woman was pronounced dead at the scene, and the man has been flown to a Gold Coast hospital (stock picture) Civil Aviation Safety Authority spokesman Peter Gibson said the Australian Parachute Foundation would be responsible for investigating the tragedy, with a report to be handed to CASA for review (stock picture)","Champion skydiver died in Gold Coast hospital after 24 hour fight .
Michael Vaughan was critically injured in an accident on Friday afternoon .
Friends and skydivers flooding Mr Vaughan's Facebook page with message .
Police confirmed Briony 'Alana' Clarke, 29, died at the scene .
Skydiving community says it is mourning loss of 'beautiful skysister'
Champion skydiver Michael Vaughan remains in a critical condition .
Friends and family have urged Mr Vaughan to fight for his life .
Police say accident is a result of parachutes entangled during jump .
'It's a horrific incident', company CEO says after the tragic fall ."
"Friends and family of tragic skydivers Michael Vaughan and Alana Clarke have flocked to their social media pages to pay tribute to the pair, who died in a freak accident on Friday. Mr Vaughan, aged in his 40s, had spent more than 24 hours hospitalised in a critical condition after the accident. His family and friends  spent the day by his side in a Gold Coast hospital, hoping and praying for him to pull through. He died after his family made the heartbreaking decision to turn off his life support. News of his death came after the identity of the woman who died when their parachutes tangled mid-air was confirmed as Briony 'Alana' Clarke. Scroll down for video . Michael Vaughan (left) died after being involved in a freak skydiving accident in Byron Bay . Mourners have flooded Mr Vaughan's Facebook page with messages since the news of his death broke. 'Took Dawn for a jump this morning, blowing kisses under canopy for Alana Clarke and Michael Vaughan,' one commenter said. 'It's a tough time for our family's & friends but it was nice to be in the air. 'They will be missed and never forgotten.' 'Fly Free. The world has lost an absolute gentleman,' one post read. 'You shall be remembered as a man with great talent, passion, patience and as someone who never stopped giving in this sport of ours. Thanks for sharing your skills with so many. Fly free and have fun up there and all around us...Massive love and hugs to your family and to Kate,' another read. Skydiver Alana Clarke (pictured) died at the scene. She has been remembered by friends and family on social media . Tragedy struck when the 29-year-old woman and Michael Vaughan attempted a mid-air manoeuvre on Friday afternoon. This left Mr Vaughan in a critical condition while NSW Police confirmed on Saturday that Ms Clarke died at the scene. Mr Vaughan was taken to hospital and has reportedly survived surgery overnight, according to the Australian Parachute Federation. Mr Vaughan's Facebook page was early filled with words of encouragement and photos shared by loved ones worldwide. One friend from the US wrote: 'Vaughny, we ALL need you! Please, fight!' Family and friends of Michael Vaughan have taken to social media to wish him well in his recovery as he remains in a critical condition after a skydiving accident near Sydney on Friday afternoon . 'Pull through this Vaughany. You are loved by so many my friend,' another friend posted on Facebook. The Australian Parachute Federation issued a statement earlier on Saturday, saying Mr Vaughan 'is in critical condition but has survived the night and is undergoing some more tests'. 'The families of both Kate [believed to be Mr Vaughan's partner] and Michael thank you for your support and messages and are grateful for your prayers,' the statement reads. Mr Vaughan, who is believed to be a champion of the sport, has made more than 10,000 jumps in his career, and is considered one of Australia's best 'canopy pilots'. According to an advertisement posted online, Mr Vaughan held a training course from March 20 to 27. An flier for the event posted by Mr Vaughan read: 'work on your landings or come fly with me.... Or BOTH!!!' Tragedy struck when Mr Vaughan and a woman, reportedly an experienced skydiver in her 30s, attempted a mid-air manoeuvre . The woman, which the Herald Sun reports to be Briony 'Alana' Clarke, was killed while Mr Vaughan was taken to hospital . Mr Vaughan also shared a group photo of members who were part of his landings course a day before the accident. Among those tagged in the photo was Alana Clarke, who wore a blue jumpsuit. Details emerged that Friday was slated to be a 'flying', course in which participants learnt manoeuvres such as in-flight stalls and high-performance landings. Varying reports have emerged of what happened in the air, but investigators from the Australian Parachute Foundation (APF) now believe the pair collided and became entangled during a dive that required them to fly close together. The trouble started below 3000 feet after the parachutes opened, according to investigators who visited the site on Saturday. Entangled, the pair spiralled towards the Tyagarah farmland, near Byron Bay, and hit the ground about 3.30pm. A woman was killed and a man is in a critical condition following the accident . Emergency services arrived at the scene in Tyagarah, near Bryon Bay, about 3:30pm . Police believe the accident was caused when the parachutes of the skydivers became tangled during the jump . APF safety and training manager Richard McCooey says there is usually a procedure to use a reserve parachute in the event of a mid-air tangle. Investigations will focus on why that option wasn't used. The South Queensland Parachute Council released an update on Mr Vaughan's condition on Friday night on its Facebook page. 'At the hospital with Michael's family,' the post read. 'He is in surgery for the last two hours and will be there for a few more. His injuries are very severe and we do not know if they are survivable. Please keep praying for him. He has already survived more than they expected him to so that is something.' Another post said the 'entire skydiving nation (is holding) its collective breath'. The pair had been training together at Skydive Byron Bay, according to the AAP. They landed heavily at an airstrip off the Pacific Highway in Tyagarah, after the jump around 3:30pm on Friday afternoon. 'A group of people jumped. Two of those people's parachutes opened normally but close to each other and they collided after their parachutes opened,' McCooey said, according tothe Daily Telegraph. Mr Vaughan's Facebook page has been flooded with words of encouragement and photos shared by loved ones . It is believed the duo was training together when the accident occurred . 'Their parachutes collided, and then what tends to happen is their parachutes become tangled. 'That upsets the normal descent rate of the parachute and they descend faster than they are meant to ... they have impacted the ground very hard.' The pair was treated at the scene by paramedics, however the woman, who has not been formally identified, died. The man has been flown to Gold Coast hospital in a critical condition. 'It's not a common activity within skydiving,' CEO of Skydive the Beach Anthony Boucaut told AAP. 'The canopies dock on each other, they touch each other's parachutes. '(The moves are) part of an internationally recognised competition.' While police investigate the death and the man fights for his life, Mr Boucaut said the crash would reverberate throughout the skydiving community. 'It's a horrific incident, with two highly skilled people,' he told AAP. Michael Vaughan is a champion of the sport and had made more than 10,000 jumps in her career before Friday's tragic accident . Mr Vaughan is considered one of Australia's best 'canopy pilots' and trained other skydivers . Mr Vaughan held a training course from March 20 to 27. A post advertising the event from Mr Vaughan read: 'work on your landings or come fly with me.... Or BOTH!!!' 'The gentleman involved in the incident is a world and Australian champion. 'He's regarded highly in the community.' Civil Aviation Safety Authority spokesman Peter Gibson said the Australian Parachute Foundation would be responsible for investigating the tragedy, with a report to be handed to CASA for review. 'They take carriage of it but we certainly review it all and make any decisions about whether any ations are needed,' he said. Meanwhile, another parachuting accident has left a man in a serious condition in Victoria on Saturday morning. He hit his head and suffered pelvic and leg injuries after a 'rapid descent' and 'hard landing' at Barwon Heads on Saturday, Ambulance Victoria says. The man, who is yet to be identified, was airlifted to the Alfred Hospital in a serious but stable condition. The woman was pronounced dead at the scene, and the man has been flown to a Gold Coast hospital (stock picture) Civil Aviation Safety Authority spokesman Peter Gibson said the Australian Parachute Foundation would be responsible for investigating the tragedy, with a report to be handed to CASA for review (stock picture)","Champion skydiver died in Gold Coast hospital after 24 hour fight .
Michael Vaughan was critically injured in an accident on Friday afternoon .
Friends and skydivers flooding Mr Vaughan's Facebook page with message .
Police confirmed Briony 'Alana' Clarke, 29, died at the scene .
Skydiving community says it is mourning loss of 'beautiful skysister'
Champion skydiver Michael Vaughan remains in a critical condition .
Friends and family have urged Mr Vaughan to fight for his life .
Police say accident is a result of parachutes entangled during jump .
'It's a horrific incident', company CEO says after the tragic fall ."
"A new series of secret government tests will investigate how to thwart the threat from civilian drones as usage increases, it has emerged. An official source told The Associated Press that the U.S. Secret Service will conduct  drone flights between 1am and 4am over the coming weeks in restricted airspace over Washington D.C. During missions, agents will look at how to interfere with rogue consumer-level drones, which commonly carry video cameras but are powerful enough to carry small amounts of explosives. The challenge for the Secret Service is quickly detecting a rogue drone flying near the White House or the president's location, then within moments either hacking it to seize control over its flight or jamming its signal to send it off course or make it crash. Growing trend: A new series of secret government tests will investigate how to thwart the threat from civilian drones as usage increases, it has emerged . The Secret Service has said only that it will openly test drones over Washington, but it declined to provide details such as when it will fly, how many drones, over what parts of the city, for how long and for what purposes. It decided to tell the public in advance about the tests out of concern that people who saw the drones might be alarmed, particularly in the wake of the drones spotted recently over Paris at night. Flying overnight also diminishes the chances that radio jamming would accidentally affect nearby businesses, drivers, pedestrians and tourists. It is illegal under the U.S. Communications Act to sell or use signal jammers except for narrow purposes by government agencies. Depending on a drone's manufacturer and capabilities, its flight-control and video-broadcasting systems commonly use the same common radio frequencies as popular Wi-Fi and Bluetooth technologies. Jamming by the Secret Service - depending on how powerfully or precisely it works - could disrupt nearby Internet networks or phone conversations until it's turned off. Testing in the real-world environment around the White House would reveal unexpected effects on jamming efforts from nearby buildings, monuments or tall trees. Signals emanating from an inbound drone - such as coming from a video stream back to its pilot - could allow the Secret Service to detect and track it. Federal agencies generally need approval to jam signals from the U.S. telecommunications advisory agency, the Commerce Department's National Telecommunications and Information Administration. Found: The recreational drone that landed on the White House South Lawn is seen in this U.S. Secret Service handout . That agency declined to tell the AP whether the Secret Service sought permission because it said such requests are not routinely made public. The Federal Aviation Administration has confirmed it formally authorized the Secret Service to fly the drones and granted it a special waiver to fly them over Washington. The agency declined to provide specifics about the secret program. In January, a wayward quadcopter drone, piloted by an off-duty U.S. intelligence employee, landed on the White House lawn. At the time, the Secret Service said the errant landing appeared to be accidental and was not considered a security threat. The agency had been looking at security issues surrounding drones before the January crash, but the crash of that drone led the agency to focus more attention on security issues surrounding small, unmanned aircraft that can be hard to detect. Previously published reports have disclosed that the Secret Service already uses jammers in presidential and vice presidential motorcades to disrupt signals that might detonate hidden remotely triggered improvised explosive devices. The United States Secret Service, in conjunction with other inter-agency partners, will conduct a series of exercises involving unmanned aircraft systems, in the coming days and weeks. Because these exercises will be conducted within the normally flight restricted areas in the Washington D.C. area, they have been carefully planned and will be tightly controlled. In preparation for these exercises the Secret Service has coordinated with all appropriate federal, state and local agencies. Researchers with the Homeland Security Department's science and technology directorate are working on strategies to interdict an unauthorized drone flying inside security areas. The research arm of DHS is trying to balance security concerns of the small, hard-to-detect devices, with the burgeoning commercial use and interests of hobbyists. Likewise, the National Telecommunications and Information Administration said last week it's studying how the U.S. can resolve privacy risks with increasing use of drones. The Homeland Security Department hosted a two-day meeting last month with industry officials, law enforcement and academics to discuss balancing security and commercial interests and establishing security practices. Days later, the Secret Service, which is part of the Homeland Security Department, distributed a three-sentence press release saying it will 'conduct a series of exercises involving unmanned aircraft systems, in the coming days and weeks.' Trying to keep drones out of a secure area can be tricky. There are basically three ways to stop a drone, said Jeremy Gillula, a staff technologist at the Electronic Frontier Foundation: block the radio signals linking the drone to its controller, hack the aircraft's control signals and trick it into believing it is somewhere else, or physically disable it. Some drone manufacturers program a 'geo fence' - location coordinates their drones treat as off-limits and refuse to fly past - into the drone's programming. Police could physically knock a drone out of the air with a projectile or use a net to catch it. 'If it were me that would actually be the first thing I would think about doing,' Gillula said. 'You would have to basically encase the White House in this net. It sure wouldn't look pretty, but in some ways it would be the most effective way.'","Secret Service has become increasingly worried about the threat to president from UAVs .
Agency was embarrassed by drone that crash landed in late January on White House lawn ."
"(CNN)German investigators found antidepressants in the apartment of Germanwings co-pilot Andreas Lubitz this week, according to published reports. Die Welt, a German newspaper, cited an unidentified senior investigator who said Lubitz suffered from a severe ""psychosomatic illness"" and German police seized prescription drugs that treat the condition. Lubitz suffered from a ""severe subjective burnout syndrome"" and from severe depression, the source told Die Welt. The New York Times also reported that antidepressants were found during the search of his apartment. CNN has not been able to confirm the reports. Investigators continued to work Saturday to piece together the secret life of Lubitz, who officials say was hiding an illness from his employers. He had been declared ""unfit to work"" by a doctor. They were expected to question his relatives, friends and co-workers as they try to pin down what could have prompted the seemingly competent and stable co-pilot to steer a jetliner into a mountainside on Tuesday. As their efforts continued, dozens of people attended a remembrance ceremony for the victims of the crash at a church in a nearby town, Digne-les-Bains. There were 150 people on board Germanwings Flight 9525, including Lubitz. Relatives of the victims and local residents also gathered Saturday afternoon by a simple stone memorial set up near the crash site, in the village of Le Vernet. Flowers have been laid there, in the shadow of the snow-covered peaks of the French Alps. Much attention has focused on Lubitz's state of mind, with some media reports speculating that he may have had mental health issues. Investigators found a letter in the waste bin of his Dusseldorf, Germany, apartment saying that Lubitz, 27, wasn't fit to do his job, city prosecutor Christoph Kumpa said Friday. The note, Kumpa said, had been ""slashed."" Just what was ailing Lubitz hasn't been revealed. The New York Times and the Wall Street Journal, citing unnamed sources, reported Friday that Lubitz suffered from mental illness and kept his diagnosis concealed from his employer. A subsequent New York Times report on Saturday, citing two officials with knowledge of the investigation, said Lubitz sought treatment before the crash for vision problems that might have put his career at risk. According to those unnamed officials, Lubitz also was being treated for psychological issues. Other media reports indicate he was treated for depression. Lubitz passed his annual pilot recertification medical examination in summer 2014, a German aviation source told CNN. An official with Lufthansa, which owns Germanwings, said the exam only tests physical health, not psychological health, and that if Lubitz had vision problems that would have been discovered during the tests. ""We can't believe it. If anything was wrong with his eyes during the physical exam we would have known,"" the official says. The Lufthansa official also said the company was never given any indication Lubitz was depressed, and that if he went to a doctor on his own  he would have been required to self-report if he had been deemed unfit to fly. A Dusseldorf clinic said he'd gone there twice, most recently on March 10, ""concerning a diagnosis."" But the University Clinic said it had not treated Lubitz for depression. German investigators said they still have interviews and other work to do before they can reveal what they gleaned from the records found in the apartment and at his parents' home in the town of Montabaur. But the fact that investigators found ""ripped, recent medical leave notes, including for the day of the offense, leads to the preliminary conclusion that the deceased kept his illness secret from his employer and his professional environment,"" prosecutors said. Germanwings corroborated that assertion, saying it had never received a sick note from Lubitz. Authorities left Lubitz's apartment Friday night with boxes of papers and evidence folders after spending about 90 minutes inside. Dusseldorf police said Saturday that a small team of French investigators had arrived in the city and that they were sharing information. Jean Pierre Michel, lead investigator for the French inquiry, told French TV from Dusseldorf that the French team would work in ""full transparency"" with their German counterparts. ""We will interview people related to the investigation in the coming days. The hearings will be conducted in the coming days and weeks,"" he said, according to CNN's French affiliate BFMTV. Asked by a journalist about reports of Lubitz's possible mental illness, he replied: ""The elements of the investigation are strictly confidential and we cannot address these matters today."" No scenario can yet be ruled out, including mechanical failure, ""as we do not have the necessary evidence,"" he said. The German tabloid newspaper Bild said Saturday it had interviewed an ex-girlfriend of Lubitz. The woman is not named in the story and CNN has not been able to verify the report independently. According to Bild, the ex-girlfriend said Lubitz was a very nice and sensitive man who needed a lot of care and attention, and he was very troubled. She said he would get into fights with her. The newspaper also cited the ex-girlfriend as saying that Lubitz had bad dreams that his plane was going down. Patrick Sondenheimer was the pilot of Germanwings Flight 9525, according to Reiner Sondenheimer of Dusseldorf, Germany, who says he is a relative of Patrick's. Patrick Sondenheimer is the pilot believed to have been locked out of the cockpit by his co-pilot, Lubitz. CNN spoke to Reiner Sondenheimer at his Dusseldorf apartment. Also at the apartment was a woman who did not provide her name but said she was Patrick Sodenheimer's relative. That woman also said that Patrick Sondenheimer was on the doomed flight. Reiner Sondenheimer declined to say anything else, other than the family wanted time to grieve. The pilot has not been named by German authorities. Another Germanwings pilot who once flew with Lubitz, Frank Woiton, told WDR, a local broadcaster belonging to CNN's German affiliate ARD, that his impression of Lubitz was that he was ""friendly"" and that there was ""nothing suspicious."" Woiton also said Lubitz ""was a good pilot and had a good command of the plane."" Woiton's first job after he found out about the crash was the route Dusseldorf-Barcelona-Dusseldorf -- the same route as had been taken by Germanwings Flight 9525 a day earlier. He was praised in German media for the emotional announcement he made to passengers before takeoff, in which he said the crew, like everyone else on the plane, wanted to get home safely to their families. At the scene of the crash, two helicopters were being deployed above the mountainside by recovery crews Saturday. The weather has improved after high winds Friday made their complex task even more treacherous. Lt. Col. Xavier Vialenc, a spokesman for the Gendarmerie, told CNN there were about 40 officers at the crash site Saturday. Once at the crash site, recovery workers spend all day working there, he said. Back in Seyne-les-Alpes at the end of the day, they can see a psychologist if they choose and have a debriefing session with all the workers. Vialenc said the operations were going well so far and that the progress made was meeting their expectations. Yves Naffrechoux, captain of rescue operations at Seyne-les-Alpes, told CNN on Friday that rescuers have found bodies at the rugged crash site, but few of them are intact. It could be weeks before all the bodies are recovered, identified and released to the families, authorities said. What could have prompted Lubitz to deliberately destroy the aircraft, killing everyone on board, remains the focus of investigators in Germany. He had passed medical and psychological testing when he was hired in 2013, said Carsten Spohr, CEO of Lufthansa, which owns Germanwings. Spohr also told reporters that Lubitz had ""interrupted"" his pilot training, which he began in 2008. That break lasted several months, he said, but added that such an interruption isn't uncommon. Spohr didn't give a reason for the break. While the ailment Lubitz had sought treatment for hasn't been revealed, that he was declared unfit for work is an important detail, aviation analysts say. Pilots are required to maintain their fitness to fly and must tell their airline if they're found unfit, CNN aviation analyst David Soucie said. Who was co-pilot Andreas Lubitz? Although authorities have recovered the cockpit voice recorder, the flight data recorder remains missing. It could shed crucial details about what happened inside the cockpit, authorities say. Lubitz was the co-pilot on Tuesday's flight between Barcelona, Spain, and Dusseldorf when he apparently locked the captain out of the cockpit, then activated a control causing the plane to descend toward rugged terrain. Germanwings said the plane dropped for about eight minutes from its cruising altitude of 38,000 feet before crashing. The only sounds, authorities said, were those of pounding on the cockpit door, Lubitz's steady breathing and, eventually, screaming passengers. Lubitz and 149 other people on board the plane died in an instant, authorities say. Most were from Germany and Spain. Mother, daughter among 3 American victims . CNN's Pam Brown, Frederik Pleitgen, Mary Kay Mallonee, Michael Pearson, Nic Robertson, Margot Haddad, Stephanie Halasz, Sandrine Amiel, David Fitzpatrick, Felix Gussone, Karl Penhaul and Anna Maja Rappard contributed to this report.","Reports say investigators found antidepressants in Andreas Lubitz's apartment .
Patrick Sondenheimer was the pilot of the doomed flight, says a man who says he's a relative .
Ripped medical-leave notes found at his home indicate the co-pilot hid an illness, officials say ."
"If you're an Amazon customer in the UK your future online purchases could arrive at your home or office by drone. Frustrated with how long it is taking to get approval for its flying delivery service in the US, Amazon is said to have approached the British Government to launch a trial of the technology in Britain. Transport minister Robert Goodwill revealed the plans at a press conference for driverless cars and wider technologies earlier today. Amazon has approached the British Government about trialling its flying Amazon Prime Air service in the UK, transport minister Robert Goodwill has confirmed. One of its prototype delivery drones is pictured . ‘I had some people from Amazon coming to see me the other day; they want to replace van deliveries with drone deliveries, and they can’t do any trials in the US because they’re over-regulated,’ he said. ‘So my favourite word is deregulation, and we need to make sure that wherever you are in the world, and if you want to innovate and you want to invest in this sort of technology, come to the UK because we’re here to help you.' The Federal Aviation Administration (FAA) in the US last week approved Amazon’s plan to begin testing drones for online deliveries, though the e-commerce firm first made the request in July last year. But in the time it took to approve the use of its first-generation drone,  Amazon has developed a new version, which makes the ruling 'obsolete'. So the firm is setting its sights on foreign markets. The project, called Amazon Prime Air, was first revealed in a YouTube video in late 2013. The company is developing drones that can fly at speeds of 50 miles per hour (80 kph), operate autonomously and sense and avoid objects. Amazon’s Paul Misener wrote in a letter to the FAA in December: ‘Without approval of our testing in the United States, we will be forced to continue expanding our Prime Air R&D footprint abroad.’ Under US law, operating drones for commercial purposes is illegal, however it is allowed in the UK if permission is granted by the Civil Aviation Authority (CAA). The FAA is said to be currently reviewing its rules on drones, with new regulations expected to be announced in the near future. Amazon is developing aerial vehicles as part of Amazon Prime Air. The aircraft can travel at more than 50mph and carry loads of up to 5 pounds (2kg). About 86 per cent of Amazon's deliveries are five lbs or less, the company said. 'We believe customers will love it, and we are committed to making Prime Air available to customers worldwide as soon as we are permitted to do so,' Amazon has said. In the US, the flying of unmanned aircraft, including recreational drones, is banned above 400ft (122m). Any flight that takes place within five miles (8km) of an airport can also only occur once air traffic control has been notified. The UK’s CAA has laid out guidelines for drone users that specify that unmanned aircraft must always be flown within the ‘line of sight’ of the pilot, which it generally measures at 1,600ft (488m) horizontally and 400ft (122m) vertically. This remains a stumbling block for Amazon and other companies as it means they would only be able to deliver items within 1,600ft (488m) of their warehouses. So far, law enforcement of drone regulation breaches in the UK appear to have been relatively tolerant. Chief inspector Nick Aldworth, of the Metropolitan Police, told a House of Lords select committee on piloted aircraft systems that tourists had been caught flying drones in parts of central London, despite laws restricting use close to buildings and congested areas. ‘We have decided not to enforce the legislation that exists, even though they were in contravention of it, because it did not seem proportionate,’ he said. Chinese internet giant Alibaba is also currently carrying out its own private trials of drone technology for deliveries. A new website allows homeowners to register the sky above their property as a no fly zone for drones. 'NoFlyZoneUK.org is the first site in the UK to introduce the vast benefits which the drone industry will inevitably bring,' says John Tansley, its Managing Director. 'In fact the service is intended to benefit the public, the drone industry and the UK Government. 'Our hope is that in allowing the public to request that their property become a no fly zone, then this will address the privacy concerns which have been mooted by the relevant authorities.' A new website allows homeowners to register the sky above their property as a no fly zone for drones. An example of a map marking such zones is shown . The company will monitor and record drone traffic so its service can provide a 'rapid drone intercept solution' to prevent hostile incidents such as a terrorist attack. Mr Tansley, who has previously served in HM Forces and in the Metropolitan Police, believes the service will allow the Unmanned Aerial Vehicle (UAV) industry to establish itself in the UK. 'As our database grows, it will help services such a Amazon’s Prime Air, DHL’s drone delivery service and Google’s Project Wing among others realistically get a foothold in the UK while simultaneously addressing current security and privacy concerns,' he added. NoFlyZoneUK.org will be able to monitor and track all drone, UAV, Remotely Piloted Aircraft System (RPAS) and Unmanned Aerial System (UAS) flights and share this information with the public.","Transport minister Robert Goodwill confirmed Amazon asked for the trial .
He seemed to encourage the trials and innovation in Britain .
Amazon Prime Air was first unveiled in 2013 with the idea that parcels could be delivered to remote areas by drones reaching 50mph (80km/h)"
"(CNN)Eastern Europe, here comes the cavalry. The U.S. Army says it will soon be sending armored Stryker vehicles on a 1,100-mile convoy through six European countries to show solidarity to allies in the wake of recent Russian actions in the Ukraine and Crimea that have Eastern Europe on edge. The move was first reported Thursday in the military newspaper Stars and Stripes. U.S. Army Europe posted the Stripes story on its website on Friday. The convoy is ""a highly visible demonstration of U.S, commitment to its NATO allies and demonstrating NATO's ability to move military forces freely across allied borders in close cooperation,"" U.S. Army Europe spokesman Lt. Col. Craig Childs, said in a statement, according to the Stripes report. The troops and vehicles involved will be moving from training exercises conducted as part of Operation Atlantic Resolve in Estonia, Lithuania and Poland, the report said. They'll move through Latvia and the Czech Republic as they make their way to Vilseck, Germany, about a 40 miles drive from the Czech border. The troops involved are from the 3rd Squadron, 2nd Cavalry Regiment, which are based at Rose Barracks in Vilseck, and they will be accompanied by the Army's 12th Combat Aviation Brigade, which will provide aerial reconnaissance, the Stripes report said. The move is unusual because long-distance movement of heavy military vehicles such as the 18-ton Strykers is usually done by rail. The trek is being called a ""Dragoon Ride,"" after the unit's nickname, the Dragoons. Troops will camp out along the route. ""For those participating in it, Dragoon Ride is a unique opportunity,"" Stripes quoted Childs as saying. ""Soldiers and their leaders will have numerous opportunities to engage with local communities along the route, deepen their appreciation for the cultural diversity within the alliance and enhance the relationships that are essential to building and maintaining mutual admiration, respect and trust among allied militaries."" The convoy will be the latest in a series of displays the U.S. and its NATO allies have taken under Operation Atlantic Resolve, during which the U.S. ""is demonstrating its continued commitment to collective security through a series of actions designed to reassure NATO allies and partners of America's dedication to enduring peace and stability in the region, in light of the Russian intervention in Ukraine,"" according to the Defense Department's website. The displays have come as close to 300 yards from the Russian border as U.S. Army Strykers participated in an independence day celebration in Nava, Estonia, last month. Other recent actions include the Air Force's movement of 12 A-10 Thunderbolt ""tankbuster"" attack jets to an air base in Germany and this month the placing of hundreds of tanks and military vehicles in Latvia, where they'll soon be matched up with 3,000 troops from Fort Stewart, Georgia. Tension with Russia extends to the air too. Adm. William Gortney, commander of the North American Aerospace Defense Command, told the Senate Armed Services Committee on Thursday that ""this past year has marked a notable increase in Russian military assertiveness."" Russian heavy bomber aircraft flew more patrols outside Russian airspace ""than in any year since the Cold War,"" though he did not offer a specific number. There have also been increased Russian air patrols across the coastlines of Europe.","Armored U.S. Army Strykers to make trek to display solidarity with U.S. allies .
16-ton armored vehicles usually moved long distances by rail .
Move is latest NATO military display after Russian actions in Ukraine, Crimea ."
"Internet retail giant Amazon is testing its drone delivery system at a secret site in British Columbia after becoming frustrated with US regulations. The world's largest online store had wanted to test its Prime Air drones, which fly between 200 and 500 feet in the air, in Washington state but has now moved its research across the border, the Guardian reported. Last week the Federal Aviation Authority (FAA) gave Amazon permission to begin testing one particular type of drone that the company now says is obsolete because the technology is moving so quickly. However, the company has already been testing in secret for the last several month at its own restricted airspace in Canada, about 2,000 from the border. Scroll down for video . Amazon has been testing delivery drones at its British Columbia facility for several months after receiving a license for restricted airspace 2,000 feet from the US border in December . The online retailer had been granted an exemption for testing a prototype drone in rural Washington, though they say that the technology behind that application is already obsolete . The license went into effect on December 17, according to the CBC. FAA's regulations proposed earlier this year also state that the person controlling the drone must have constant sight of the robot. The body has only approved 48 out of more than 750 exemption requests for exemptions that would allow outdoor drone testing before new guidelines are in place. Amazon's applied last July but still does not have an exemption, as it has only received a 'experimental airworthiness certificate' for its previous prototype. Oil giant BP was the first company to get approved for commercial drones over US land last year and drone pilots for the exemptions have been required to get pilot's licenses. The approval process includes nearly 100 pages of paperwork, a four hour presentation at FAA headquarters and a site visit. Canada has fewer restrictions, essentially allowing Amazon do whatever testing they needed within their airspace, and only took three weeks to give the go ahead to the Seattle-based retailer's application. The Federal Aviation Authority has only approved several dozen applications for drone testing licenses, though Canada has approved more than 1,600. Above, boxes that can be carried by drones . Amazon plans on creating a system that can deliver goods ordered online in less than 30 minutes. The FAA's proposed rules mandate that drones would have to be in the line of sight of their pilots at all times . Transport Canada, which has been giving out the licenses for almost a decade while the US just started last year, said that is aims to complete applications in 20 working days. 'In Canada, it's mostly about safety,' University of Toronto drone researcher Angela Schoellig said. 'If you show that you know what you are doing, it's very likely that you'll get a licence.' Amazon is developing small aerial vehicles as part of Amazon Prime Air. The aircraft can travel at more than 50mph and carry loads of up to 5 pounds. About 86 percent of Amazon's deliveries are 5 pounds or less, the company said. 'We believe customers will love it, and we are committed to making Prime Air available to customers worldwide as soon as we are permitted to do so,' the company has said previously.. It expects to eventually be able to deliver goods to customers within 30 minutes of online orders. The US's northern neighbor has granted 1,672 drone testing applications. 'Different laws and regulatory structures in other nations may allow them to act more quickly to approve certain UAS [drone] operations,' an FAA spokesman said of the Guardian's report. The agency's representative said the authority is 'safety-oriented' and approval is based on 'assessment of the risks to other aircraft and to people and property on the ground'. The FAA is expected to vote on its proposed drone rules by the end of the year. Amazon hopes that it's Canadian testing will help build a system that allows customers to have goods delivered to their homes within 30 minutes of ordering them online. It is working on high autonomous robots less than 55lbs that can carry objects less than 5lbs, the vast majority of the items Amazon ships. The company also has research outposts in Cambridge, UK, and Israel. FAA proposed rules also state that drones cannot operate over people not involved with them and cannot fly at night. Pilot's licenses and airworthiness certificates will not be required.","Online retailer was granted license for restricted airspace in December .
British Columbia tests come after FAA finally approved Washington plan .
Retailer, which got Canadian license in 3 week, says US process  too slow .
FAA has approved 48 drone applications, Canada has approved 1,672 .
Company plans on 30 minute delivery of small items under five pounds ."
"He may have finally signalled the end of the search, but AirAsia founder Tony Fernandes says the airline is not giving up on finding the missing victims from crashed flight QZ8501. A total of 60 bodies still remain missing since the plane, en route from Surabaya, Indonesia, to Singapore, crashed into the Java Sea on December 28, killing all 162 people on board. Speaking in Sydney, Mr Fernandes said the airline was giving it 'one last shot' at recovering those still missing. AirAsia founder Tony Fernandes maintains he refuses to give up hope of finding those still missing. Mr Fernandes was speaking at a press conference in Sydney on Thursday . Rescuers wave at an Indonesian Air Force helicopter while standing around the rescued tail section of flight QZ8051 . 'Our message is we're not giving up,' he told reporters on Thursday. They (the families) know that because I am speaking to them every day.' The airline's message to families was 'keep hoping, keep going', he said. 'It is our responsibly to look after those families as best as we can,' Mr Fernandes said. Mr Fernandes, in Australia to announce an airfare sale, said the QZ8051 recovery work would continue round the clock for seven to 10 more 'operational days' before being shut down. The tail section of crashed AirAsia Flight QZ8501 is taken away by at the Crest Onyx ship . The AirAsia plane crashed into the Java Sea on December 28, killing all 162 people on board . AirAsia X acting CEO, Ben Ismail, listens to a question during a press conference announcing an airfare sale in Sydney on Thursday . He said he was in 'constant dialogue' with the families of those still missing, and that ""contingencies"" would be put in place should not all the bodies be located. 'QZ8051 was probably the worst moment of my life and it continues to be something that will haunt me forever,' he said. Mr Fernandes would not be drawn on why the preliminary official report into the crash was not being made public. Indonesian investigators earlier this year submitted the report into the plane crash to the International Civil Aviation Organisation, keeping its contents secret. An Indonesian search and rescue helicopter prepares for landing on the Indonesian navy vessel KRI Timur Yunusov Aceh during operations in the Java Sea . Mr Fernandes said it was 'not right for him to say whether they should have or whether they shouldn't have"" publicised the report, adding there must have been a 'valid reason' for the decision. He also defended AirAsia's safety record. 'All I can say is that we're regulated by lots and lots of authorities and no one has banned us from coming to their country,' he said. Mr Fernandes also said he supported better aircraft tracking technology amid the ongoing mystery about the whereabouts of missing Malaysia Airlines Flight MH370. Mr Fernandes supports the move for better aircraft tracking technology . 'I can't see why data can't be sent to the cloud every five minutes for instance,' he said. 'It's ridiculous in this day and age that you can find your iPhone but we can't find an aircraft.'","Search for victims of AirAsia plane crash is finally coming to an end .
AirAsia founder Tony Fernandes admits recovery mission is ending .
He is in 'constant dialogue' with the families of those still missing .
Mr Fernandes also said he supported better aircraft tracking technology .
The plane crashed into the Java Sea on December 28, killing all 162 people ."
"Aviation experts today reassured travellers that the A320 is still one of the safest planes in the world despite a crash in the French Alps which claimed 150 lives. As emergency crews worked to retrieve wreckage from the site near Digne-les-Bains, in France, theories continued to circulate about what caused Germanwings Flight 4U 9525 to fall from the skies. There has been some speculation about the track record of the model which experts were quick to quash. Paul Hayes, safety director at aviation consultancy Ascend, said: 'The A320 family has a very good safety record considering that there is a fleet of 6,000 aircraft out there.' Scroll down for video . The safety of the Airbus A320 is being looked at following the Germanwings crash in France (file photo) Safety experts said it was too early to speculate on the case of the crash, but noted that accidents during the cruise phase of the flight are rare, even though this comes less than three months after the AirAsia disaster. 'We have had a couple of events recently but in general jetliners don't crash during the cruise,' said Hayes. Patrick Smith, an airline pilot and author of best-selling book Cockpit Confidential, allayed any fears the accident was purely down to the aircraft model. 'The A320 is a very sophisticated and popular model,' Smith told MailOnline Travel. 'I am not seeing anything in this accident that encourages me to think it is specific to that model. All Airbus models are designed similarly, and the A320 is the blueprint for other variations such as the A319 and the A321. 'I don't like the idea of blaming these accidents on specific models; this question is asked all the time, and all it does it leads to aircraft being compared with other aircraft. 'Crashes are so rare, and so comparing them considering the type of model is statistically hair-splitting. 'What you will also see is there is lots of discussion, and sadly lots of misunderstanding concerning how computers and how pilots 'fly' the plane. 'Usually in these cases, there isn't a single case, and it is a chain of events that can lead to something like this happening.' Wreckage and debris lie on the mountain slopes after the crash of the Germanwings Airbus A320 . According to separate surveys published last year by manufacturers Airbus and Boeing, only 10 to 12 per cent of fatal accidents take place when the aircraft is at cruise height. The A320 is described as a 'workhorse' of the aerospace industry, transporting more than a million people a day from business travellers to backpackers. The 150-seat medium-haul jet is one of the world's most intensively used, together with its main rival, the Boeing 737. The Germanwings aircraft that crashed in the French Alps yesterday, killing all 150 people on board, was also flying on the industry's most widely-sold engines, made by French-US venture CFM. More than 3,600 of the jets are in operation and another 3,700 are waiting to be built as Asia's economic expansion fuels record demand. Put together with the rest of the A320 family of twin-engine, single-aisle jets - the A318, A319 and A321 - more than 6,000 are in use several times a day. Experts say its safety record is among the industry's highest, but it made grim headlines in December when an A320 belonging to Air Asia plummeted into the Java Sea, killing all 162 people on board. The crash is still being investigated. The Airbus A320 has been described as the 'workhorse' of the aviation industry (file photo) To airlines, the main value of the £65million ($97million) jet is reliability and quick turnarounds, the features it shares with the rival 737. But it made dramatic headlines in 2009 when a US Airways jet ditched safely in the Hudson River after a bird strike. Boeing statistics for its rival's best-selling model show that up to the end of 2013, there were 0.14 fatal A320 accidents per million departures where the plane was destroyed or written off. The comparable versions of Boeing 737 had a rate of 0.11 per million departures, making them both among the industry's safest models compared with the industry average of 0.76, or more than 4.6 for the earliest days of the jet age. A helicopter of the French civil security services flies near Seyne, south-eastern France near the crash site . At 24 years old, however, the A320 that crashed was at the upper end of the service life used by many first-tier airlines. Jetliners are built to fly safely for considerably longer but most major airlines sell them sooner for economic reasons. Patrick Smith added: 'Planes are built to last many years, so long as they are maintained in accordance with regulations, this shouldn't be an issue. 'There are airline specific procedures as planes age, and obviously the older they get the stricter the checks will get.' Jim Morris, partner in UK law firm Irwin Mitchell, added: 'There are many airliners out there older than this that are flying safely.' Germanwings parent Lufthansa recently placed orders for over 100 new A320s. To ordinary passengers, the A320 looks much like other jets. But in the cockpit it represented a revolution when it began service in 1988 as the first 'fly-by-wire' jetliner relying on computers to fly within safe limits and replacing the usual control yoke with a side-stick, inspired by the F-16 fighter. The increased reliance on computers, though increasingly common across the industry, prompted a bitter debate between Airbus and pilot unions over whether too much control was being taken out of human hands. The argument rumbles on to this day.","The Airbus A320 is one of world's most intensively used aircraft .
More than 3,600 are in operation and another 3,700 are waiting to be built .
Germanwings jet that crashed into French Alps was 24 years old .
Airline pilot tells MailOnline that nothing about the disaster leads him to believe it was down to type of plane ."
"British airlines are planning to introduce rules ensuring that two crew members are on the flight deck at all times once an aircraft is airborne. The move was prompted by Germanwings co-pilot Andreas Lubitz who commanded the autopilot on his Airbus A-320 to descend from 38,000 feet to just 100 feet while it was approaching the Alps after his captain stepped out to the toilet. The Federal Aviation Authority requires at least two crew members on the flight deck at all times to prevent similar types of disaster. Disaster prevention: Budget airlines EasyJet and Norwegian Air Shuttle will introduce new rules to ensure two crew members are in the cockpit at all times in the wake of the Germanwings air disaster . Tragedy: It emerged today that Germanwings co-pilot Andreas Lubitz (pictured) locked the plane's pilot out of the cockpit and 'deliberately' crashed the plane into the French Alps, killing 150 people on board . Safety: Now budget carrier EasyJet has announced the new move will come into force tomorrow and aviation insiders say there are moves to make it 'mandatory' across all airlines . The UK's Civil Aviation Authority has written to all UK operators following Tuesday's tragedy asking them to review their flight deck protocols. Already Monarch, easyJet, Virgin Atlantic and Thomas Cook said they will implement a new two crew rule, while Jet2, Flybe and Irish airline Ryanair said they already had such a system. British Airways said it would not discuss 'issues of security' as a matter of policy. According to Virgin Atlantic: 'We always ensure we have the highest safety standards and, while it is our common practice to have two members of our crew in the flight deck at all times, in light of recent events we are now in the process of formalising this to be policy.' An easyJet spokeswoman said: 'easyJet can confirm that, with effect from Friday 27 March, it will change its procedure which will mean that two crew members will be in the cockpit at all times. 'This decision has been taken in consultation with the Civil Aviation Authority. The safety and security and of its passengers and crew is the airline's highest priority.' The FAA already has rules which require two crew members to remain on the flight deck at all times . EasyJet said a cabin crew member will temporarily enter the cockpit if the pilot or co-pilot needs the toilet. The airline will not have a third trained pilot on board. The change is also being implemented by package tour operator Thomas Cook, whose spokesman said: 'We are adapting our procedures to ensure there will always two people in the cockpit.' An aviation industry insider said: 'There is some industry chatter about the policy becoming mandatory.' Ryanair said: 'If a pilot needs to visit the bathroom the cabin crew supervisor is required to stand in the cockpit for these brief periods.' Horror: After voice recordings emerged from the doomed A320 revealing how the pilot tried to kick down the cockpit door, EasyJet said a cabin crew member will enter the cockpit if the pilot or co-pilot needs the toilet . Risk management: Pilot Europe's third largest budget carrier Norwegian Air Shuttle has also announced the same move for 'safety reasons' Doomed: The captain of the ill-fated flight - named by local media as German father-of-two Patrick Sonderheimer - left the cockpit but found himself locked out when he tried to re-enter (file photo) Monarch's spokeswoman added: 'We also have an 'eyes-on' rule requiring cabin crew to enter the cockpit during the cruising stage to check on the pilot and co-pilot.' A Jet2 spokeswoman said: 'This rule has been in place for a number of years to ensure the safety and security of our customers.' While a FlyBe spokespman said their Operations Manual 'states that two members of crew are to be present in the cockpit at all times during flight'. British Airways and BMI Regional declined to comment, while Ryanair were unavailable. Elsewhere around Europe, the continent's third-largest budget carrier, Norwegian Air Shuttle, said it would require two people in the cockpit at all times for safety reasons. A Civil Aviation Authority spokesman said: 'Following the details that have emerged regarding the tragic Germanwings incident, we are co-ordinating closely with colleagues at the European Aviation Safety Agency (EASA) and have contacted all UK operators to require them to review all relevant procedures. 'All UK airline pilots undergo extensive and regular medical assessments to determine their fitness to hold a licence. As part of this, aeromedical examiners are required to assess a commercial pilot's mental health at each medical examination which, for an airline pilot flying with at least one other pilot, is undertaken annually. 'These detailed medical assessments are in line with international aviation standards. 'We will continue to monitor the situation as the investigation develops and our thoughts remain with the friends and relatives of all those affected by this tragic incident.' His parents only discovered that their son was a mass murderer minutes before the dramatic press conference by prosecutors in Marseille. 'Deliberate': Marseille prosecutor Brice Robin said Lubitz used the flight managing system to put the plane into a descent, something that can only be done manually . Heart-broken: Family of the victims of the crash gathered near the scene in Le Vernet near the French Alps today, as rescuers tried to recover the dead bodies of their deceased relatives . Rescue: Helicopters lowered investigators down to the scene of the obliterated plane where debris and human remains were scattered . Safety procedure: Budget airlines Ryanair, Monarch and Jet said they already had policies to ensure two crew are in the cockpit at all times . 'When one person leaves the cockpit, two people will now have to be there,' Norwegian's flight operations director Thomas Hesthammer said. Long haul flights usually have more than two crew capable of flying the plane because shift changes are often required in flight. A spokeswoman for German carrier Lufthansa, parent company of Germanwings, said: 'A crew member may temporarily leave the cockpit during a specific phase of the flight. 'So far, no decision has been taken to change the procedure as it is already approved by the German office of federal aviation but we will look into it. So far, we trust our procedure. It also transpired today that the Germanwings co-pilot who flew the plane into the Alps at 400mph had to stop his training because he was suffering from depression and 'burnout'. Mr Lubitz - whose family were at the scene of the crash in Seyne today -  postponed his pilot training in 2008 due to mental health issues and a friend said he was 'in depression'. Airline bosses confirmed Lubitz had taken several months off work and had to retrain to join the firm but insisted he was '100% fit to fly'. Raid: German police have investigated Andreas Lubitz's €500,000 family home in Montabaur in Germany as well as his apartment in Dusseldorf . Killer's home: A French prosecutor in Marseille said Mr Lubitz's breathing was normal as the plane descended rapidly before crashing into the French Alps . German police have since raided Lubitz's €500,000 family home in Montabaur in Germany as well as his apartment in Dusseldorf. At an extraordinary press conference earlier, Marseille prosecutor Brice Robin gave a disturbing account of the cockpit voice recordings extracted from black box. He said Lubitz locked his captain out after the senior officer left the flight deck. At that point, Lubitz used the flight managing system to put the plane into a descent, something that can only be done manually - and deliberately. He said: 'The intention was to destroy the plane. Death was instant. The plane hit the mountain at 700kmh (430mph). 'I don't think that the passengers realised what was happening until the last moments because on the recording you only hear the screams in the final seconds'. Earlier in the flight, Mr Robin said Lubitz's responses were initially courteous, but became 'curt' when the captain began the mid-flight briefing on the planned landing of the plane. The captain - named by local media as German father-of-two Patrick Sonderheimer - then left the cockpit but found himself locked out when he tried to re-enter. Mr Robin said: 'We hear the pilot asking the co-pilot to take over and we hear the sound of a chair being pushed back and a door closing so we assume that the captain went to the toilet or something. 'So the co-pilot is on his own, and it is while he's on his own that the co-pilot is in charge of the plane and uses the flight management system to start the descent of the plane. 'At this altitude, this can only be done voluntarily. We hear several shouts from the captain asking to get in, speaking through the intercom system, but there's no answer from the cockpit.'","Andreas Lubitz locked pilot out of cockpit and 'deliberately' crashed A320 .
Flew the plane into French Alps at 400mph and killed 150 people on board .
EasyJet, Virgin Atlantic and Norwegian introducing rule to avoid disaster .
Jet2, Monarch, FlyBe and RyanAir say the  procedure is already in place .
Industry insider said practice could become 'mandatory' across all airlines ."
"Kathmandu, Nepal (CNN)Nepal's only international airport remains closed two days after a Turkish Airlines plane skidded off the tarmac and blocked the airport's only runway. Officials said Tribhuvan International would reopen at 10 a.m. local time Saturday as preparations to move the plane continue. ""We do not know now if it will take longer than then to move the plane,"" Purna Chudal, manager of the Civil Aviation Authority of Nepal, told CNN. More then 160 flights have been canceled since Wednesday's incident, leaving more than 24,000 passengers stranded as officials struggle to remove the immobile Airbus A330 off the runway, Chudal said. The timing of the incident is problematic for Nepal's tourism industry, which is gearing up for the 2015 climbing season. Foreigners heading to Mount Everest and other nearby peaks in the Himalayan Mountains transit through the airport. The authority initially said it would reopen the airport at 10 a.m. Friday, later revising that to 5 p.m., but workers were unable to remove the aircraft by that time. They were able to lift the plane's nose -- originally pitched down -- and change its tires. The main challenge now is to push the grass-grounded plane back onto the runway. Officials say the area under the plane needs to be firmed up -- a process that involves digging into the ground and filling it with gravel -- before push back can commence. The Turkish Airways incident didn't result in any major injuries but the plane has remained aground as Nepal doesn't have the necessary equipment to move it. Cargo planes were unable to fly in heavy-duty machinery because there was nowhere to land. A specialized aircraft carrying experts and aircraft removal equipment from India reportedly arrived on Thursday. Tribhuvan airport is usually closed between midnight and 6 a.m. but will remain open for 24 hours for the next few days until the backlog is cleared. More than 12,000 people fly in and out of the airport daily. The facility services about 80 international flights per day. Domestic service -- operated by by 18 and 40-seater jets -- was not disrupted. Journalist Manesh Shrestha reported from Kathmandu and CNN's Maggie Hiufu Wong wrote this story from Hong Kong.","Services at Nepal's only international airport disrupted for the third day by a stranded plane .
Turkish Airlines plane skidded off the runway and has remained aground since Wednesday .
Over 24,000 passengers and 160 planes affected by the closure ."
"AirAsia passengers were left stranded on the tarmac for about an hour with vomiting travellers on-board after they had to make an unscheduled landing in Melbourne. One of the passengers, known only as Amanda, called 2GB radio station on Tuesday claiming to be on Flight D7 223, which was on its way to Kuala Lumpur to Sydney. The caller said the plane had been diverted to Melbourne after its 11.55am departure and did not know had they ended up there. Scroll down for video . The caller said the plane had been diverted to Melbourne after its 11.55am departure on Tuesday and did not know had they ended up there . She said people had started throwing up after the plane spent 20 minutes before landing circling the Victoria capital. 'Everyone's vomiting, everyone's sick. I have no idea what's going on... I'm pretty nervous.' Amanda said. 'What happened was when we were descending the plane took off again. 'We're not sure why. The plane circled Melbourne for a little bit, another 20 minutes, there was so much turbulence.' One of the passengers, known only as Amanda, called 2GB radio station on Tuesday claiming to be on Flight D7 223, which was on its way to Kuala Lumpur to Sydney . Passengers were stranded for a total of three hours before they took off again . Passengers were stranded for a total of three hours before they took off again. To add to their discomfort, they were not allowed to exit the aircraft even after it was switched off, causing sweltering temperatures on-board without the air-conditioning running. Amanda said other passengers who had asked crew members why they could not get off the plane were told it was because of safety reasons and it would be a hassle to get them back on again. An AirAsia X spokesman confirmed to Daily Mail Australia the flight had been diverted to Melbourne due to 'a technical issue'. 'The diversion is in compliance with all international aviation safety guidelines and [the plane] landed safely at 1400hrs in Melbourne,' he said. Despite media reporting it was an emergency landing, the spokesman clarified it was in fact a 'precautionary diversion'. 'Upon completion of all necessary safety inspection, the said aircraft departed Melbourne at 1713hrs [local time] and is expected to arrive into Kuala Lumpur at 2221hrs [local time] tonight,' he added. It has been a troubling few months for AirAsia when its safety record was questioned after Flight Q8501 crashed into the Java Sea in December, killing all 162 people on-board. Debris from the plane and bodies of the passengers are still being retrieved from the ocean.","Flight D7 223 was on its way from Sydney to Kuala Lumpur on Tuesday .
It made an unscheduled landing in Melbourne after its 11.55am departure .
A passenger said fellow travellers had started vomiting on stranded plane .
They spent the next three hours stranded on tarmac at Melbourne airport .
An AirAsia spokesman said the plane stopped over for 'technical reasons'
He said a safety inspection was completed and the flight took off again ."
"A Florida man was hospitalized after he crashed his remote-controlled plane this morning. The unidentified man was flying the radio-controlled jet as part of the Florida Jets RC Air Show in Lakeland in Polk County. It crashed into Paradise Field near the runway at Linder Regional Airport. The remote-controlled jet that crashed on Friday in Lakeland, Florida, is 'similar to one of these in size' The jet crashed into Paradise Field at Linder Regional Airport during the Florida Jets RC Air Show this morning . Fog stopped the man from going to Tampa General Hospital so he was was taken to Lakeland Regional Hospital . The man suffered non-life threatening injuries, but was severely burned during the crash, according to 10 News. When the aerial enthusiast's three-foot, $20,000 plane crashed near him, some of its fuel sprayed out and caused the burns. Polk Fire Rescue originally wanted to fly the injured man to Tampa General Hospital, but there was too much fog for the medical chopper to navigate. The man was taken to Lakeland Regional Hospital instead. Although the accident was originally reported as an actual plane crash, that notion was dispelled. The Florida Jets Air Show is not a competition, but more of a 'fly-In, or Jet-Together', according to its Facebook page from last year. The page reads: 'Florida Jets is one of the most exciting R/C Aviation events on the planet. 'FJ features the ultimate technology in airframe construction and power plant, and has the highest level of pilot proficiency of any radio control model aviation discipline.' The Florida Jets Air Show is not a competition, but more of a 'fly-In, or Jet-Together', according to Facebook . There were some initial reports that a plane had crashed, but Sgt Gross quickly cleared up the confusion . Although this mishap might seem out of the ordinary, it is more common than you might think. Remote-controlled planes crash frequently enough that there is a webpage about it. The No. 1 cause of remote control plane crashes is pilot error, according to R/C Airplane World. According to the site: 'Either the pilot is flying beyond his or her abilities, or flying a plane that's too advanced or simply unsuitable for his/her level of experience. 'Or perhaps they make a genuine mistake because of, say, disorientation - even experienced rc pilots make the wrong stick movements sometimes! 'Equipment failure is another reason. In fact pilot error is commonly disguised as equipment failure! 'Flying surface or control surface failure can also be the guilty culprit in bringing down our planes, especially if the builder did a less than satisfactory job on the hinges! 'Prevention is better than cure, but sadly it takes a crash to figure out what went wrong and hopefully prevent it happening again in the future.'","Plane was part of the Florida Jets RC Air Show in Lakeland in Polk County .
Crash occurred this morning at Linder Regional Airport's Paradise Field .
The man crashed his yard-long plane and some of its fuel burned him .
He went to Lakeland Regional Hospital with non-life threatening injuries .
No. 1 cause of remote control plane crashes reported to be pilot error ."
"A Scottish airport has been shortlisted in the hunt to find the world's most iconic and scenic plane landings . Barra Airport, Scotland - and the world's - only regular beach runway has been selected as one of the world's most stunning airport approaches in a competition which sees the small island airport go head to head with some of the best known destinations. The airport is competing for top spot in a poll by PrivateFly.com, the leading private jet booking service, against some of the world's most iconic airports, including Rio de Janeiro, Cape Town, Venice, Los Angeles, Las Vegas and Hong Kong. Scroll down for video... A voter said of Barra Airport in Scotland: 'Where else in the world can you fly over majestic mountains, stunning coastline and turquoise seas before descending over an historic harbour castle and landing on a large silver sand beach? Totally stunning and totally unique. Nothing comes close.' David Scowsill, president & CEO, World Travel & Tourism Council said of Saba in the Caribbean: 'A simply unforgettable and thrilling landing on the world's shortest runway, flanked by cliffs and ocean with a striking view of its active Volcano, Mount Scenery.' 'This perennial favorite is an AvGeek's dream, for spotting and flying in. There's no room for error, with a short beach on final approach and mountains on departure. But it's always a thrill!' (Benet Wilson, aviation journalist, on Saint Martin in the Caribbean). Last year's winner of the most iconic airport landing spot was Nice Cote D'Azur, which was praised by voters for its 'sublime beauty' A a panel of travel industry judges - which include Forbes' Matthew Stibbe, Tiffany Dowd of Luxe Social Media, and Travel Weekly Chairman Clive Jacobs - have chosen 37 airports which they think offer the most stunning views on approach in the world. Barra, which won the award in 2012, says on their nomination: 'Where else in the world can you fly over majestic mountains, stunning coastline and turquoise seas before descending over an historic harbour castle and landing on a large silver sand beach? Totally stunning and totally unique. Nothing comes close.' Barra Airport handled 10,560 passengers last year and is one of the smallest airports in the shortlist. By contrast, Sochi airport handles 2.4 million passengers whereas Amsterdam handles more than 50 million passengers. Planes can only land at Barra when the tide is out and it is the only beach airport which is used by scheduled services. 'A stunning landing to see the Northern lights.' (Matthew Stibbe, Forbes Aviation columnist on Svalbard, Norway) Travel writer Ana Silva O'Reilly, on her vote for Male, Maldives, wrote: 'It takes a while to get there, but there are places that deserve the word paradise next to their names. On the approach, you will see many of the private hotel islands, and you won’t be able to miss the contrast with the semi-organised chaos of Male island.' 'Scenic approach over the desert, flying right over the strip just gets you in the mood for partying!' (Sylvie Peron, aviation journalist on Las Vegas) A voter for the Cape Town, South Africa approach: 'Spectacular views of Table Mountain as you approach. One of the most beautiful cities on earth.' The airstrip was also made famous in the film Staggered starring Martin Clunes. The shortlist gives a fascinating mix of global descents to experience at least once in a lifetime. From major city views such as Las Vegas and London City; to tiny remote airstrips such as Saba in the Caribbean. Bill Prince, deputy editor of GQ said of London City Airport: 'As the city is swept up in its greatest makeover since the Great Fire of London, landing in the beating heart of the world's financial centre takes some beating.' One voter said of Mustique in Saint Vincent and the Grenadines: 'You feel you might be about to mow the grass on the hilltop as you skim down to the runway - love the arrows reminding the pilot which direction is acceptable.' On the entry to Rio de Janeiro Airport, a fans wrote:'The view of The Sugar Loaf Mountain and the Guanabara Bay are breathtaking and you land almost on an 'aircraft carrier' runway!' Last year the winner was Nice Cote D'Azur, which was praised by voters for its 'sublime beauty', 'full range of colours at a glance', and 'amazing views of the French Riviera'. Adam Twidell, CEO of poll organiser PrivateFly, experienced pilot and member of the judging panel said: 'The PrivateFly Airport Approaches Poll is an annual checklist for air travel fans. 'Not for those with faint hearts. Landing at ‘The Rock’ requires a lot of skill (and adverse weather conditions redirect flights to Malaga too often), but if you are lucky it is stunning. Also very interesting to see the geographic differences between nearby Spain and this British territory' (Ana Silva O'Reilly said of Gibraltar) Chloe Pantazi said of Jackson Hole: 'One of the most beautiful small towns in America, and this airport offers a spectacular view of the Teton Mountains on landing.' 'The descent over the mountains takes one from desert to the lush Pacific Coast and on a Westward approach, gives those on the right hand side a birdseye view of downtown, the Hollywood sign and Beverly Hills.' (Doug Gollan, co-founder Elite Traveler on Los Angeles) 'We asked travel industry experts to put together the shortlist and it includes iconic city views such as Las Vegas and London City; to tiny remote airstrips such as Saba - the world's shortest commercial runway; or the awe-inspiring mountain scenery at Aspen or Jackson Hole. 'But it's now up to the travelling public to decide which airport offers the world's very best runway view.' Fans can vote for their favourite airport landing here. One voter said of Aruba, the island in the Caribbean: 'The breathtaking views of the whole island as you make you approach are amazing. The turquoise water is so incredibly beautiful. The cliffs on the north side with the surf hitting against them are postcard perfect.' 'During the winter, you only have a chance or two to make the runway, which is on a plateau surrounded by 14,000 foot mountain peaks.' (Benet Wilson, aviation journalist on Telluride, Colorado, US) 'A world class approach to a world class destination. The snatched panoramas as you descend into this hitherto barren-looking landscape makes you realise that pilots do get the best views. (Bill Prince, on Queenstown, New Zealand)","Barra Airport, in Scotland  has been selected as one of the world's most stunning airport approaches .
The Outer Hebrides airport handled 10,560 passengers last year and is one of the smallest airports in the shortlist .
Last year the winner was Nice Cote D'Azur, which was praised by voters for its 'sublime beauty'"
"Angry parents alerted police after spotting a small drone hovering over homes and following their children home from school. Grandmother Patricia Bailey-Ruiz, of Alaska, said she spotted the drone flying above her while she was standing in the driveway with her granddaughter, two, on Tuesday. After other parents and school children also mentioned seeing the drone, Bailey alerted police, who told the parents the man operating the drone is not breaking any laws. Parents were angry after a drone was seen hovering near their homes and following complaints from their children that it followed them home from school (above file photo of the DJI Inspire Quadcopter drone) Anchorage police said the man told them he was flying his $3,400 DJI Inspire Quadcopter drone as practice for an impending business venture, according to Alaska Dispatch News. The man, who has not been identified, denied claims that he followed children or flew low enough to peer into people's homes with the drone's camera. He also said other drones operate in the area. When they responded to complaints, police told the man to respect other people's privacy and to stop flying the drone near the school, Eagle River Elementary, and also near the children. As he formerly flew drones for the military and was curious about the capabilities of civilian models, the drone operator said he would not fly the drone when children were returning home from school. 'There is no state or local law for the misuse of drones,' said Anchorage Police Department spokeswoman Anita Shell. 'Can we prove anything illegal has been done? No.' Bailey-Ruiz, who lives close the school, said she was outside with her grandchildren earlier this week around 3.30pm when the drone flew down in close proximity. She said: 'It came right down to us at the height of the light poles and just hovered there. And it was making a clicking noise and it was shifting around in the sky.' The grandmother said she decided to take action after speaking to a child headed home from school who said the drone followed kids, and had been out for a few days. Authorities told the parents that the law prohibits them from shooting at the drones but that throwing rocks and firing slingshots were within their rights, according to KTUU. The man, who was concerned about residents damaging his drone, was advised to avoid flying it over people's property to protect it from potential risks of damage. The man, who has not been identified, denied claims that he followed children with his drone and said he used to fly the device for the military (above Eagle River Elementary School) He was not charged or arrested following the incident. 'He wasn't committing a crime,' said Shell. 'There wasn't anything we could do but advise him of the neighbors' concerns about following children home or flying near windows.' Since the operator was warned, parents said when they saw the drone on Wednesday, it was not following students and was high up above the school. Shell said there has not been any complaints regarding him and his drone. The Federal Aviation Administration has estimated that there could be at least 7,500 civilian drone users in the next four years. While drone operation is banned for commercial purposes, there are few regulations for private drone use. However, current guidelines advise operators to fly the devices at a safe height away from crowds and airports. As for state regulations, operators are only banned from using drones for hunting or to locate animals while preparing for a hunt. The FAA is conducting an investigation into the incident in Eagle River, and are also working on rules for civilian drone use.","Grandmother Patricia Bailey-Ruiz, of Alaska, first spotted the drone flying above her home while standing in the driveway on Tuesday .
Students from Eagle River Elementary School said drone was following them and had been out for a few days .
Drone operator, a man who has not been identified, denied following students with his $3,400 DJI Inspire Quadcopter device ."
"Three people who died when a helicopter crashed into an unoccupied guest home near downtown Orlando have been identified as a central Florida businessman, his wife and their friend. Orlando police officials on Monday identified the deceased as pilot Bruce Teitelbaum; his wife, Marsha Khan; and their friend, Harry Anderson. Teitelbaum was executive director of a Volusia County-based paper shredding and recycling company. Scroll down for video . Victims: Bruce Titlebaum and Marsha Khan. The husband and wife were killed, along with friend Harry Anderson, after a helicopter Titlebaum was flying crashed into a $1million home in Orlando . Tragic: The pair perished on Sunday afternoon along with their friend after the helicopter they were traveling in crash landed . The helicopter crashed Sunday afternoon in a neighborhood of large, historic homes worth in excess of $1 million. Police say only three people were onboard and they aren't looking for anyone else. The National Transportation Safety Board and the Federal Aviation Administration are investigating the cause. The Robinson R44 four-seater helicopter came down onto a home in the College Park neighborhood of Orlando at around 2pm and fortunately nobody was inside the property at the time. Recovery: Crews remove wreckage from a helicopter crash in an Orlando suburb on Monday . Wreckage: A helicopter smashed into the corner of a lavish home in Orlando, Florida, on Sunday afternoon, killing the pilot and starting a fire . Lavish: The pilot's chopper crashed into this large $1 million home in downtown Orlando Sunday afternoon. The blackened, damaged area can be seen to the left of the image above . Suburban: The crash caused smoke and flames to rise up around the surrounding area that were visible for miles . The pilot took off from Orlando Executive Airport two miles away just moments before the crash, which has left investigation teams baffled. 'We don't know what caused the accident, we just know the helicopter did go inside the guest house,' said Sgt. Wanda Ford from the Orlando Police Department to Bay News 9. Witnesses to the crash said that the pilot appeared to be in difficulties. 'I was driving down the road, and I just saw this helicopter and it was driving really low and the propeller was still going, but you could just tell that it was about to crash,' said Emily Blomquist to Bay News 9. Fire and destruction: The damage to the $1million property is visible (left) while the fire that broke out immediately after the crash is seen burning (right) Response: Firefighters extinguished the blaze and fought through the wreckage - to find the dead pilot inside . Smash: The NTSB and the FAA will begin to assess the crash site on Monday after discovering three bodies . 'By the time I got to the street which was two streets up it had already hit the house and there was a huge cloud of smoke and people were running on the street. It was quite scary.' 'I heard this great 'whop, whop, whop,' followed by this boom. Then everything went dark,' added Donn Carr to Bay News 9. Firefighters arrived to battle a huge blaze with flames shooting up from the home. Police said that heavy smoke was visible for several miles. The helicopter crashed Sunday afternoon in a neighborhood of large, historic homes. Nobody inside the home is believed to have been hurt, though wreckage was seen strewn across the ground and a hole had been smashed in the side of the building. Helicopter footage from local news station WFTV showed the extent of the damage. According to the WESH news channel, Orlando firefighters said the chopper hit an apartment building in the grounds of the home, rather than the main residence.","FAA and NTSB to investigate Sunday's crash in Orlando .
Three people are confirmed to have died - one pilot and two passengers .
Named as pilot Bruce Teitelbaum; his wife, Marsha Khan; and their friend, Harry Anderson .
Firefighters had to battle huge blaze which sent smoke billowing into sky ."
"It was the childhood home of Henry VIII but has become just as famous for its more recent colourful residents, who turned Eltham Palace into an Art Deco haven. The wealthy Courtauld family held luxury cocktail parties for royals and politicians in the 1930s, with millionaires Virginia and Sir Stephen planning their travels using maps on the walls, decorating the rooms with lavish accessories and even transforming the house's air raid bunker in the basement. The palace is set to reopen to the public in April, following a £1.7million renovation, which is part of a larger conservation programme. From April 3, visitors will be transformed back to the swinging 1930s at the Eltham Palace, formerly owned by the Courtauld family . Annie Kemkaran Smith and Sarah Lambarth from English Heritage examining the maps uncovered in Eltham Palace . The £1.7million renovation is set to uncover many of the secrets held at Eltham Palace, including the peeling back wallpaper to reveal the wealthy Courtauld's travel plans . The residence was once home to Henry VIII and has played host to many royals, politicians and artists since. Gold mosaic tiles and a marble tub (right) formed what was once used as a temporary but luxurious bathroom . Conservation being carried out on the underground air raid bunker at Eltham Palace, set to be revealed in April to the public . Five rooms in the Art Deco palace will be unveiled, including a luxury wartime bunker and 1930's dark room, and a billiards room . The Courtaulds were from a wealthy textile background, and amongst the first to embrace aviation as a means of travelling the world. Visitors will be able to experience the magnificent entrance hall, as well as the luxury air raid shelter that the couple installed in the basement, and see the splendid Medieval Great Hall. Children can also enjoy the launch with a fully interactive tour exploring the animals who resided at the palace – including Mah Jongg the family's pet lemur who had his own heated bedroom. Laura Houliston, English Heritage curator at Eltham Palace, said: 'Eltham Palace is one of the finest examples of art deco architecture and design surviving in Britain today. 'It was also a decadent, fun place to visit. 'This April we'll open up new rooms, the ropes will come down and we'll be inviting people to step back in time and experience one of the Courtauld's lavish parties as they try on vintage inspired designs, play in the billiards room and watch cinefilm of the family.' Historians agree that the Eltham Palace had many state-of-the-art modern conveniences for its time, including under-floor heating . From April 3, guests will be whisked back into the time of the swinging 1930s and will be able to also enjoy the brand new visitor's centre and greenhouse café next to the children's play area. The renovations are one of the first of the £52 million conservation projects to be undertaken by the English Heritage Trust, a charity which will oversee more than 400 sites, including Stonehenge and Hadrian's Wall. The charity has been given a £80 million fund by the government, but aims to be self-funding by 2023. There will also be a unique 1930's map room full of plans to exotic locations, which was formerly hidden under decades of wallpaper . Digital handsets will be provided along with visual guides to each room as well as cinefilm and original photography of the family . A new children's guide will also be available, telling the story of the Palace's exotic animals, such as Mah Jongg the lemur . During the renovation, the Palace will remain open to the public on Sundays as normal during winter. The new rooms open on April 3 . The renovations are one of the first by the English Heritage Trust, a charity which will oversee more than 400 sites, including Stonehenge . As part of the £1.7 million renovation at Eltham Palace, the Rock Garden will be replanted and the Quadrant Rose Garden will be redone . Also being revealed in March will be adjoining bedrooms occupied by Virginia's nephews, complete with one of the first residential showers . Also open in April for guests of all ages to enjoy are the new visitor centre and greenhouse café next to the children's play area . Historical artefacts, from a very early vacuum cleaner (left) to some publications from the time (right) will also be on display . Eltham Palace is situated within the Royal Borough of Greenwich in South East London. It is an unoccupied royal residence and owned by the Crown Estate .","The Eltham Palace in Greenwich has undergone a £1.7 million renovation .
The property was the childhood home of Henry VIII and has entertained many royals, politicians, and socialites .
Visitors will be able to view the restored Art Deco property, which was transformed in the 1930s, this April ."
"(CNN)Andreas Lubitz, the co-pilot who authorities say deliberately crashed Germanwings Flight 9525 in France, passed all his tests and medical exams and gave no voluntary indication that he was unstable or mentally ill, Lufthansa CEO Carsten Spohr told CNN Thursday. ""We have at Lufthansa a reporting system where crew can report without being punished their own problems or they can report about problems of others without any kind of punishment. That hasn't been used either in this case, so all these safety nets we are so proud of here have not worked in this case,"" Spohr said. Lubitz had been with Germanwings since September 2013 and had completed 630 hours of flight time after training at the airline's flight center in Bremen, Germany, the company has said. Germanwings is the budget carrier for Lufthansa. The CEO said he didn't know much more than what has been released by French authorities: The captain left the cockpit, tried to regain access by knocking on the door and ""the door was either kept locked or not opened in the way it was supposed to be, and that for sure is a clear indication that the remaining pilot -- the co-pilot -- didn't want the captain to return."" Had the copilot suffered a medical emergency -- as some experts speculated in the initial hours after the accident -- there are safety procedures in place so that the pilot can re-access the cockpit, he said. That is, ""unless the person on the inside locks it and this apparently has happened here,"" the CEO said. After the September 11, 2001, attacks, cockpit doors were manufactured to withstand manual force and small weapons, so there was ""no way to get back to the cockpit for the captain,"" he said. Spohr was asked why Lubitz was allowed to be alone in the cockpit. American airlines require that any pilot leaving the flight deck be replaced by a flight attendant, so that two people remain in the cockpit at all times, but that's not the case with all airlines internationally, CNN aviation analyst David Soucie said. An 8-minute descent to death . A Lufthansa spokesman previously said that the airline complies with all German and European aviation regulations, something Spohr reiterated in his CNN interview. ""Most airlines around the world follow the same procedures as Lufthansa that in flight phases with low workload, the pilot can leave the cockpit -- especially for physical need -- and then he returns to the cockpit as fast as he can. That's a global thing, most accepted procedure, which we have used at Lufthansa for many, many years,"" Spohr said. Asked if the airline might reconsider this policy in light of Tuesday's crash, Spohr said it was possible. ""I think we look at that as well, but we should not put the whole system at stake just because of this terrible single accident,"" he said. The airline will be consulting with its own experts, aviation authorities and experts with other airlines to determine what, if any, of its procedures need to be bolstered to prevent future such accidents from occurring, Spohr said, adding that he stood strongly by the manner in which Lufthansa operates airplanes and trains its employees. ""We understand emotions after this terrible accident, but for us as professionals we need to ensure the safety focus of Lufthansa is in no way touched -- and I promise you it's not -- and we will do our very, very best to even improve it further."" Who was co-pilot Andreas Lubitz? CNN's Frederik Pleitgen conducted the interview in Cologne, Germany, and Eliott C. McLaughlin wrote the story from Atlanta. CNN's Tim Hume contributed to this report.","""So all these safety nets ... have not worked in this case,"" Lufthansa CEO tells CNN .
There's clear indication co-pilot ""didn't want the captain to return,"" Carsten Spohr says ."
"Mental health checks in the civil aviation industry lack the rigour needed, a former BA pilot has claimed in the wake of this week's Germanwings disaster. Alastair Rosenschein, now an aviation consultant, made the comments after it was revealed co-pilot Andreas Lubitz hid an illness from his employers and crashed the plane into a mountain killing 149 people on board. 'This recent accident demonstrates that the mental health checks lack the rigour that is specifically required in a safety sensitive industry like civil aviation,' he said. Scroll down for video . Killer in the cockpit: Andreas Lubitz - pictured competing in a half-marathon in 2013 - was reportedly in the middle of a 'relationship crisis' when he crashed the Germanwings airliner into the Alps, killing himself and 149 others . German detectives were also pictured carrying computer equipment from Lubitz's family home in the small town north of Frankfurt . Potential breakthrough: German detectives carry evidence boxes from the 28-year-old's apartment on the outskirts of Dusseldorf on Thursday . Yesterday, the boss of Germanwings admitted Lubitz had slipped through the 'safety net' and should never have been flying. And today it was discovered the co-pilot hid an illness from his employers. Following a search of his Dusseldorf apartment, investigators revealed they had found torn-up sick leave notes - current ones and one issued for the day of the disaster. Lubitz locked the pilot out of the Airbus A320's cockpit before setting the plane's controls to descend into a rocky valley, French prosecutors said yesterday. He had previously been signed off from training with depression in 2008 and was reportedly receiving mental health support up until Tuesday's crash. The 28-year-old was also in the middle of the 'relationship crisis' with his girlfriend in the weeks before the crash and may have been struggling to cope with a break-up, German newspaper Bild reported. It was  claimed this morning that the couple may have previously been engaged to be married next year. Mr Rosenschein, who was previously a researcher at the Institute of Psychiatry at King's College London, added: 'The safety net has a very wide mesh and that mesh needs to be narrowed. 'Athough suicide among pilots is not uncommon, murder-suicide is extremely rare.' Slipped through the net: Germanwings co-pilot Andreas Lubitz had suffered from depression and ‘burnout’ which had held up his career . Investigators enter Lubitz's house on the outskirts of Dusseldorf yesterday as the probe into the crash continues . In a blunt admission, Carsten Spohr, the head of Lufthansa, which owns the budget airline, admitted Lubitz had slipped through the safety net. ‘The pilot had passed all his tests, all his medical exams,’ he said. ‘He was 100 per cent fit to fly without any restrictions. 'We have at Lufthansa, a reporting system where crew can report – without being punished – their own problems, or they can report about the problems of others without any kind of punishment. 'All the safety nets we are all so proud of here have not worked in this case.’ Lubitz passed one of the most rigorous assessments when he was accepted for flight training by Lufthansa, according to The Telegraph. The airline said Lubitz trained at the Lufthansa Flight Training School in Bremen. An assessment required by Germany's civil aviation authority, the DLR, plus standards imposed by Lufthansa were needed before he was accepted. However, although the process includes psychometric testing of the candidate's ability to work under pressure and handle stress, they do not examine personality or lifestyle more closely, The Telegraph reported. Lufthansa, like other airlines, does not operate a formal vetting process for aspiring pilots. Investigation:  French prosecutors have opened a criminal investigation for what appears to be a case of suicide involving mass murder . Search: Teams working in the difficult Alpine terrain clear scattered crash debris and search for bodies and belongings . Debris from the jet, operated by Lufthansa's Germanwings budget airline, was found near Barcelonnette . New information about Lubitz's life emerged just hours after police investigating the disaster began a four-hour search of his flat, which he is said to have shared with a girlfriend. Officers  found 'evidence of mental illness' but no suicide note, Der Spiegel reported. It is understood detectives have found significant material on Lubitz's computer, which they are now carefully examining for any explanation for his terrible actions. He reportedly received a year and half of psychiatric treatment and was at one point recommended to be examined by a doctor before flying. However, he passed his psychological assessments and was later considered fit to fly. Germany’s Federal Aviation Office confirmed this morning that Lubitz had a medical condition noted in his pilot’s records which required him to have a regular examination. Doctors giving pilots their regular medical checks assess their psychological soundness at the same time, according to the UK’s Civil Aviation Authority. This is done before they first fly and at regular intervals after that – once a year for under-40s and every six months for those over that age. Pilots are not made to sit detailed psychological tests, but the doctors are qualified to spot problems including signs of stress, fatigue and drug or alcohol abuse. CAA standards state: ‘During assessment of the applicant’s history, the doctor should make a general inquiry about mental health, which may include mood, sleep and alcohol use. ‘The doctor should observe the applicant during the process of the examination and assess the mental state of the applicant.’ A CAA spokesman said: ‘There is a psychological element to the pilots’ medical assessments. It forms part of the medical examination which pilots have to undergo to get their medical certificate without which they can’t fly.","Claims made after it was revealed Airbus A320 co-pilot crashed deliberately .
Today it was discovered Andreas Lubitz hid an illness from his employers .
Lufthansa flight training assessments don't examine personality or lifestyle .
Lufthansa does not operate a formal vetting process for aspiring pilots ."
"China's new superjet will take to the skies for the first time in test flights later this year. The C919, built by the Commercial Aircraft Corporation of China (COMAC), will be the country's most ambitious effort to date to break into the global aircraft market. The latest pictures have shown the final assembly work on the nation's first single-aisle airliner, which is currently under construction in Shanghai, is well underway. Progress: The C919, built by the Commercial Aircraft Corporation of China (COMAC), will be the country's most ambitious effort to date to break into the global aircraft market . Connected: Assembly of the first prototype airframe is almost complete from nose through to the tail, and the wing-to-body join has also been done . Developed: The single-aisle twin-engine jetliner has been designed to go head-to-head with Boeing's 737 and Airbus A320 in the lucrative aviation market . High tech: The cockpit will feature all of the latest technological advances as China seeks to break into the lucrative aviation market . The single-aisle twin-engine jetliner has been designed to go head-to-head with Boeing's 737 and Airbus A320 in the lucrative aviation market. Assembly of the first prototype airframe is almost complete, says People's Daily, with the main landing gear and forward landing gear also now installed. Some major works - such as the installation of the avionics, flight control and hydraulics systems - are still to be completed. COMAC C919 . Wingspan: 35.4 metres . Cruise speed: Mach 0.76 . Maximum altitude: 12,100 metres . Passengers: 168 . BOEING 737: . Wingspan: 35.8 metres . Cruise speed: Mach 0.74 . Maximum altitude: 12,500 metres . Passengers: 210 . The various systems will then have to be fully integrated and rigorously tested before the test flight, which is scheduled to happen before the end of this year. The various parts of the aircraft - including the nose, front and middle fuselage, wings and tail sections - were designed by the corporation and manufactured in Chengdu, Shenyang and Harbin. COMAC are reported to have already secured more than 450 orders from 18 different customers, most of which are believed to be local airlines and leasing firms. The manufacturer is targeting 2017 for C919 certification, with first deliveries also scheduled for that year. China is keen to develop a successful commercial aircraft to prove it can match the developed industries of the United States and Europe. Airbus has forecast that China's domestic aviation market will become the world's biggest within the next decade. China’s air-passenger traffic will increase 8% annually from 2013 to 2032 - compared with an expected global annual growth rate of 4.8% - as many more affluent Chinese passengers take to the skies. It is hoped that an official date for the first test flight will be announced in the near future. Almost there: Chinese technicians rivet sections of the fuselage together as they assemble China's first domestically-made passenger jet plane the C919 . Comfort: A man tests a business class seat in a model on the first day of the COMAC C919 . Final preparations: China is keen to develop a successful commercial aircraft to prove it can match the developed industries of the United States and Europe . Futuristic: It has been forecast that China's domestic aviation market will become the world's biggest within the next decade .","The C919 superjet will take on giants of global aviation - Boeing's 737 and the Airbus A320 .
Designed and built in China, final construction is now underway in Shanghai .
More than 450 orders for the high-tech aircraft are already in place from 18 different airlines ."
"Andreas Lubitz (above) had received treatment for 'suicidal tendencies' but doctors were apparently unable to tell his employer because of strict secrey laws introduced after WWII to prevent a repeat of government spying during the Nazi era . Strict German privacy laws which prevented doctors treating Andreas Lubitz from telling his airline about his 'suicidal tendencies' were introduced in response to Nazi rule. The Germanwings pilot had been forced to stop his training because of severe depression and had received psychotherapy for several years before last week's Alps disaster. But German law meant it was left entirely up to him to volunteer his mental health problems to his employer, something he failed to do with devastating consequences after tearing up a sick note for the day of the crash. The findings from the investigation have prompted heated debate in Germany on a patient's right to privacy, with Chancellor Angela Merkel proposing an inquiry to re-examine the law. Draconian legislation was initially brought in after World War Two to prevent a repeat of government spying during the Nazi era and subsequently the Stasi secret police in East Germany. This extends far beyond confidential medical data, however, to stringent protection of someone's identity, meaning many German publications only referred to Lubitz as Andreas L, even after his death. Further data protection laws traced back to 1907, which enshrines the 'right to your own picture', also mean images can only be published with the individual's consent, it was reported by the Times. With respect to medical data, the criminal code can ultimately leave doctors between a rock and a hard place. For it only allows them breach confidentiality when they have reason to believe that sharing their knowledge could prevent 'a particularly serious crime' or a threat to someone's life. They can face a year in prison if they wrongly breach privacy, but up to five years in jail for withholding 'credible information about the planning or commission' of serious acts like murder. Despite the variation in sentences, doctors have tended to favour the individual's privacy. Still reeling from last Tuesday's disaster that killed 150 people, many in Germany are now debating whether the potential to neutralise threats to public safety should trump doctor-patient privilege. A transport policy expert from Chancellor Angela Merkel's Christian Democrats (CDU), Dirk Fischer, said strict confidentiality policy should be loosened when their patients work in sensitive fields. Professionals such as pilots 'should only see doctors designated by their employers,' Fischer told the daily Rheinische Post. He added that such doctors 'should be relieved of their pledge of secrecy in communication with the employer and the aviation authority'. Military vehicles arrive ahead of operations at the site of the Germanwings plane crash in Seyne-les-Alpes . A military vehicle  carrying a crash site investigation team heads towards the site of the Germanwings Airbus A320 crash, in Seyne-les-Alpes in the French Alps . Member of parliament Thomas Jarzombek, also of the CDU, called for the creation of a commission of experts to study how to handle illnesses among those whose jobs mean they hold the welfare of many people in their hands. German prosecutors said Monday that Lubitz had been diagnosed 'several years ago' with suicidal tendencies and was still in treatment. Although his symptoms had abated, he was apparently written off sick on the day the Airbus crashed. Media reports have indicated that Lubitz, 27, was taking medication for severe depression and was being treated for problems with his vision, possibly for a potentially career-ending detached retina. Investigators evaluating voice recorder data say Lubitz remained silent and breathed calmly as he allegedly locked his captain out of the cockpit and slammed the plane into a French mountainside. Carsten Spohr, the head of parent company Lufthansa, has said the airline was utterly unaware of any health issues that could have compromised Lubitz's fitness to fly, calling him '100-percent airworthy'. His professional performance and behaviour had never attracted cause for concern, Spohr added. The German Medical Board has clear ethical policies on doctor-patient relations: 'Doctors must remain silent about what is told to them in confidence or what they learn in their capacity as doctors.' It applies even after the death of a patient and includes keeping medical facts secret even from family members of the person in treatment, under penalty of up to one year in prison or a fine. Tragedy: Relatives of the victims of the air crash visit the memorial in Le Vernet, south-eastern France . Perilous: French Gendarme Bruno Hermignies stands by a bulldozer clearing a path to the crash site of the Germanwings Airbus A320 in the mountains near Seyne-les-Alpes as the recovery operation continues . Calling for change: Anneli Tiirik with her boyfriend Paul Bramley, who died in the Alps plane disaster . The grief-stricken girlfriend of a British student killed in the Alps plane disaster today called for tougher controls to weed out psychopathic pilots. At present, airlines carry out regular checks on their pilots, but this often just involves a brief chat with a doctor to assess their wellbeing. Anneli Tiirik, who is from Estonia, told MailOnline: 'Besides general physical, psychological and behavioural evaluation, another test should be added, I believe, to help avoid more deaths in the future. '(This should be) a neurological PET scan to discover and attentively observe psychopathic tendencies, so as to find out whether the subject is prone to violence and therefore not be given the extensive power that would most likely lead to harming other people. 'It is one thing to be suicidal or obsessive, but feeling no remorse or even nervousness when killing other human beings is a whole new level - a zone only real psychopaths can fully understand.' Ms Tiirik also called for laws to be relaxed to allow doctors greater freedoms to flag up patients with mental health problems if they are responsible for the live of others. German law meant it was left entirely up to Andreas Lubitz to volunteer his mental health problems to his employer, something he failed to do with devastating consequences after tearing up a sick note for the day of the crash. She said: 'I personally think that the problem doesn't lie in the management of the airline as much as in the general tendency of the society to be overly protective about people's medical data. 'It is visible to everyone if somebody has a serious physical illness, but when it comes to major mental problems, these are hidden away at any cost for fear of embarrassment or judgement. 'However, those are illnesses as well and should be treated and inspected accordingly, especially when it comes to job positions regarding huge responsibilities.' Her boyfriend, Paul Bramley, from Hull, was studying hospitality and hotel management in Lucerne, Switzerland, where he was about to start an internship after travelling with her. He had been to Barcelona after completing his first term of college for a few days' holiday with friends. Mr Bramley was flying back to the UK via Dusseldorf to see his family. Richard Spillett . One exception, however, is when medical professionals have been excused from this duty by the patient, or when they have reason to believe that sharing their knowledge could prevent 'a particularly serious crime' or a threat to someone's life. A doctor is also obliged to come forward in cases of 'psychiatric illnesses or a possible threat of suicide', member of parliament Karl Lauterbach, himself a physician, told the daily Bild. The German board's head, Frank Ulrich Montgomery, urged caution in reassessing the policy. Patient privacy is a 'cherished fact and, for all the citizens of Germany, a human right,' he said. 'You can tell a society that cares about rules when it doesn't slip into hasty action-for-action's-sake. Or populism,' weekly magazine Stern wrote in an editorial on its website. 'You can also tell a society that can handle the incomprehensible when it becomes clear it was a one-off case, extreme in every way. 'And, according to the rules of a humanitarian society, indeed - as terrible as it is - unpreventable.' The daily Die Welt noted a change in policy could have a chilling effect on people seeking the necessary treatment. 'Police also have the right... to a frank talk with a doctor without worrying that their employer will be told.' Meanwhile investigators sifting through the wreckage and hundreds of body parts in the French Alps were forced to resume the hunt on foot as bad weather hampered helicopter flights. 'The teams will get to the site via the path that is already in existence,' said Yves Naffrechoux from the local mountain police. Authorities are hoping to identify more DNA from the 150 people who died, as well as locate the jet's second black box that should provide more clues as to the circumstances of the tragedy. Forensic teams have isolated almost 80 distinct DNA strands from the shattered aircraft and have described the grim task as 'unprecedented' given the tricky mountain terrain and the speed at which the plane smashed into the rock.","Strict laws left it up to Andreas Lubitz to tell employers about health issues .
But he tore up sick note on day of disaster with devastating consequences .
Legislation brought in to stop a repeat of spying by Nazis and Stasi police .
Debate rages in Germany over whether to loosen medical privacy laws ."
"One of Australia's biggest airlines has revealed that they are still considering whether to strengthen their cockpit policies following the Germanwings tragedy that killed 150 people. A Qantas spokesperson told Daily Mail Australia that they are 'monitoring' the information coming out of the French investigation following the chilling revelation that the co-pilot of the Airbus A320 locked the pilot out before hurtling the plane to the ground. The airline say they are in 'discussions with regulators' over cockpit changes and are still unsure if a review is needed to safeguard passengers. Qantas has announced that it is discussions with regulators over it's cockpit policies . 'We have a comprehensive safety management system that guards against risks to our operations. This includes multi-layered systems to protect the flight deck on our aircraft,' a spokesperson for Qantas said. The airline also said that their pilots' health and well-being are very important to them, claiming they have a rigid recruitment process which includes psychometric testing. 'Periodic aeromedical tests are carried by doctors out once a year for pilots under 40 years old and every six months for pilots over 40,' they said. 'All pilots must complete regular Crew Resource Management training, which among other things includes training in stress management, teamwork, communication and behavioural awareness. 'Like all employees, pilots have access to confidential counselling services and safety reporting channels.' In the UK, a few airlines have announced the new move will come into force tomorrow and aviation insiders say there are moves to make it 'mandatory' across all airlines . Qantas have said that they are still considering whether or not their policies need to be tightened . A more thorough review had been ordered to consider the findings of the investigation of the Germanwings crash, in which 150 people were killed when the A320 slammed into the French Alps. In a statement released to Daily Mail Australia, Virgin Australia said their pilots also undergo medical exams. They said they are constantly in contact with regulatory bodies and have comprehensive measures in place on all flights to ensure the safety of guests and crew. However they said that these details remain confidential for security purposes . 'The Virgin Australia Group continuously undertakes detailed risk reviews, including consultation with the relevant regulatory and industry bodies. Any updates regarding changes to our processes will be provided where appropriate,' a Virgin spokesperson said. 'All Virgin Australia Group Pilots undertake regular aeromedical exams, which include mental health assessments.' It dramatically emerged today that the co-pilot of the Airbus A320 that crashed into the French Alps locked the pilot out of the cockpit and deliberately crashed the plane. The final moments of the doomed jet were revealed by French prosecutors who said it was 28-year-old Andreas Lubitz's plan to 'destroy the plane'. The Qantas review comes as airlines and aviation regulators around the world have begun taking steps to ensure there are always two people in the cockpit. Tragedy: It emerged today that Germanwings co-pilot Andreas Lubitz (pictured) locked the plane's pilot out of the cockpit and 'deliberately' crashed the plane into the French Alps, killing 150 people on board . Lubitz was sitting in this cockpit, pictured, when he commanded the jet to crash into the Alps at 400mph . The Civil Aviation Authority urged airlines to review their policies to avoid the pilot or co-pilot being alone at the controls and aviation insiders say there are moves to make it 'mandatory' across airlines. In the UK, EasyJet and Virgin Atlantic announced plans to change their aviation policy on staff numbers in the cockpit. Monarch and Thomas Cook also confirmed they had changed their policies, while Ryanair, Jet2 and Flybe said they already required two crew members to be in the cockpit at all times. Elsewhere around Europe, the continent's third-largest budget carrier, Norwegian Air Shuttle, said it would require two people in the cockpit at all times for safety reasons. A Civil Aviation Authority spokesman said: 'Following the details that have emerged regarding the tragic Germanwings incident, we are co-ordinating closely with colleagues at the European Aviation Safety Agency (EASA) and have contacted all UK operators to require them to review all relevant procedures. Horror: After voice recordings emerged from the doomed A320 revealing how the pilot tried to kick down the cockpit door, EasyJet said a cabin crew member will enter the cockpit if the pilot or co-pilot needs the toilet . 'All UK airline pilots undergo extensive and regular medical assessments to determine their fitness to hold a licence. As part of this, aeromedical examiners are required to assess a commercial pilot's mental health at each medical examination which, for an airline pilot flying with at least one other pilot, is undertaken annually. 'These detailed medical assessments are in line with international aviation standards. 'We will continue to monitor the situation as the investigation develops and our thoughts remain with the friends and relatives of all those affected by this tragic incident.' Doomed: The captain of the ill-fated flight - named by local media as German father-of-two Patrick Sonderheimer - left the cockpit but found himself locked out when he tried to re-enter (file photo) 'Deliberate': Marseille prosecutor Brice Robin said Lubitz used the flight managing system to put the plane into a descent, something that can only be done manually . It also transpired today that the Germanwings co-pilot who flew the plane into the Alps at 400mph had to stop his training because he was suffering from depression and 'burnout'. Mr Lubitz - whose family were at the scene of the crash in Seyne today -  postponed his pilot training in 2008 due to mental health issues and a friend said he was 'in depression'. Airline bosses confirmed Lubitz had taken several months off work and had to retrain to join the firm but insisted he was '100% fit to fly'. German police have since raided Lubitz's €500,000 family home in Montabaur in Germany as well as his apartment in Dusseldorf. Heart-broken: Family of the victims of the crash gathered near the scene in Le Vernet near the French Alps today, as rescuers tried to recover the dead bodies of their deceased relatives . Rescue: Helicopters lowered investigators down to the scene of the obliterated plane where debris and human remains were scattered . At an extraordinary press conference earlier, Marseille prosecutor Brice Robin gave a disturbing account of the cockpit voice recordings extracted from black box. He said Lubitz locked his captain out after the senior officer left the flight deck. At that point, Lubitz used the flight managing system to put the plane into a descent, something that can only be done manually - and deliberately. He said: 'The intention was to destroy the plane. Death was instant. The plane hit the mountain at 700kmh (430mph). 'I don't think that the passengers realised what was happening until the last moments because on the recording you only hear the screams in the final seconds'. Raid: German police have investigated Andreas Lubitz's €500,000 family home in Montabaur in Germany as well as his apartment in Dusseldorf . Killer's home: A French prosecutor in Marseille said Mr Lubitz's breathing was normal as the plane descended rapidly before crashing into the French Alps . Earlier in the flight, Mr Robin said Lubitz's responses were initially courteous, but became 'curt' when the captain began the mid-flight briefing on the planned landing of the plane. The captain - named by local media as German father-of-two Patrick Sonderheimer - then left the cockpit but found himself locked out when he tried to re-enter. Mr Robin said: 'We hear the pilot asking the co-pilot to take over and we hear the sound of a chair being pushed back and a door closing so we assume that the captain went to the toilet or something. 'So the co-pilot is on his own, and it is while he's on his own that the co-pilot is in charge of the plane and uses the flight management system to start the descent of the plane. 'At this altitude, this can only be done voluntarily. We hear several shouts from the captain asking to get in, speaking through the intercom system, but there's no answer from the cockpit.'","Qantas are in discussions with regulators over their cockpit policies .
The airliner say they are monitoring the investigation in France .
The news comes after the Germanwings tragedy which killed 150 people .
Qantas say they are considering if better safeguards are needed .
It comes after many airlines in the UK have changed their cockpit policies ."
"These dramatic photographs capture the moment seven unexploded shells were detonated out at sea. The 40lb shells, which are believed to date from the 1860s, were sniffed out by a black Labrador named after Sir Barnes Wallis - the inventor of the bouncing bomb. His owner, John Brewin, phoned the emergency services after his dog dug up one of the shells during a walk in Sandwich Bay, Kent, on Sunday. Scroll down for video . Dramatic: The seven shells were detonated by bomb experts out at sea at Sanwich Bay, Kent . Explosion: The shells, which are believed to date from the 1860s, were sniffed out by a black Labrador . Sniffed out: Barnes Wallis the black Labrador . Experts from the Royal Logistics Corps Bomb Disposal Team arrived and, with Barnes' help, uncovered another six shells. They were taken out into the sea where they were safely detonated. Mr Brewin said it was not the first time his dog had found explosives. He said: 'These are not the first he has found.' 'The seven shells date from the 1860s and are 40lb Black Powder shells. 'The first one was found by my black Labrador Barnes Wallis and the others were then located by the local Coastguard Team, assisted by Barnes again.' Mr Brewin named his dog after Sir Barnes Wallis, a British aviation engineer who invented the 'bouncing bomb' used in the Dambusters Raid of 1943. Adrian Hendry, 43, who lives nearby, said: 'The explosion out at sea was incredible - a real blast. 'It's amazing that the dog that sniffed the bombs out is named after Barnes Wallis - an amazing coincidence really.' Uncovered: Bomb disposal experts arrived and, with Barnes' help, found another six shells on the beach . Curious: Owner John Brewin said the shells, pictured, are not the first to be dug up by his pet . Sir Barnes Wallis: Inventor of the 'bouncing bomb' Barnes Wallis was a British aviation engineer who is famous for designing the 'bouncing bomb' that was used in the Dambusters Raid of 1943. Born in Derbyshire, Wallis worked first as for a marine engineering firm before transferring to working on aircraft. When the Second World War began, Wallis was assistant chief designer of aviation at Vickers' engineering. He came up with the concept behind the bouncing bomb while skipping his daughter's marbles across a tub of water by catapault. But it took more than a year to convince RAF chiefs that such a bomb might work and should be attempted. Once he was given the go-ahead, he had only eight weeks to complete and test the design. The final solution, called Upkeep, was a cylindrical bomb, weighing four tons, spinning backwards at 500 rpm. It had to be dropped from precisely 60ft above the water at not more than 240mph. In the dark. In the middle of hilly, forested west German territory. Operation Chastise, dubbed the 'Dambusters Raid' was carried out overnight on the 16 May 1943 by the 617 Squadron of the RAF - specially-created for the job - that was led by Guy Gibson. Two of the dams were breached, leading to serious flooding of the surrounding area. However, it did not make a significant dent in the country's industrial production, as hoped. The most significant outcome of the raid was the positive effect it had on morale - giving Allied troops, and those left at home, a much-needed boost. Mission: Lancaster bombers (pictured in file image) dropped the 'bouncing bombs' in the Dambusters Raid .","First shell was sniffed out by Labrador on beach at Sandwich Bay, Kent .
The dog, named Barnes Wallis, helped bomb disposal experts find six more .
His namesake invented the 'bouncing bomb' used in Dambuster raids .
Shells were detonated out at sea and the explosions captured in photos ."
"Just as I can't travel to Liverpool without thinking of The Beatles, so I can't travel to Los Angeles without thinking of The Beach Boys. Their songs of beaches, baggies, boards and bikinis painted a picture of a sun-kissed paradise, and their voices sounded as bright and as laid-back as California itself. This time I was travelling specifically to discover the people and places that inspired the band. Their songs sounded as bright as a sun-kissed paradise, their voices sounded as laid-back as California itself . I started in Hawthorne where the three Wilson brothers - Brian, Carl and Dennis - were raised, and joined up with guitarist Al Jardine and vocalist Mike Love to form a group. The Wilson family home on 119th Street, where the boys taped their first single Surfin' in 1961, was demolished to make way for Interstate 105. The rest of the street remains though, its neat lawns, porches and fluttering flags reminders of the group's clean-cut All-American origins. A redbrick memorial now stands at the site of the Wilson house, with a bas-relief frieze showing the group carrying a surfboard and a plaque noting that the music conceived here 'broadcast to the world an image of LA as a place of sun, surf and romance'. Hawthorne is indeed a place of sun (263 days a year) but no surf and little romance. It's a charmless city that expanded on the back of the post-war aviation industry (Los Angeles International is only five miles away). I could see why the teenagers of the 1950s would get 'bugged' driving 'up and down the same old strip'. Hawthorne Boulevard, with its low-rise jewellery shops and furniture stores, is no place for the young. The Pizza Show added a splash of colour when it arrived in 1956 and became a home from home for the fledgling Beach Boys. I started in Hawthorne where the three Wilson brothers - Brian, Carl and Dennis - were raised, and joined up with guitarist Al Jardine and vocalist Mike Love to form a group . Now run by the son of the original owner, it retains its kitsch medieval Italian interior, with wrought iron chandeliers, tiled awnings and mock grilled windows. Foster's Freeze, another gathering place, is a blue-roofed fast-food outlet that offers food from one service hatch and ice cream from another. When I arrived Louie Louie, a 1963 hit by The Kingsmen, was playing over speakers in the overhang. This was the very 'hamburger stand' where Brian Wilson saw a girl pull up in her father's Thunderbird and had the inspiration for Fun Fun Fun. Hawthorne High School, around the corner on El Segundo Boulevard, is where the Wilson boys and Jardine attended. The Beach Boys came back to play the 1969 prom and honoured the institution in their song Be True to Your School. The nearest surfing beach to Hawthorne is Manhattan, but the best is Huntington Beach, better known as Surf City USA. Here the sand is soft, the surf is year-round, and the broad beaches stretch for more than eight miles. Other than Dennis Wilson, The Beach Boys were famously non-surfers, but they were smart enough to observe the burgeoning ocean-side culture and knew there was mileage in chronicling it. They mentioned Huntington Beach in Surfin' Safari. The city of Huntington Beach makes much of its surfers. There's a Walk of Fame, a Hall of Fame and a small International Surfing Museum. The sports shops sell everything from boards and wetsuits to sunglasses, caps and jeans. My hotel, the Waterfront Beach Resort, had a surfboard in the foyer and doorknob signs that read Wiped Out rather than Do Not Disturb. It was cold and overcast on my first morning but by 8.30am there were already more than 100 surfers bobbing about in the ocean. From the pier I could watch them mounting their boards and waiting patiently to ride in on the most powerful of the tall, grey waves. As if on cue, a local surf music tribute band, The Breakaways dressed in faded blue denims and short-sleeved Hawaiian shirts, began playing at the pier entrance. An even better insight into surf culture and music came a few days later when The Surfaris drummer David Raven took me to an outdoor gig in Irvine, Orange County, where he played with bassist Jay Truax (ex-Nomads), and guitarists Ron Eglit (Dick Dale and his Band) and Paul Johnson (The Bel-Airs). They called themselves The Legends Surf Band. We picked up Johnson from his apartment. He was wearing a baseball cap, blue jeans and sandals and had a black patch over his left eye. On the drive down he told me his story. As a 15-year old schoolboy in 1961 he'd composed a hit tune called Mr Moto for The Bel-Airs. That summer, when playing at the Knights of Columbus Hall in Redondo Beach, a leading surfer came over to him and said: 'Wow, man! Your music sounds just like it feels out on a wave. You should call it surf music.' So he did. Other than Dennis Wilson, The Beach Boys were famously non-surfers, but they were smart enough to observe the burgeoning ocean-side culture and knew there was mileage in chronicling it . When The Beach Boys adopted this sound the hard-core sports crowd initially shunned them. 'As long as they posed as surfers they were resented by those in the true beach culture,' Johnson told me. 'But when they went on to celebrate California youth culture at large by singing about cars and cruising, that broadened their appeal. After that, even surfers appreciated them.' When The Beach Boys started recording their focus shifted from Hawthorne to Hollywood. They signed with Capitol Records, whose 13-storey circular tower at 1750 Vine Street, built in 1956, has become an LA landmark. Legend has it that the architecture was based on the image of a bunch of singles stacked on the spindle of a record player. The night I visited, Arcade Fire were playing a promotional set on a specially built platform outside the tower. The Beach Boys' earliest albums were recorded at Capitol but by the time of Surfer Girl and Little Deuce Coupe, they were also recording around the corner at United and Western (6050 Sunset Boulevard). Now called Ocean Way Studios, this is where they recorded their 2012 comeback album That's Why God Made The Radio. In 1965, Brian Wilson bought the then-modern 1448 Laurel Way in Beverly Hills with its great views over the LA basin. That summer, when playing at the Knights of Columbus Hall in Redondo Beach, a leading surfer came over to him and said: 'Wow, man! Your music sounds just like it feels out on a wave. You should call it surf music' It was here that he notoriously built himself a huge sandbox in the living room to stimulate his creative juices. (The video for Sloop John B was filmed in the garden pool.) Two years later he moved to 10452 Bellagio Road in the more upmarket gated community of Bel Air. Several Beach Boys' albums, including Smiley Smile, Wild Honey, 20/20 and Surf's Up, were partially recorded here, while Charles Manson, a fringe figure on the LA music scene in 1969, visited to tape songs that he'd written. In songs such as Little Deuce Coupe, Shut Down, Little Honda, and Fun Fun Fun, The Beach Boys explored the parallel teenage subculture of cruising and hot-rodding. Illegal street racing still takes place but usually in the early hours of the morning, and it's a crime even to be a spectator. Custom car shows tend to happen out in the desert rather than in the city. But at the Petersen Automotive Museum (6060 Wilshire Boulevard) it's possible to see everything from hot rods and deuce coupes to Thunderbirds and Chevrolets. Spread over two spacious floors, there are plenty of cars from the era The Beach Boys celebrated - a peach-coloured 1957 Lincoln Premiere once owned by Jayne Mansfield, a black 1957 Chrysler, and a wonderful boat-sized 1959 red Cadillac Convertible. The hot rod section has a classic Deuce Coupe customised from a 1932 Ford. Appropriately the museum cafe, Johnny Rockets, is a 50s-style diner with red plastic seating, chrome surfaces and neon signs. On my final day I headed north on the Pacific Coast Highway to Malibu.  There's probably no road that better embraces the joys of LA - steep hills and canyons to one side, broad beaches and ocean to the other . On my final day I headed north on the Pacific Coast Highway to Malibu. There's probably no road that better embraces the geographical joys of LA - steep hills and canyons to one side, broad beaches and ocean to the other - and no drive is better suited to a Beach Boys' soundtrack. The group even recorded a song about it in 2012. Beyond Malibu lies Paradise Cove. A left-hand turn took me a mile down a hill to a private beach edged with cliffs where the group was photographed for the cover of 1962's Surfin' Safari, and again two years later for All Summer Long. Paradise Cove is now home to one of the world's most luxurious trailer parks. Film directors, screenwriters, models and Hollywood actors such as Minnie Driver and Matthew McConaughey have swapped bricks and mortar for transportable homes with a view. A surfboard-shaped sign ironically declared No Surfboards. The warning was somewhat redundant as beaches can be private but the sea is free and, anyway, the waves are so mild that no serious surfer would choose it. Maybe that's why The Beach Boys came here - and why they kept their shirts and jeans on during the shoot. Getting there . Virgin Holidays (virginholidays.co.uk, 0844 557 3859) offers five nights at the Hilton Waterfront Resort Hotel in Huntington Beach from £915pp. This includes return flights from Heathrow, accommodation on a room-only basis and car hire. For further information on Los Angeles visit discoverlosangeles.com.","Songs of beaches, boards and bikinis paint picture of sun-kissed paradise .
Steve Turner travelled to see the people and places that inspired the band .
Trip started Hawthorne where the three Wilson brothers were raised .
Other than Dennis Wilson, The Beach Boys were famously non-surfers ."
"A guest at an 007-themed swingers' party drowned in a swimming pool after apparently downing most of a bottle of Jack Daniel's whiskey. The 35-year-old man was one of about 30 pleasure-seekers at the 'James Bond meets Pussy Galore' event in a £2.5million country mansion in the Home Counties. He is thought to have entered the pool naked with a woman he had met at the party before suddenly starting to thrash about in the water and then sinking to the bottom. Organiser Janet Harrison (left) with  friend in an image from a website that promotes the swingers' parties . The sex party was reportedly 'just getting started' when a 35-year-old man drowned in the swimming pool of the £3million gated property (pictured is a pool at the mansion) Detectives are investigating the 'unexplained' death and the 50ft covered pool has been sealed off while toxicology tests are carried out to check that the water is safe. The party was one of the regular swingers' events put on by retired management consultant Richard Stanley, 66, and his partner Janet Harrison, 58, at their eight-bedroom home in Radlett, Hertfordshire. The couple, who appeared in a Channel 4 series last year, say they do not run the sex parties as a business, but ask for contributions to their costs. The event on Friday night featured 007 references including a roulette wheel, a woman covered in gold paint inspired by Goldfinger and chocolate replicas of the weapon from The Man With The Golden Gun. The man got into difficulties in the water just after midnight. The death happened at a swingers party run by Richard Stanley and Janet Harrison, pictured in the Channel 4 documentary Jon Richardson Grows Up . The owner of the house, who organised the sex party, said there were safety notices around the pool . 'The party was really only just getting started,' a guest told the Sun. 'I was in the garden when a naked couple walked into the heated pool. She was white and in her 30s or 40s, he was black. 'There is a steep incline in the pool, which is about 3m deep, and the guy went in deeper by himself and started whacking the water. I thought he was playing. 'After a while the woman screamed and I saw the guy lying on the bottom. His body looked like it was moving, but then I realised it was ripples in the water.' Revellers dragged the man out and performed CPR on him at the poolside, but he could not be revived and was pronounced dead at Watford General Hospital. The victim, who told other guests he was called Edmund, was not a regular at the parties. He is believed to be Nigerian and from north-west London. The woman who entered the pool with him, who was not well known by other guests, was left distraught. Mr Stanley said the victim had apparently 'severely dented' a bottle of Jack Daniel's he brought with him before entering the pool. The group's website states that there are health and safety rules for using the large indoor swimming pool . The couple have been hosting sex parties at the mansion - which includes a dungeon - for 10 years . He added: 'I heard a shout and ran over. I dived in fully clothed, pausing only to take my iPhone out of my pocket. He was enormously heavy. Three of the guys pulled him out, with me pushing him from behind. They put him straight into the CPR position and tried to revive him. One of the guests was a qualified nurse. 'I got straight on to 999. The call operator gave very clear instructions, which I shouted to the team performing CPR. We kept doing that until the ambulance arrived. 'Then the police turned up – there were about a dozen officers in total by the end of the night. After interviewing various people, the inspector said to me, 'this is a non-suspicious death'. It may well be that he had a heart attack.' The mansion boasts a sex dungeon, a dance room with a pole and a sauna for the 'hot-blooded sexual Olympians' who attend the parties. Mr Stanley and his partner decided to go ahead with a planned Alice In Wonderland-themed party on Saturday night after receiving messages of support from their regular guests. The property features a converted attic which Mr Stanley calls the 'dungeon in the sky' The tragedy struck in the early hours of Saturday at the mansion (pictured) in Radlett, north of London . The mansion's owners say the pool complies with all health and safety rules and has been inspected . 'My first reaction was that having a party the following night was not going to be appropriate,' Mr Stanley said. 'But we had so many supportive emails and texts saying things like, 'the first thing you do if you fall off a horse is get back on it', and 'it was what he would have wanted'. 'Somebody said when a plane crashes into the Alps, you don't stop all aviation. You sit down around a table and think about whether you could have done anything differently. 'That's what we are doing. The health and safety people will come over this week and we will go through what we could do better.' Mr Stanley said he would invite the victim's friends and family to visit his house and set up a memorial there if they wished. A Hertfordshire Police spokesman said: 'An investigation is on-going at this time to establish the circumstances surrounding the man's death, which is being treated as unexplained pending the outcome of a post-mortem. This is due to take place in the next few days.' A documentary showed pornographic films are played on a large screen during the parties and a pole has been fitted to the centre of the dancer floor . The website states: 'To assist those who feel torn between eating out or frolicking, we ease the burden by feeding you to a fair standard'","Guest at 'James Bond meets Pussy Galore' swingers' party drowned .
Tragedy happened as the sex party was 'just getting started', it is reported .
Unconscious man, 35, pulled from the water but efforts to save him failed .
Guests were alerted after woman who had also been in the pool screamed ."
"Air travellers today lampooned Ryanair's plans to offer £10 transatlantic flights by suggesting they may have to stand, pay to use the toilet or even parachute into America  because it is so cheap. The budget airline has announced it  plans to fly to New York, Boston, Chicago and Miami from London Stansted, Dublin and Berlin from 2020. The £10-a-ticket proposal is part of a wider plan to change its image and 'stop  p****** people off' because  boss Michael O'Leary's schemes to squeeze more money out of passengers left many irate. Breaking new ground: Ryanair's directors have approved plans to start a transatlantic airline offering flights from as little as £10 but there has also been considerable fun at their expense . But despite a largely positive reaction online to the proposed transatlantic expansion, others have also used it to crack a joke at the frugal airline's expense. Some said that Ryanair's New York hub could be in Nova Scotia, Canada, or passengers may have to 'sky dive in and hope you don't land in the Hudson river' so the thrifty company can avoid landing costs. Others pondered how much people would be charged for not printing their own tickets, and if the £10 deal would include any food, leg room, entertainment or any luggage. Jason Bournemouth tweeted: 'It's Ryanair so New York means, at best, landing in New Jersey. Probably Iowa'. Mail columnist Andrew Pierce wrote: 'Ryanair to launch £10 flight to US. Plus £200 for luggage, £200 for seat, £1 to use loo'. Sandie Blicken replied: 'They don't actually land anywhere you just do a sky dive and hope you don't land in the Hudson'. The budget airline’s directors have approved plans to start a transatlantic airline as part of an ambitious growth strategy at Europe’s largest low-cost carrier over the next five years. The airline has set out proposals for one-way tickets costing from under £10, although some fares would be much higher. Ryanair says it is studying plans to fly between about a dozen European and US cities on a transatlantic service that could start ‘in four to five years’. Ryanair’s chief executive Michael O’Leary has talked over many years about his dream of setting up a transatlantic airline offering cheap ‘ten buck’ transatlantic fares – with $10 currently equivalent to £6.75. But the announcement that his board has now approved initial plans suggests the company is now more serious about going ahead with the ambitious strategy. O’Leary is particularly keen to win a slice of the lucrative long-haul transatlantic trade which is one of the most profitable routes in the world. The company said yesterday: 'European consumers want lower cost travel to the USA and the same for Americans coming to Europe. We see it as a logical development'. Outspoken: Mr O'Leary, who has gained a reputation as a corporate loudmouth, has been the face of Ryanair for almost 20 years. He has seen it through two decades of extraordinary growth . But it is dominated by long-established European and US airlines including British Airways, American Airlines and, on a smaller level, Virgin Atlantic, which is in partnership with America’s Delta. Pay-per-pee . In 2009, Mr O’Leary announced that passengers could be asked to pay as much as a pound to use the bathroom during a flight. 'We’re thinking of putting a coin slot on the toilet so people may have to spend a pound to spend a penny.' When asked if he would charge more than a pound, he replied: 'If someone wanted to pay £5 to go to the toilet I would carry them myself. I would wipe their bums for a fiver.'Vertical seats . A year later, the controversial tycoon asked customers whether they would think of vertical seats, akin to bar stools with seatbelts. His theory was that by removing 10 rows of seats and replacing them with 15 rows of vertical seats, flights could carry 30 per cent more passengers and slash costs by 20 per cent. Who needs co-pilots? Mr O'Leary once remarked that co-pilots were only there to 'make sure the first fella doesn’t fall asleep and knock over one of the computer controls'. He said aviation authorities should axe the 'unnecessary' position and instead train a member of cabin crew to act as 'back-up' should anything happen to the pilot mid-flight. Ryanair’s plan has echoes of 1970s cut-price pioneer Sir Freddie Laker whose cheap Skytrain flights to the USA transformed transatlantic travel for the masses, until it was effectively killed off by the established airlines, though it inspired Sir Richard Branson to launch Virgin Atlantic. Norwegian Air started its transatlantic service in 2013 two years ago with a one-way ticket from the UK to New York starting at £149. Ryanair has said it would fulfil its long-expressed promise of offering some bargain-basement transatlantic fares at £10, but other one-way tickets would be priced from £99 or more. In November Ryanair's profits soared by 32 per cent and its loud-mouth boss Michael O'Leary admitted: 'Being nice to our customers is a new and winning strategy'. These have included demanding up to £5 to use the toilet and vertical seats to get more people on board. But last year, after two profits warnings, Mr O'Leary's promised that the company would 'stop unnecessarily p****** people off' and treating customers 'like the enemy'. O'Leary agreed to partially end the scramble to get on his planes by offering allocated seating for almost £5, relax the airline's draconian baggage allowance rules and a 'sophisticated' business service. He admitted that  to turn them around he would end the airline's 'over-abrupt', 'go to hell' culture. In 2012 he launched an extraordinary rant against his own customers – branding those who object to paying a penalty for failing to print their own boarding cards as ‘idiots’ who should ‘b***** off’. Her said passengers who arrive for flights without a pass are ‘stupid’ and it is right they are charged £60 a time to have one printed at the check-in desk because it is their ‘f*** up’. Budget: Ryanair’s chief executive Michael O’Leary has talked over many years about his dream of setting up a transatlantic airline . Mr O'Leary, who has gained a reputation as a corporate loudmouth, has been the face of Ryanair for almost 20 years. But in the past 18 month, under pressure over customer service, he has said he wants to change his ways. In Autumn 2013 a charm offensive backfired when the outspoken tycoon was bombarded on Twitter after agreeing to host a question-and-answer session from customers. He posted a picture of himself on the social networking site dressed as a leprechaun before fielding tweets. Many customers told Mr O'Leary what an 'a***hole' they thought he was - with user Andrew Riddell asking him: 'Have you by any chance just hired British Gas's former head of publicity you Plum'. The Ryanair boss replied: 'Hey, don't call me plum. Pudding would be more accurate!', before later admitting: 'I'm an a***hole. But they still love me.'","Budget carrier plans to run services between European cities and the US .
From 2020 these tickets would cost passengers as little as £10 one way .
Twitter users have poked fun at plan because of Ryanair's thrifty reputation .
Some wondered if New York hub would be in Canada or if plane would land .
Others mused that they may have to stand or pay to use the toilet en route ."
"Filmmaker Brett Ratner has turned his attention away from Hollywood blockbusters this month to produce a glossy television commercial for Blade's new airport helicopter transfer service, Bounce. Blade, a short-distance aviation app which launched last year as a fast way to get to the Hamptons, is now offering customers the chance to fly to New York  airports in just minutes for less than $700. The advert, debuting exclusively with DailyMail.com today, features beard model Luke Ditella picking up his comely date for a quick flight at Blade's swanky heliport lounge on Manhattan's East Side. App-based service: Brett Ratner's Bounce advert, debuting exclusively with DailyMail.com, opens with beard model Luke Ditella looking down at his phone to see the words, 'helicopter has arrived', flash up on the screen . Smartening up: Ditella then glances at his watch and straightens his tie (pictured), before picking up his comely date for the short helicopter trip at Blade's swanky heliport lounge on Manhattan's East Side . New focus: Filmmaker Ratner (pictured), who directed the Rush Hour film series and X-Men: The Last Stand, turned his attention away from Hollywood blockbusters this month to produce the glossy commercial . It opens with Ditella looking down at his smartphone to see the words, 'helicopter has arrived', flash up on the screen, alongside the time of his Blade flight from John F. Kennedy International Airport. He then glances at his watch, before meeting his date in the Blade Lounge and telling her: 'Sorry I'm late'. The woman, wearing a dark blue dress, turns to him and replies: 'Your helicopter. Your rules.' The pair then climb into a black helicopter at the East 34th Street heliport, which takes off. The 30-second commercial, which ends with  the aircraft flying into the distance, was shot in a single day. Apology: After walking over to his date, Ditella, dressed in a suit jacket and shirt, tells her: 'Sorry I'm late' 'Your rules': The woman, wearing a dark blue dress, turns to him and replies: 'Your helicopter. Your rules' Ready to travel: Ditella glances out of the window of the Blade Lounge, at their helicopter, on East 34th Street . Producer Ratner, 45, who directed the Rush Hour film series, X-Men: The Last Stand, The Family Man and Red Dragon, and other crew members lent their talents to the advert for free. Blade, dubbed 'an Uber for helicopters', offers flights to 'any New York area airport' via its Bounce app. The six-seat aircraft, costing $695 a trip, arrives as soon as 20 minutes after being ordered. The booking process itself takes no longer than 30 seconds. Blade's new commercial will first air on New York television Monday morning. A quick trip: The pair then climb into a Blade helicopter (pictured), which takes off. The commercial for Blade's new service, called Bounce, was shot in a single day. Ratner, 45, and other staff lent their talents for free . Date night: Blade, dubbed 'an Uber for helicopters', is offering direct flights to 'any New York area airport' for $695 via Bounce. The six-seat aircraft can arrive as soon as 20 minutes after being ordered by a customer . Up and away: Blade's new commercial for Bounce will first air on New York television on Monday morning .","Blade's Bounce advert is debuting exclusively with DailyMail.com today .
Features beard model Luke Ditella picking up his date for helicopter trip .
Pair then climb into aircraft at Blade's heliport on Manhattan's East Side .
Commercial, produced by Brett Ratner for free, was shot in a single day .
App-based Bounce offers short, direct flights to 'New York area airports'
Six-seat aircraft, which costs $695 a trip, arrives 20 minutes after order ."
"(CNN)Look to the skies above London and you'll see the usual suspects -- rainclouds, planes and pigeons. But by the end of the year, you might just see something else. Longer than a soccer pitch and filled to the brim with helium, at 302 feet long, the Airlander 10 will be the world's biggest aircraft. Part blimp, part plane, part helicopter, it was originally created by British design company Hybrid Air Vehicles (HAV) for military surveillance by the U.S. Army. But budget cuts doomed the project and HAV bought the airship back across the pond, where it seemed set to remain on solid ground until the company received a £3.4 million ($5.1 million) grant from the UK government. Thanks to this recent injection of financing, designers and engineers are now readying the craft for first flight tests scheduled for later this year. While the concept has been around for nearly a century, airships fell out of fashion following the Hindenburg disaster in 1937, when the German passenger craft erupted into flames while trying to dock, killing 36. While an airship might seem like a craft from a time long passed, it has been given a 21st century design overhaul and HAV hopes to have airships back in the skies over the UK by 2016. Chris Daniels, HAV head of partnerships and communications, said: ""The sole problems existing old-style airships had (were) having lots of ground crew, limited ability to carry payloads and to be susceptible to weather conditions. We solved all those problems with a new concept -- a hybrid aircraft. So a mix between a wing and an airship."" The Airlander 10 -- named because it can carry 10 tons -- is made of a bespoke fabric of carbon fiber, kevlar and mylar, while the pressure of the helium inside maintains the aircraft's shape. Diesel fuel helps the Airlander take off and land and powers the propellers. The spacious cockpit is currently configured to accommodate a pilot and one observer but Daniels says this can easily be reconfigured to end-user specifications. The airship also has green credentials -- its creators say the current version uses 20% fuel burn of existing aircraft, can be fitted with solar panels, uses near-silent 325 hp V8 engines and can stay airborne for five days while carrying its maximum payload. The vehicle can also operate in extreme weather conditions (+54 to -56 degrees Celsius). While the previous U.S. Army project had military applications in mind, this time HAV plans to split end use 60:40 between civlian and military applications. Daniels says that they've had incredible interest from at home and abroad. The U.S. Coastguard has expressed interest in using the hybrid airships to monitor the nation's coastline. Meanwhile Swedish firm OceanSky, in conjunction with the government, wants to use the Airlander as an air transport system for wind turbines. Daniels explained: ""At the moment, the only way of  doing (transporting the equipment) is basically plowing a 50m-wide highway through pristine Nordic forest, which is not a good thing to do and they don't want to destroy ecological environment."" Showing the versatility in air transport operations the airship could have, Daniels said the charity Oxfam is keen to task the aircraft on aid relief missions following natural disasters, while HAV is in talks with NASA's Jet Propulsion Laboratory in Pasadena, California, to help conduct scientific research. Using airships for military purposes such as reconnaissance and surveillance is not a new idea and today faces stiff competition from drones. Tim Robinson, editor-in-chief of AEROSPACE Magazine, said: ""The Airlander does have one big benefit over UAVs. It can lift a heavier payload than most drones so allows for radars, better cameras, multiple sensors, etc. Payload weight is one of biggest limiters of UAVs -- so that would be extremely attractive to militaries looking to put larger or heavier sensors on board. It is also manned (piloted) which gives it more flexibility in being able to deploy to where it is needed."" Robinson also highlighted commercial possibilities for the Airlander, such as long-range cargo airships and humanitarian missions. ""The ability of the airship not to need runways or airports would be very attractive for disaster relief. While helicopters can also land anywhere, they are limited in payload and range -- plus the Airlander is much more efficient thanks to its hybrid 'lifting body' design."" He added: ""Imagine a large airship being able to land with a medical emergency department on board, right at the scene of the disaster."" But the aviation expert is also cautiously optimistic about the future of the Airlander. He said there had been several ""false dawns"" in bringing about the return of the airship in previous years, including two military surveillance airship projects from the U.S. Pentagon which were ultimately sidelined ""because they weren't confident in the technology."" While Robinson calls it ""the most promising lighter-than-air vehicle project we have seen in a long time,"" only successful first flight tests at the end of the year and further demos and trials will show off the Airlander 10's true capabilities. Until then, keep your eyes fixed to the horizon, where you might just see the future of aviation re-emerge through the clouds. More from Tomorrow Transformed .","The Airlander 10 is a 300-feet long hybrid aircraft .
Originally designed for U.S. military, it is now backed by the UK government ."
"Virgin Australia are investigating  standards on-board their planes following an irate passenger's video in which he documented the lack of cleanliness on his flight from Sydney to Melbourne. The man known only as Stuart Mc called the video: ‘Virgin Australia – A Disgrace' and filmed a dirty seat, chewing gum, dirt and paper littered around flight VA 868 from SYD to MEL. Despite the obvious filth surrounding the man's seat, a spokesperson for Virgin Australia told Daily Mail Australia that the airline is committed to providing flyers with a clean environment and will be looking further into the circumstances surrounding the man's flight. What looks like a bolt is lying down the side of a seat along side some chewing gum . 'Virgin Australia prides itself on delivering a superior customer experience which includes maintaining a high standard of cleanliness on board our aircraft,' the spokesperson said. 'This example is clearly not up to that standard and we are investigating as a matter of priority.' However it was definitely a warts and all video with filthy aisles and seats the first thing you see. The disgruntled man made his opinions clear during the video, which he uploaded to YouTube, claiming he would prefer if the carrier spend more time on their standards than promoting cheap fares. 'And they want us to believe Tiger is the discount carrier.... this is the seat I was allocated this afternoon on VA 868 SYD to MEL. Obviously short cutting cleaning is the way to making a profit for Virgin Australia,' Stuart Mc commented on the YouTube segment. Virgin Australia say they are investigating the incident on-board one of their planes from Sydney to Melbourne . Dust and grime also can bee seen lying down the side of the seat . As the camera pans along you then see what looks like chewing gum, dust, grime and bits of paper down the side of the seat. It's clear that the seats and down the side of them had not been cleaned for quite a while. Even the arm rests were dirty. It was a gross rather than great experience. Not that it was the only airline to be a loser in the cleanliness stakes. After splashing out up to £9,000 on first class flights on British Airways from Gatwick to the Caribbean, on what was supposed to be a 'trip of a lifetime', TV news presenter Owen Thomas was horrified to find dirt and grime caked around his first class seat. Dust, detritus and hairs can be clearly seen in an other shot . The arm rest of the seat has obviously not been washed for a while . Videoing the evidence, the former BBC anchorman posted the evidence on Twitter, dubbing the service 'Filth Class'. Narrating the short 30-second video, the presenter explains: 'So this is BA first class and it is abs filthy. You see the marks on here, most of these you can just actually scrape off. 'You see the stains down here. It's when you open your seat that the real horror begins . There is also dust and dirt down the side of the arm rest . 'This is first class. This is British Airways First Class. It's disgusting.' The former BBC anchorman and reporter flew off to St Lucia with a companion on Saturday in First Class seats that retail on BA's website for nearly £9,000 each in peak-season January. In 2000, the Virgin brand entered the Australian aviation market for the first time. The new brand Virgin Australia was launched in May 2011 to be Australia’s airline of choice.","Virgin Australia are investigating the standards on-board their planes .
A passenger was angry at the dirtiness of his Virgin Australia plane .
He took a video of it and uploaded it on YouTube .
The video was called: ‘Virgin Australia – A Disgrace’
Virgin say it is not up to their high standards of cleanliness .
'Short cutting cleaning is the way to making a profit,' the passenger said .
Chewing gum, dust, grime and bits of paper could be seen everywhere ."
"New York (CNN)Korean Air's ""nut rage"" case has made its way back to New York, with the flight attendant who served the offending macadamia nuts filing a lawsuit against the airline and a former executive. Heather Cho, a Korean Air executive and daughter of the airline's chairman, is serving a one-year prison sentence in South Korea after throwing a fit on a New York flight because her nuts were served in a bag instead of a porcelain bowl. In a civil suit filed this week in state Supreme Court in Queens, New York, Cho -- whose name is listed as Heather Hyun A-Cho in court documents -- is accused of ""verbally and physically"" attacking flight attendant Kim Do-hee in December on a Seoul-bound flight departing from John F. Kennedy International Airport. At the time, Cho, who was seated in first class, demanded that the plane go back to the gate so Kim could be kicked off the flight, according to the lawsuit. The episode, which was widely reported, was a ""prime example of the corrupt and entitled behavior of the members of elite South Korean business families,"" the lawsuit states. The suit describes Cho as the ""princess"" of the ""so-called royal"" family that controls Korean Air, and says the executive screamed obscenities at Kim before hitting, shoving and threatening the flight attendant. On her return to South Korea, the lawsuit states, Kim was ""pressured to lie to government regulators in order to cover up the incident, and to appear in public with Cho as part of an orchestrated effort to try and rehabilitate Cho's public image."" A South Korean judge last month said that Cho's actions threatened the development of the aviation industry and inconvenienced passengers, and ruled that she violated aviation law, changed a flight path and interfered with operations. She was sentenced to a year in jail. The judge blasted Cho for her conduct, saying that she had used the plane as if it were her personal car and that as a passenger, she could not override crew members and give orders during a flight. The case is emblematic of growing resentment over the perceived privileges and nepotism of the families that control the country's top companies. Cho resigned as vice president at the company a few days after the incident and publicly apologized, saying she accepted ""full responsibility."" Last month, she appeared in a South Korean court wearing a green prison uniform. She gazed downward. Her hair hung in her face. ""I don't know how to find forgiveness,"" she said. Park Chang-jin, the chief steward who was booted from the flight instead of Kim, has said the former executive treated crew members like ""feudal slaves."" Park and Kim, the flight attendant who served the nuts, had knelt in front of Cho in apology. Kim testified that Cho berated them about the service and later shoved and cursed her. When the flight arrived in Korea, the flight attendant said another airline manager, Yeo Woon-jin, pressured her not to talk to investigators about Cho's physically abusing her and Park. Yeo was found guilty of interfering with an investigation. Korean Air Chairman Cho Yang-ho apologized to the flight attendants and the public following the public uproar over the incident. In a statement, Kim's lawyer, Andrew Weinstein, called Heather Cho's behavior ""humiliating, degrading, and damaging to Ms. Kim, but ... also emblematic of Ms. Cho's unbridled arrogance and disturbing sense of entitlement."" The incident has damaged Kim's ""career, reputation, and emotional well-being,"" and efforts to settle the case out of court have been unsuccessful, according to the statement -- which didn't specify how much was being sought in damages. Attempts to reach representatives of Korean Air as well as lawyers for Cho were unsuccessful. CNN's David Shortell contributed to this report.","A former Korean Air executive is named in lawsuit after interrupting a flight over how nuts were served .
Heather Cho is accused of ""verbally and physically"" attacking flight attendant Do Hee Kim .
Korean Air is also named in the lawsuit ."
"Professor Simon Wessely warned authorities against a knee-jerk reaction to Tuesday's Germanwings crash and said pilots with a history of depression - like co-pilot Andreas Lubitz (above) - should not immediately be banned from flying commercial jets . Pilots with a history of depression should not be banned from flying commercial jets, a leading British psychiatrist has claimed. Professor Simon Wessely warned authorities against a knee-jerk reaction to Tuesday's Germanwings crash. He made the comments after it was revealed co-pilot Andreas Lubitz suffered from mental health issues and may have been receiving treatment for vision problems before he deliberately crashed the Airbus A320, killing all 150 people on board. Around 100 commercial pilots in the UK have a history of depression with 42 currently on medication, The Observer reported. Prof Wessely, president of the Royal College of Psychiatrists, said the aviation industry should not rush to change the rules. He cited the response by health authorities to the crimes of Dr Harold Shipman, who is thought to have killed between 215 and 260 of his patients, as an example of ineffective policy. He said: 'It is not a good idea to rush. It is like the response to Shipman - an utterly bizarre and unpredictable event is not a good basis of policy. 'The procedures that they then brought in would not have prevented Shipman. 'What does cause trouble is saying that if you ever have a history of depression then you should not be allowed to do whatever. That is wrong, as much as saying that people with a history of broken arms shouldn't be allowed to do something.' Prof Wessely also stressed there was not a link between depression and aggressive suicide. But a father of one of the three Britons killed has called for more to be done to see pilots were 'looked after'. Prof Wessely also stressed there was not a link between depression and aggressive suicide. Lubitz deliberately crashed the plane into the French Alps after locking his captain out of the cockpit . Rescue workers inspect debris from the Germanwings jet at the crash site near Seyne-les-Alpes . Philip Bramley, whose son Paul, 28, was on the flight from Barcelona to Dusseldorf, said: 'I believe the airlines should be more transparent and our finest pilots looked after properly. 'We put our lives and our children's lives in their hands.' Questions continue to be asked about Lubitz's mental and physical health days after he locked the captain out of the  cockpit and brought down the airliner. Authorities have already revealed he hid  a sick note declaring him unfit to work from his employers on the day of the disaster. Evidence found at his home suggested he was suffering from a 'serious psychosomatic illness', police said. Officers reportedly found a variety of drugs used to treat mental illness at his flat in Dusseldorf, appearing to substantiate claims he was severely depressed. According to German newspaper Bild the 27-year-old also previously told an ex-girlfriend: 'One day I will do something that will change the whole system and then all will know my name and remember it.' A rescue worker is carefully lifted into an helicopter near the snowy crash site with a stretcher . Rescuers in uniform gather in front of a memorial set in front of the Alps for the victims of the Germanwings air crash . Two teddy bears dressed in the uniforms of a Germanwings pilot and a flight attendant sit in the centre of a wreath . Marseille prosecutor Brice Robin said: 'The intention was to destroy the plane. Death was instant. The plane hit the mountain at 700kmh (430mph). 'I don't think that the passengers realised what was happening until the last moments because on the recording you only hear the screams in the final seconds'. A search team is still combing the two-hectare crash site. The second black box has yet to be found.","Professor Simon Wessely warned authorities against a knee-jerk reaction .
42 British commercial pilots are currently on medication for depression .
Germanwings co-pilot had a 'serious psychosomatic illness', police said ."
"The House of Representatives . approved full fiscal-year funding for the United States' domestic security . agency on Tuesday, dealing a blow to conservative Republicans . who wanted Congress to hold out for a bill that included language blocking President . Barack Obama's recent executive orders on immigration. The House, 257-167, backed a Senate-passed funding . bill stripped of any immigration provisions, ending a bitter . fight that raised new questions about House Speaker John . Boehner's ability to manage fractious conservatives, who accused him of 'capitulation' after the Tuesday vote . Obama has said he will sign the funding bill for the . Department of Homeland Security, which spearheads domestic . counterterrorism efforts. Spending authority for the department . was scheduled to end at midnight on Friday. House Speaker John Boehner of Ohio walks to the House chamber on Tuesday as it votes on funding for the Homeland Security Department without provisions attached to counter President Barack Obama's executive actions on immigration.  They suffered embarrassing internal divisions that left the country within hours of a partial agency shutdown last week but passed a full fiscal-year funding bill today . The agency came within hours of a partial shutdown last week but the House approved a one-week extension of funding that was later approved by voice vote in the Senate and signed into law by the president. The drama began in December when the legislative branch passed a measure appropriating money to every single government agency through Sept. 30 but DHS, which it only funded through the end of February. Republicans hoped that once they took the majority in January they would have the resources to use the spending bill as a cudgel against Democrats. Yet after weeks of bickering, Boehner ultimately found himself last week  with few - . if any - viable procedural options to keep the agency open while . also satisfying conservatives who wanted the funding bill to . block Obama's executive actions last year lifting the threat of . deportation for millions of undocumented residents. Senate Democrats had repeatedly blocked a House-passed bill . that included the immigration provisions, while Obama and . Democrats backed a 'clean' funding bill passed by the Senate. 'What direction do we have?' House Majority Leader Kevin McCarthy told reporters on Tuesday. Meanwhile, many of the GOP's rank and file seemed ready for the whole debacle to be over. 'It's time to move forward and stop playing these silly games,' Rep. Charlie Dent, a moderate Pennsylvania Republican, said. 'Let's prove to the American people that we're serious about protecting this homeland and that we have the capacity to govern.' 'Sanity is prevailing. I do give John Boehner credit,' New York Rep. Peter King said. Rep. Mike Simpson of Idaho said he's against Obama's immigration directives, but the 'security of the homeland is one of our highest priorities.' Several Republicans said they would be better served by . putting their energy into legal strategies to overturn Obama's . immigration actions, which have been put on hold by the courts. 'This is where we must focus our actions,' said Republican . Rep. Mike Simpson of Idaho. Senate Democratic leader Harry Reid applauded the passage of the House bill while opining that 'many weeks were wasted on political games that left us staring a Homeland Security shutdown square in the face.' 'If this ordeal teaches us one thing, it is that for the sake of our country we must stop governing by crisis,' he said, calling it an 'unnecessary showdown.' 'Common ground should be something we seek, not run away from – especially when the security of our nation is at stake. If we are going to get anything done, we must not be afraid of working together.' Taking a victory lap, Virginia Democrat Tim Kaine said in a statement that he looked forward to working with his fellow senators reforming the immigration process 'now that DHS funding is no longer being held hostage over the President’s immigration executive action.' Department of Homeland Security Chief Jeh Johnson said early Tuesday evening in a statement that Congress 'has done a good thing.' The Obama administration official thanked members 'who showed the leadership necessary to get the job done' and gave DHS personnel a 'vote of confidence in the importance of their work.' 'Now our men and women can return to the vital work of combatting terrorism, ensuring border security, port security, aviation security, cybersecurity, and our other vital homeland security missions, without the uncertainty of a furlough or a delayed paycheck hanging over their heads,' he said. Boehner went from high-flying on Tuesday to chagrined. He's pictured here on Tuesday morning with Israeli Prime Minister Benjamin Netanyahu after a joint meeting of Congress on Capitol Hill. Sen. Orrin Hatch of Utah applauds at right . Some conservatives said the House was making a mistake . by caving to Democrats' demands in the immigration battle. 'Yes, the recent court action gives us some hope that the Judicial Branch will finally rein in this lawless president,' Alabama Rep. Martha Roby said in a statement. 'However, I believe Congress had a responsibility to use its appropriations authority to stop this lawlessness and uphold the checks and balances that exist to protect liberty.' 'This is a very, very sad day,' said Republican . Representative Matt Salmon of Arizona. 'If we're not going to . fight now, when are we going to fight?' Conservative firebrand Steve King of Iowa argued that 'this is the signal of capitulation.' 'The mood of this thing is such that to bring it back from the abyss is very difficult.' House Judiciary Chairman Bob Goodlatte said he voted against the bill because 'the stakes are too high to surrender.' 'This fight is not about immigration; it’s about the Constitution and preserving the rule of law,' he asserted. 'If we don’t stop President Obama’s executive overreach on immigration, future presidents will continue to expand the power of the Executive Branch and encroach upon individual liberty. Goodlatte, a Virginia Republicans, said Congress must use 'all the tools' at its 'disposal to stop the President’s egregious abuse of authority.' His committee will consider a bill later this week that would prohibit the federal government from using funds to enact Obama's mandates. 'We must do all we can within our constitutional authority to stop President Obama’s lawlessness,' he said. Alabama Sen. Jeff Sessions, the greatest detractor of Obama's immigration actions in the upper chamber, vowed on Tuesday to keep battling. 'When it comes to defending our sovereignty there is no ""moving on,"" ' he said just before the House vote. 'Now is not the time for recrimination; now is the time for renewed determination.' 'Those who think this fight is over could not be more mistaken; it is only beginning,' he stated. Senate Minority Leader Harry Reid, center, flanked by Senator Chuck Schumer, left, and Dick Durbin, right, is pictured here on Tuesday at the Capitol. Reid applauded the passage of the House bill on Tuesday while opining that 'many weeks were wasted on political games that left us staring a Homeland Security shutdown square in the face.' Boehner told . Republican House members at a meeting on Tuesday that he wished they had more time to battle Obama but it was . time to allow a vote on the provision-free Senate bill. 'I am as outraged and frustrated as you at the lawless and unconstitutional actions of this president,' Boehner told his caucus, according to aides who spoke to the Associated Press. However, he said, 'I believe this decision — considering where we are — is the right one for this team, and the right one for this country.' 'Imagine if, God forbid, another terrorist attack hits the United States.' Rep. Luke Messer of Indiana, who chairs the Republican Policy Committee, offered a similar version of events to Reuters. 'The speaker made the case that he had hoped to continue to . fight for three more weeks. Obviously we didn't win that vote . last week, so we are where we are.' 'It's disappointing. I had hoped we'd be able to continue to . fight,' he said. Boehner allowed the use of a procedural motion to bring up . the Senate's funding bill, which passed the House with support . from both moderate Republicans and House Democrats. The bill provides nearly $40 billion in funding for the . agency, created after the Sept. 11, 2001 attacks, that secures . U.S. borders, airports, coastal waters and other critical . facilities. Without the funding, the agency would have been forced to . furlough about 30,000 employees, or about 15 percent of the . agency's workforce. About 200,000 others would have stayed . on the job without pay, including airport and border security . agents.","It was a blow to Republicans who wanted Congress to hold out for a bill that included language blocking President Obama's immigration orders .
The House, 257-167, backed a Senate-passed funding bill stripped of any immigration provisions, ending a bitter fight on Capitol Hill .
Money for the department was scheduled to run out at midnight on Friday .
'This is a very, very sad day,' said Republican Rep. Matt Salmon of Arizona. 'If we're not going to fight now, when are we going to fight?'
Rep. Steve King of Iowa argued that 'this is the signal of capitulation'
Senate Democratic leader Harry Reid called the ordeal an 'unnecessary showdown'
DHS chief Jeh Johnson thanked members 'who showed the leadership necessary to get the job done'"
"Amazon has  blasted federal regulators  for being slow to . approve commercial drone testing - and warned the United States is . falling behind other countries in the potentially lucrative area . of unmanned aviation technology. Less than a week after the Federal Aviation Administration . gave Amazon.com the green light to test a delivery drone . outdoors, the company told U.S. lawmakers that the prototype . drone had already become obsolete while the company waited more . than six months for the agency's permission. 'We don't test it anymore. We've moved on to more advanced . designs that we already are testing abroad,' said Paul Misener, . Amazon.com's vice president for global public policy. Scroll down for video . The company must supply monthly data to the regulators, and conduct flights at 400 feet (120 metres) orbelow and in 'visual meteorological conditions,' Amazon is developing aerial vehicles as part of Amazon Prime Air. The aircraft can travel at more than 50mph and carry loads of up to 5 pounds. About 86 percent of Amazon's deliveries are 5 pounds or less, the company said. 'We believe customers will love it, and we are committed to making Prime Air available to customers worldwide as soon as we are permitted to do so,' Amazon has said. 'Nowhere outside of the United States have we been required . to wait more than one or two months to begin testing,' Misener . said in written testimony submitted to the Senate Subcommittee . on Aviation Operations, Safety and Security. Misener said Amazon had applied on Friday for permission to . test a more advanced drone system and now hopes for quicker . approval. The Amazon.com case illustrates the frustrations of many . companies and industry lobbyists, who say the U.S. regulatory . process is not keeping up with rapidly developing drone . technology that could generate new revenues and cost savings for . a range of industries. Misener, who was scheduled to join a witness panel at the . subcommittee hearing, said European and other international . authorities have more 'reasonable' approaches that recognize the . potential economic benefits of commercial drone operations. 'This low level of government attention and slow pace are . inadequate, especially compared to the regulatory efforts in . other countries,' Misener said. 'The (FAA) already has adequate statutory authority. What . the FAA needs is impetus, lest the United States fall further . behind,' he added. Seattle-based Amazon.com, the largest e-commerce company in . the United States, wants to use drones to deliver packages to . its customers over distances of 10 miles (16 km)or more, which . would require drones to travel autonomously while equipped with . technology to avoid collisions with other aircraft. The FAA recently proposed rules that would lift the current . ban on most commercial drone flights, but several restrictions . attached would make package delivery and other business . applications unfeasible. Among other constraints, the proposed rules would limit . commercial drones to an altitude of 500 feet (150 metres), allow . flights only during daytime and require operators to keep the . aircraft in sight at all times. The agency does not expect to finalize the rules until late . 2016 or early 2017, according to government officials. During . this period, the current ban will stay in place; companies can . apply for exemptions to use drones for specific business . applications. The FAA has been slow to grant exemptions, however, granting . only 48 of several hundred requests. The Republican-led subcommittee called the hearing to . examine the agency's efforts to integrate unmanned aircraft . systems, or UAS, safely into U.S. airspace. Industry forecasters . say that drones would generate nearly $14 billion of U.S. economic activity in the first three years of integration and . $82 billion over a decade. Meanwhile, Australia, Canada, France and the United Kingdom . have progressed toward airspace integration and allow for . commercial use, the Government Accountability Office (GAO) said . in a report to the subcommittee. Australia has granted operating certificates to 185 . businesses, while several European countries have granted . licenses to more than 1,000 operators, according to the report. While the GAO said overseas restrictions are similar to . those proposed by the FAA, it noted that France has begun to . allow beyond-line-of-sight operations on a limited basis. (Additional reporting by Allison Lampert in Montreal Editing by . Soyoung Kim and Jonathan Oatis)","FAA gave Amazon  green light to test a delivery drone outdoors last week .
Firm says approved drone is already obsolete .
New models are already being tested abroad by the firm ."
"MH370 man: The sister of Captain Zaharie Ahmad Shah has defended her brother in a statement . The sister of the MH370 pilot has urged everyone to stop blaming her brother for the aircraft’s disappearance ahead of the anniversary of the tragedy this week. Sakinah Shah has released a statement in defence of her brother, Captain Zaharie Ahmad Shah, who headed the crew on the missing jet, where she claims there is no proof of 'wrongdoing'. Her statement comes as Malaysia’s Transport Minister has admitted that if the missing Malaysia Airlines plane is not found by May search efforts will go ‘back to the drawing board’. Ms Sakinab's statement on behalf of the family was released through The Star in Malaysia, just days ahead of the one-year anniversary of the disappearance of MH370 on Sunday. ‘As things stand today, with no tangible evidence to show no-one, be you politician, scientist, aviation expert, plane crash investigator, pilot, retired pilot, media or whoever else, none of you have the right to blame Captain Zaharie Ahmad Shah for any wrongdoing.’ Ms Sakinab recalled how on March 8 2014 her life and the lives of all the families and friends of passengers an crew of the aircraft changed for ever. She recalled how at the time of the ‘tragic occurrence of MH370’ her brother, a father-of-three, was 53 years old and married to his childhood sweetheart Faizah Khanum. Ms Sakinab described her brother as a 'doting father, generous, kind and cool with a warm sense of humour. He had a passion for life, for family and above all for flying. ‘I wasn't kidding when I said that if he could he would have attached wings to himself. He had as much as a man could possibly want in his life; a professional career, family, friends, health and a more than comfortable life. ‘He was very open-minded, coming from a family with a pretty wide range of nationalities through intermarriages. He got on extremely well with family members. The younger ones simply adored him... their Uncle Ari. ‘He was very savvy at DIY. He could fix anything; garden fixtures, floor tiles, old doors, etc. My home and the homes of my sisters and brothers are not short of the things that remind us of him every day; framed pictures, leaking windows now repaired, a fish pond levelled up and nicely tiled, a new TV installed... I could go on and on. 'Back to the drawing board': Malaysia’s Transport Minister Seri Liow Tiong Lai has said that the  search area would be extended if the missing MH370 jet is not found by May . Missing: This Sunday marks the one-year anniversary of the disappearance of flight MH370 . Still lost: The Boeing 777-200 Malaysia Airlines plane was carrying 227 passengers and a crew of 12 when it suddenly disappeared off the radar on March 8, 2014 . ‘The rollercoaster ride since March 2014 has never really stopped, except perhaps momentarily. I want the world to know here is a loving man who will stop at nothing to render help when it is needed. ‘His presence during every family function never failed to light up the occasions. He was always sought after by sisters, brothers, nieces and nephews alike… a man of integrity. He was a generous brother and uncle who often came bearing gifts from his overseas trips. 'Ari was a simple village boy of humble beginnings but had high ambitions of becoming a commercial pilot. 'With the current chatter about MH370 involving big name media organisations like National Geographic, I feel compelled to divulge some information about Captain Zaharie's scholastic ‘prowess’ and academic achievements. ‘I am doing this with some regret knowing that he would not be too happy at this disclosure. Throughout his secondary schooling he was by no means a student genius. In fact he was just an average student. Such being the situation, he certainly didn't have the right foundation to be able to figure out a scheme to hijack his own plane and then to disappear into thin air without leaving a trace. ‘Without a doubt he had a strong sense for loyalty towards Malaysia Airlines (MAS). His aviation training in the Philippines was sponsored by MAS. It was there he served as a pilot and later as a training captain. He had an unblemished flying record of eighteen thousand plus hours, I am proud to say. It is sheer dedication to this profession that prompted him to set up his own home flight simulator just to equip himself in order to give a better teaching experience to his students, all at his own expense. ‘As a training captain he often expressed joy and satisfaction with the camaraderie he shared with all his students. Following March 8th 2014, we received feedback from many of these students, both locally and internationally, all in praise of his accommodating ways and generosity at sharing his knowledge. ‘I know for certain Zaharie opted to remain loyal to MAS despite a few challenging offers from other airlines that came his way. It was his love for family that made him want to remain with MAS until his retirement. ‘When the devastating news of MH370 was broadcast, like everybody else, we were also in a state of shock and disbelief. ‘The last time we met with Zaharie was some two weeks prior to March 8th when we were together for dinner. He was no different from his normal, usual self. He was loud, jovial, and full of chuckles with his share of jokes. ‘We continue to pray and hope that this bizarre mystery will unravel soon. We stand firm in the belief that no matter how long the night, dawn will still break.' Ms Sakinab's statement was released as Malaysia’s Transport Minister Seri Liow Tiong Lai suggested that the search area would be extended if MH370 is not found by May. This means that once again, the search will be carried out from the southern Indian Ocean to the Himalayan Mountains, as far west as the Maldives and as far east - and beyond - as the South China Sea. Mr Liow’s admission is unlikely to provide any comfort to the relatives of the 239 passengers and crew who were on the Boeing 777 when it vanished on March 8 last year about an hour into a six-hour flight from Kuala Lumpur to Beijing. Search efforts: Australia’s Prime Minister Tony Abbott said this week that the search for MH370 off the coast of Australia might have to be scaled back after the year-long-search . He told the New Straits Times that any decision to re-strategise the search - or look again at the methods employed - would only be done if the current scouring of the ocean floor in the southern Indian Ocean did not find the aircraft’s wreckage. ‘It is important to continue the search and hopefully we can complete it by then,’ he said in a reference to May. ‘If the plane is not found we will have to evaluate the figures and rely on the experts to guide us on what to do next. ‘We are confident that the plane is situated in the identified search area in the south Indian Ocean and we are looking forward to finding it,’ said Mr Liow, speaking in Kuala Lumpur. He was responding to a comment by Australia’s Prime Minister, Tony Abbott, who said this week that the search and recovery effort might have to be scaled back after the year-long-search. ‘There is no discussion on the issue to stop the search,’ said Mr Liow. ‘This is because as far as we are concerned, it is a tripartite decision (between Australia, Malaysia and China) that has made a commitment to complete the search in the 60,000 square kilometers. Therefore it has to continue.’ Australian search director, Paul Kennedy, told the Australian Broadcasting Corporation today that ‘we’re scanning continuously, 24 hours a day, seven days a week. 'They’re out there for six weeks at a time. And as we search the ground, we analyse the data and we’re just looking everywhere for the plane. Eventually, we’ll find it.’ Mr Kennedy admitted that the search team had a ‘massive responsibility’ to give closure to the families and everybody else who flies on an aircraft. Theories of where the Malaysia Airlines aircraft ended up have covered numerous seas and countries, the reasons for the plane’s disappearance ranging from the credible to the crazy. Despite the massive search currently taking place in the southern Indian Ocean and requests for coastal villagers to keep their eyes open for debris that might have washed up on beaches, not a single piece of evidence from the aircraft has been found.","Sister of Captain Zaharie Ahmad Shah release emotional statement .
Sakinah Shah claims there is no proof of 'wrongdoing' on MH370 .
Statement released ahead of one-year anniversary of disappearance .
Malaysia says search will be extended if MH370 is not found by May ."
"(CNN)The tragic news that Germanwings Flight 9525 was deliberately crashed into the French Alps by a pilot deemed ""100% fit to fly"" challenges the common understanding of the phrase. Marseille prosecutor Brice Robin said co-pilot Andreas Lubitz apparently ""wanted to destroy the aircraft,"" taking advantage of the pilot leaving the cockpit and most likely refusing to open the cabin door after activating the plane's descent. The CEO of Lufthansa -- of which Germanwings is a subsidiary -- said Lubitz had been ""fit to fly."" But for most of us, the prosecutor's preliminary finding that the 28-year-old German purposefully caused the deaths of 150 people on March 24 puts him squarely outside that term. In fact ""fit to fly"" does not mean the pilot's psychological state has necessarily been assessed. Simon Mitchell is a pilot and visiting fellow at Cranfield University's Safety and Accident Investigation Centre in southern England. Over the last few years the aviation industry has been considering the amount of time spent examining pilots' skills compared to the time spent examining how they thought, Mitchell said. Many organizations had begun assessing the safety of particular airlines when considering which carriers their members should fly on, he said. ""It's not uncommon for those corporations to have in their assessment matrix a look at pilot selection procedures,"" Mitchell said. ""Increasingly we're looking at their all-round personalities and ability to work in teams and what they're like as people. ""Apart from 'do we want to ensure we haven't recruited somebody who might have some sort of mental disorder,' there's also a very good reason in a day-to-day way. You want to recruit somebody who works well in a team,"" he said. ""The airline industry is quite unique in the amount of trust and liability it places in the hands of a very small number of employees,"" Mitchell said. ""If you look at the value of the aircraft and the immeasurable value of the lives being flown in that aircraft, you come up to a huge number -- in the hundreds of millions, if not billions -- of dollars of risk associated with that asset. In effect, a medium to large sized company is being placed in the hands of a few employees. ""It is important that these airlines take a great deal of care -- not just about whether that pilot can fly -- but how fit that person is to carry that sort of responsibility."" On Thursday, Lufthansa CEO Carsten Spohr said the company's pilots did not undergo regular or routine psychological testing once they were flying. But he said Lufthansa did consider an applicant's psychological state, along with other factors, when hiring pilots. ""We don't only look at competence, but we also give a lot of room to psychological capabilities,"" Spohr said. The pilot and co-pilot on Germanwings Flight 9525 had passed the test the airline used to evaluate applicants, he said. But Mitchell said aviation regulations only required a physical  and not a psychiatric medical examination, looking at a potential pilot's fitness to fly in terms of factors such as heart attack risk. Those being examined were legally required to declare any mental disorder, but there was no standard psych testing from a regulatory point of view, he said, with airlines and industry bodies failing to reach consensus on types of tests to be used. ""The doctor is supposed to note any evident issues that he notices -- but what is he going to notice in half an hour's medical? The rest of it relies on your medical history and you being honest,"" Mitchell said. The Federal Aviation Administration told CNN that U.S. scheduled airline pilots must renew medical certificates every year if they're less than 40 years old and every six months if older. ""Pilots must complete an official FAA medical application form, and have a physical examination conducted by an FAA-designated Aviation Medical Examiner,"" it said. ""The FAA medical application form includes questions pertaining to the mental health of the pilot. The AME can defer a pilot to the FAA Office of Aerospace Medicine if he or she believes that additional psychological testing is indicated. All existing physical and psychological conditions and medications must be disclosed."" On its website, the FAA guidance for AMEs states: ""The FAA does not expect the Examiner to perform a formal psychiatric examination. However, the Examiner should form a general impression of the emotional stability and mental state of the applicant."" In terms of a pilot's fitness to fly on a particular day, Mitchell said attempts by many companies and airlines to introduce random drug and alcohol testing had hit problems with unions. ""When crew report for duty, they obviously are seen by other company personnel and they're also supposed to stop someone who's not fit for duty,"" he said, adding that was not a particularly robust system. ""It does rely on a professional crew member turning around and stopping the flight."" In the short term, the industry needed to be sensitive to the fact that the crash was ""an incredibly tragic event,"" Mitchell said. ""We need to be conscious in short-term not to exacerbate stress of the families in the first days,"" he said. ""It is important as an industry to recognize the amount of trust that's been put in our hands and ensure the system is robust enough to live up to that."" But managing an industry with global implications was complex, Mitchell said, pointing out that Lubitz was able to lock out the other pilot because of strengthened security measures introduced after the September 11 hijackings. ""It's horribly, tragically, ironic that an unintended consequence of trying to mitigate one risk has actually facilitated an equally horrendous act -- that wouldn't have been possible if we hadn't done something to try to mitigate the other risk."" Was 9/11 safety precaution a flaw? John Newsome and Laura Smith-Spark contributed to this report.","On Thursday the Marseille prosecutor said Flight 9525's co-pilot deliberately crashed .
Lufthansa's CEO said co-pilot Andreas Lubitz had been ""100% fit to fly""
Aviation expert Simon Mitchell says regulations do not require formal psych testing ."
"China's largest mail company is set to deliver more than 1,000 packages a day... by drone. S.F. Express has revealed it already has a fleet of aircraft flying 500 parcels a day to remote areas, and it is now looking to double the capacity. The all-weather drones deliver parcels between couriers before automatically return to base, according to People's Daily Online. Scroll down for video . All-weather aircaft: The drones deliver parcels between couriers before automatically returning to base . Efficient: The drones can fly for up to 16 minutes carrying a parcel weighing 1kg and will cut delivery times . Simple: Goods are loaded onto the drone by a courier, the delivery address is scanned and the aircraft then flies to the destination . The mail company, together with the firm XAircraft, began experimenting with drone deliveries in Dongguan, southern China in 2013. Peng Bing, the founder of XAircraft, said: 'At present there are 500 drones carrying out courier work in Shenzhen and Huizhou. 'The entire drone operation will reach several thousand units very soon.' Goods are loaded onto the drone by a courier, the delivery address is scanned and the aircraft then flies to the destination. The courier at the location prepares a good landing area and when the drone arrives, the parcel is scanned once again and the aircraft returns to its base automatically. S.F. Express is currently delivering parcels with drones in southern and eastern China, including areas like Huizhou, Zhongshan, Hangzhou and Jiaxing where demands for same-day couriers are high. The Shenzhen-based company is hoping to expand the service to remote villages, farms and mountain ranges. S.F. Express has been experimenting for the past two years and the third generation drones will operate in seven areas of China in 2015 . The use of the drones will result in quicker delivery times and will expand the reach of logistical companies . Flying high: S.F. Express has revealed it already has a fleet of aircraft flying 500 parcels a day to remote areas . There is very little human interaction with the drones and the work is carried out in cooperation with the Civil Aviation Regulatory Authority. The use of the drones will result in quicker delivery times and will expand the reach of logistical companies. S.F. Express has been experimenting for the past two years and the third generation drones will operate in seven areas of China in 2015. The aircraft can fly for up to 16 minutes carrying a parcel weighing 1kg.","S.F. Express has a fleet of aircraft flying 500 parcels a day to remote areas .
Firm looking to double number of drones delivering items between couriers .
Goods loaded on drone, address is scanned and aircraft flies to destination .
Courier scans parcel on arrival and aircraft returns to base automatically ."
"A man faces court for allegedly flying  a drone over the Houses of Parliament, Buckingham Palace and several Premier League football grounds. Nigel Wilson, 42, of Nottingham, has been summoned in relation to 17 breaches of the Air Navigation Order, Scotland Yard said today. Among venues over which he is said to have flown a 'small unmanned surveillance aircraft' are Liverpool's Anfield, the Emirates Stadium, Arsenal's home ground and Manchester City's Etihad Stadium. Footage: Nigel Wilson, 42, of Nottingham, has been summoned in relation to 17 breaches of the Air Navigation Order, including over the Emirates Stadium (pictured) Flight: Wilson is also accused of flying near the Palace of Westminster (pictured) and having failed to maintain direct, unaided and visual contact with a drone . He is also alleged to have failed to maintain direct, unaided and visual contact with a drone at Buckingham Palace and the Palace of Westminster. A spokesman for the Civil Aviation Authority said: 'We can confirm that we have assisted the police in preparing this prosecution. 'There are clear rules and regulations in place regarding the flying of drones in the UK and it is the responsibility of users to spend time fully understanding what those rules are.' He will appear at Westminster Magistrates Court on Thursday, April 16. The Civil Aviation Authority has previously issued a warning over the use of drones after footage was posted online. Summons: Wilson will appear in court next month for flying across central London, pictured . Football fan: The suspect is accused of flying a drone over Premier League grounds like Anfield, pictured, as well as the Etihad, the King Power Stadium and the Britannia Stadium . A CAA spokesman said: 'The rule is that you're not allowed to fly over large gatherings of people of 1,000 or more at any height. 'You're not allowed to go within 50 metres of a building or structure. It's not something that people can just do without permission for safety reasons. 'These [drones] can weigh up to seven or eight kilograms. They could create a bit of damage if they fall from 1,000 feet.' The CAA has already prosecuted two people over illegal drone flying. Sorry we are not currently accepting comments on this article.","Nigel Wilson, 42, accused of 17 breaches of the Air Navigation Order .
Nottingham resident allegedly went on three-month filming spree .
Scotland Yard say he flew over Arsenal, Liverpool and Man City grounds .
Detectives believe he took drone over Parliament and Buckingham Palace .
Wilson will appear before Westminster Magistrates' Court on April 16 ."
"(CNN)A Delta airplane had a close call Thursday, skidding off a snowy runway and stopping within feet of icy waters. Any accident raises questions, and the National Transportation Safety Board is sending people to New York's LaGuardia Airport to investigate. Although the cause of the crash is not yet clear, officials will no doubt be looking at the conditions on the runway. Was it cleared and ready? Did the pilot have all relevant information? CNN aviation analyst Mary Schiavo breaks down the responsibilities around runways. ""There are a couple of things that airports have to do,"" she said. ""The airport has to go out and measure whether the airport runways have friction, meaning when those tires touch down that they will have some contact with the runway."" That information is then relayed to the air traffic control tower, according to Schiavo. ""As to whether the runways are slippery, that is breaking action, and the airport gets that from the reports of previous pilots,"" she said. Port Authority of New York and New Jersey Executive Director Patrick Foye told reporters that the runway in question had been plowed shortly before the incident. Pilots on previous planes reported ""good braking action,"" he said. Just minutes after the Delta plane landed, all of LaGuardia Arport shut down to air traffic. One runway reopened at 2 p.m. ET. The other remained closed. Miles O'Brien, another CNN aviation analyst, highlights how difficult it is to understand all the elements in play. ""The wind was changing. The temperatures were changing. It was moving from rain to freezing rain, ultimately into snow. So you had a very dynamic weather picture, and let's not forget, it's kind of a subjective thing,"" he said. ""One pilot might say, 'oh that was no problem,' but he might have learned how to fly in northern Canada.""","Port Authority chief: Runway was just plowed, other pilots reported ""good braking action""
The NTSB is sending people to New York's LaGuardia Airport to investigate ."
"The Nigerian presidential elections has been won by the opposition party for the first time in the country's history. General Muhammadu Buhari beat incumbent president Goodluck Jonathan by 2.1million votes in a historic win which has seen thousands take to the streets in celebration. Jonathan  conceded this afternoon and called 72-year-old General Buhari to congratulate him, Aviation Minister Osita Chidoka said. Scroll down for video . Bad luck, Jonathan: General Muhammadu Buhari, 72, (right) beat incumbent president Goodluck Jonathan(left) by 2.1million in a historical opposition win . Jonathan's concession came before the final announcement of election results by the Independent National Electoral Commission and as Buhari prepared to address the nation. After the votes from the country's 36 states and small Federal Capital Territory were in this evening, Buhari was found to have won with 15.4 million votes against Jonathan's 13.3 million. The win marks the first time in Nigeria's history that an opposition party has democratically taken control of the country from the ruling party. General Buhari, who has previously made three failed attempts to win the presidency, ruled Nigeria from  1984 until mid-1985, after a seizing power in a military coup. His brief dictatorship saw him rule the nation with an iron fist, jailing people for trivial missteps such as public littering, and punishing civil servants who arrived late to work with gruelling physical exercises. Buhari was eventually was overthrown by his own soldiers after attempting to cover up Nigeria's deepening economic crisis, by silencing the press and jailing journalists. Supporters: Residents celebrate the anticipated victory of Buhari  in Kaduna, northern Nigeria . Big win: General Buhari has enjoyed most support in the mainly Muslim north, but also won several key-states in the Christian southern states . Incumbent president Goodluck Jonathan, seen voting in his home town at Ward 13 in Otuoke, Bayelsa state, on Saturday, has reportedly called General Buhari to congratulate him on his win . Buhari's fourth, and successful, bid for presidency was made possible by the  formation of a coalition of Nigeria's major opposition parties two years ago, the All Progressives Congress (APC). A united opposition and its choice of Buhari as a single candidate presented the first real opportunity in the history of Nigeria to oust a sitting president. Buhari has also been able to count on considerable voter dissatisfaction with the performance of Goodluck Jonathan, who has been president since 2010, and his failure to take proper action against Boko Haram. In Kano state, where Boko Haram's guerilla war on the civilian population has been most prominent, Buhari delivered a crushing defeat to Jonathan, winning 1.9 million votes for Jonathan's 215,800. This came despite Boko Haram leader Abubakar Shekau vowing to disrupt the election, which the group sees as 'un-Islamic', prompting unprecedented security measures at polling stations. Buhari has promised to stamp out the insurgency in the north, which has seen the Islamist group murder tens of thousands of civilians, kidnap hundreds of young girls and force more than 1.5 million people from their homes. When Buhari's win was announced, spontaneous celebrations sprang up in Kano, the nation's second city, and Kaduna in Kano state. Many brandished the wicker broom, symbol of Buhari's APC coalition, which claims it will sweep Africa's most populous country clean years of government mismanagement and corruption. Crowds were heard chanting 'change, change' as hundreds of people climbed onto rooftops to watch the celebrations. Drivers performed stunts, filling the air with thick smoke, as veiled women and the crowds shouted 'Sai Buhari' (Only Buhari) in celebration. Nigerian men watch as the election commission announces electoral results for certain states, on a television at an outdoor butchery in Kano, northern Nigeria . Nigerian men look at the morning newspapers and discuss the partial election results released, at a newspaper stand in Kano, northern Nigeria . While the topic of the government's response to militant group Boko Haram has been a significant electoral topic, provision of basic services such as electricity and water remains an important election issue . Residents watch the vote count on a television set in Kaduna,  Nigeria Tuesday . 'We must see this as a triumphant show of democracy, a change for the better,' Buhari's wife Aisha Buhari said in one of a series of jubilant Twitter messages. Earlier today a U.S. official said said The United States is ready to work with anyone democratically elected as Nigeria's president. 'I would reiterate that the U.S. is ready to work with . whichever candidate the Nigerian people elect through the . democratic process,' the U.S. State Department official said. 'Buhari has peacefully contested the last few presidential . elections and accepted the results of those votes, even when he . questioned the credibility of the process,' the U.S. official . said. The official said Buhari's leadership of the opposition . suggests a commitment to democracy as part of a new era in . Nigeria that began after military rule ended in 1999. Buhari's APC declared Buhari's victory over Jonathan's People's Democratic Party (PDP) this afternoon, but the incumbent president has yet to make any official comments on the election result. Earlier today, an APC spokesperson said Buhari fears his victory could be stolen by 'tricks' from the government. 'As for the election, we have won it!' Garba Shehu said outside the APC headquarters. Accusing Goodluck Jonathan's government of possibly meddling with the election results, he added: 'We are not out of the woods yet, we don't know what tricks the government is going to play.' Because of decades of military dictatorship, this is only the eighth election since the country won independence from Britain in 1960, and the fifth since democracy was restored in 1999.","Muhammadu Buhari has won the Nigerian presidential elections .
Beat incumbent president Goodluck Jonathan by 2.1million votes .
First time the opposition has won a democratic presidential vote .
This is 72-year-old General Buhari's fourth run at the presidency .
Buhari previously ruled Nigeria in 1984-1985, after a military coup .
His strict ruling eventually saw him ousted by his own soldiers ."
"(CNN)In some ways, America's president pilots our ship of state as a captain pilots a jumbo jet, and this analogy suggests one possible way to avoid a repeat of the Germanwings massacre: Give the plane's flight crew certain powers akin to those given to America's Cabinet in the rare and terrifying situation when the president and vice president are at swords' point. Some background. Both presidents and plane captains must be shielded from lunatics and terrorists. This is why airlines across the world hardened cockpit doors after 9/11 and why Americans of all stripes are outraged by stories that the Secret Service on several occasions has failed to maintain proper security at the White House. Both presidents and plane captains are human, and subject to all the frailties of humans, from temporary disabilities created by bathroom breaks (for pilots) and scheduled surgeries (for presidents) to sudden death. Transitions in both the Oval Office and the cockpit should be made as smooth as possible. Hence the need for a vice president at the ready, able to take over at a moment's notice. The obvious aviation analogy here is the second pilot in the cockpit. In case of sudden death, the vice president or co-pilot simply takes over immediately. In case of a temporary disability -- say, a scheduled surgery under general anesthesia -- the president can hand over control to the vice president and then take back control when the disability ends. It is exactly what happened when President George W. Bush underwent planned colonoscopies in 2002 and 2007. On both occasions, Bush handed the tiller to his trusted co-pilot, Dick Cheney, and then resumed control when ready, under rules clearly laid out by the Constitution's 25th Amendment -- an amendment drafted and ratified after the shocking assassination of President John F. Kennedy. But what happens if a president is unable to predict his own future disability, or unable to recognize a genuine disability when it arises? The 25th Amendment allows the vice president to take over control in this situation, but to do so, the vice president needs the support of a majority of Cabinet officers -- officials previously appointed by the president himself and thus unlikely to support any inappropriate vice presidential power grab. On a jumbo jet, a co-pilot may likewise take over in certain situations. But current airplane architecture fails to use the crew in the optimal way. When one officer has barricaded himself in the cockpit and the other officer is banging on the door demanding entry, current airplane design enables the man in the cockpit unilaterally to block the demand for entrance with the flick of a switch. Think of this as an absolute veto. (Some airlines get around the problem with a rule that a flight attendant must replace a pilot so that there will always be at least two people in the cockpit.) But suppose instead that airlines were to borrow sensibly a page from America's Constitution. The man in the cockpit could temporarily block entrance, but this veto could be overridden if -- and only if -- the door-banging officer is backed by a majority of the flight attendants. The need for some sort of secure cockpit lock is obvious. Perhaps the officer banging on the door has gone mad, or is being held hostage at knifepoint, or is a terrorist mole. But the need for an override is also obvious. Perhaps the man in the cockpit is the bad guy. And just as America's Cabinet officers are well-positioned to decide any dispute between a president and vice president wrestling over the key to the Oval Office, so too with an airplane's crew:  The cockpit lock button could be electronically overridden whenever a majority of flight attendants punched in their own individual passcodes in sequence on a keypad somewhere outside the cockpit door. This proposed technological fix will not prevent all future tragedies. No human system is foolproof. But giving the crew a collective key brings more human minds into the equation -- as does the 25th Amendment's rule empowering the Cabinet to resolve certain terrifying disputes at the highest level of executive power. On planes, as in a constitutional democracy, there is often safety in numbers.","Akhil Amar: When a leader is irrational or incapacitated, we need an override mechanism .
Amar: Airlines could learn from system used in U.S. Constitution to replace disabled president ."
"(CNN)It is now generally accepted that Germanwings first officer Andreas Lubitz did indeed lock his captain out of the cockpit, put their airplane into a steep descent, and then sit back and wait calmly for the end to arrive. He did it with premeditation, having discarded a doctor's note that would have excused him from work that day. He  joins the short and infamous list of airline pilots, a handful over the past two decades, who have used their airplanes to combine suicide with mass murder. Why is this thought at once so fascinating and so horrifying? It is because of the incompatibility between what we want to believe about flying and what we now see. Air travel presents itself as a highly controlled, stringently professional activity, stripped of every unpredictable element. Flight crews wear military-style uniforms not because they could not fly equally well in street clothes, but because uniforms convey to passengers a subliminal suggestion that they are of a different breed, as far from ordinary folk as a world-class athlete is from a duffer. Not only are pilots smarter and better-trained than ordinary people, those stripes and caps say, but they also must be less forgetful than we, less distractible, better rested, not prone to irritability or sadness or smoldering resentments. Like soldiers, they must be just a little bit robotic, efficient, brave and purified of the trash that infests the souls of common humans. Because they have earned their stripes, we feel safe -- even when it seems impossible for us to understand, or apparently for anyone to explain, what keeps those huge metal contraptions up in the air. The truth, as the voluminous history of airplane accidents reveals, is that pilots are not different from other people. They can be careless, lazy, inattentive and reckless. They can drink too much. When pilots talk among themselves,  the mistakes, the close calls, the disasters averted by sheer luck are favorite topics. But if pilots slip up in little ways from time to time, the sweeping drama of aviation, in which they are the actors and we the audience, eclipses their faults. Besides, most flying is routine -- hours of boredom, the cliché goes, punctuated by moments of sheer terror. The glitches have long since been ironed out, and the airplanes are so wonderfully engineered that they usually protect even the worst pilot from himself. Nor are pilots of a higher moral type than the rest of us. Despite the pieties they occasionally utter, pilots do not consciously shoulder the burden of hundreds of lives or feel more responsible for a full airplane than for an empty one. Pilots, by and large, are proud. They identify with the airplane; it is an extension and enlargement of the self, and the pilot feels the same motive to deliver it safely to its destination as you feel when driving a car on a crowded freeway. A pilot values a smooth landing because it demonstrates skill, not because the people in back are still alive. The greatest guarantee you have that your pilot is devoted to your safety is the fact that he or she is in the airplane with you. So we should not be overly astonished if from time to time a pilot does something completely incompatible with our confidence. Pilots are drawn from the diverse pool of human types. The human mind is the blackest of boxes; no one, neither colleague nor psychologist, can reliably peer inside it. Desperate, cataclysmic acts occur almost daily all over the world; why should they not occur, once in a long while, in cockpits? Perhaps, with time, we will understand better who Andreas Lubitz was and what he did. Today, we still know very little.","Experts suspect first officer Andreas Lubitz locked pilot out of the cockpit of plane .
Peter Garrison: Pilots don't exist on different moral plane than the rest of us, and the human mind is the blackest of boxes ."
"Dramatic footage has emerged showing the killer Germanwings pilot learning to fly as a teenager years before the fatal crash in the French Alps. Andreas Lubitz, 27, who deliberately crashed his passenger jet into a mountain killing all 150 on board, is seen laughing and joking as he takes off and flies a glider in Germany. On the in-flight video, made around a decade ago, he can be heard saying 'right, here we go then' as he is towed aloft. As he scans the horizon, he says: 'Why is it so quiet today? It is unbelievable.' He then jokes with his companion: 'We're going until we have no more fuel, okay?' Scroll down for video . Clip: Andreas Lubitz is seen in the footage laughing and smiling as he takes off and flies a glider in Germany . Up in the air: Dramatic footage emerged of the Germanwings killer co-pilot training around a decade ago . The 30-second video - obtained by ITV News and taken in Lubitz's home town of Montabaur near Frankfurt - was discovered as Germany continued to search for answers over the tragedy. Lubitz went on to begin his training as a commercial airline pilot in 2007. But he was forced to take a six-month medical break for depression and 'burnout' before finally qualifying as a first officer at Lufthansa two years ago. German investigators also found torn-up sicknotes and a 'small mountain of pills' in Lubitz's Dusseldorf flat which showed he had hidden the extent of his illness from his employers. At least one of the medical certificates covered the day of the crash last Tuesday. The 27-year-old was also said to be 'living on the edge' because he feared that his deteriorating blurred vision would cost him his pilot's licence. Calls are now intensifying for doctor-patient confidences to be suspended for people responsible for the lives of others. Yesterday a British air safety expert said Lubitz was able to hide his medical problems because of a 'gaping hole' in the system for monitoring pilot health. Under confidentiality laws rules, which also operate in the UK, patients do not have to tell GPs where they work and doctors are not able to tell employers about any health issues because of patient confidentiality. Taking to the skies: Lubitz is heard saying 'right, here we go then' as he is towed aloft in his home town of Montabaur near Frankfurt . Lubitz - pictured competing at the Airportrun in Hamburg in September 2009 - was treated by several neurologists and psychiatrists and various medications were found at his home, it has been reported . Devastation: Debris from the Germanwings Airbus A320 is seen at the site of the crash, near Seyne-les-Alpes in France . The onus of reporting any health issues rests solely on employees. Tony Newton, a British pilot and Civil Aviation Authority examiner, said: 'It's a gaping hole. It would happen in the UK as well.' German prosecutors are expected to release fresh details today of their investigation  based on a weekend spent sifting through paperwork and computers seized from his home in Dusseldorf. A special police commission of 100 officers codenamed 'Alpine Squad' is now working to try to establish the exact motive why Lubitz, 27, committed suicide and mass murder. Prosecutors have confirmed he suffered massive depression, hid his treatment from his bosses and was having trouble in his relationship with live-in lover Kathrin Goldbach, 26, a schoolteacher who some reports in Germany claim is carrying his child. Police spokesman Andreas Czogalla said; 'This is certainly one of our biggest investigations for decades. All police colleagues are extremely motivated.' It came as chilling transcript from the aircraft's black box voice recorder revealed Lubitz responding 'hopefully' and 'we'll see' when he ran through in-flight landing checks with the captain of his doomed aircraft. His responses came just a few moments before he encouraged Patrick Sondenheimer to go the toilet and took control of the flight. Taking photos: Forensic experts from the French gendarmerie disaster victim identification unit working under a tent near the site of the crash . Respectful: A man stands in front of a headstone in Seyne-les-Alpes, the closest accessible site to where the Germanwings plane crashed . Later Mr Sondenheimer is heard shouting 'open the god damn door!' as he desperately tried to break back into the cockpit. Passengers screamed as Mr Sondenheimer attempted to smash his way in with a crowbar after Lubitz locked him out and put the plane into a descent. But the only sound from the cockpit was Lubitz breathing as the aircraft plummeted at 3,500 feet per minute before smashing into the French Alps. After Mr Sondenheimer left him at the controls, he switched the autopilot from the cruising altitude of 38,000ft to 96ft – a move that was certain to crash the plane over the Alps. The exchange was revealed yesterday as pictures of Lubitz as a child and a teenager emerged, and it was claimed his girlfriend may be pregnant. 10.01am: Plane takes off from Barcelona 26 minutes late. 10.27: Reaches cruising altitude of 38,000ft. Lubitz tells captain Sondenheimer he can go to the toilet. 10 27-10.29: Sondenheimer tells Lubitz: 'You can take over.' Sound of a seat being pushed back and a click of the closing door. 10.29: The plane, flight 4U9525, begins its descent. 10.30-10.34: Loud bang, which sounds like someone trying to enter the cockpit. 10.35: 'Loud, metallic banging against the cockpit door' apparently as Sondenheimer attempts to break in with a crow bar. 10.37: Automatic warning sounds on flight deck, saying 'pull up, pull up' Sondenheimer shouts: 'Open the god damn door.' 10.38: The breathing of Lubitz can be heard in the cockpit but he says nothing. 10.40: Jet hits the mountainside with its right wing. The last sounds are screams from passengers. 10.42: French air navigation service sends out search and rescue teams.","Andreas Lubitz, 27, captured on an in-flight camera taking off  in a glider .
Video believed to have been taken in Germany when he was in late teens .
Jokes with his companion: 'We're going until we have no more fuel, okay?'
Later trained as airline pilot in 2007 before taking six-month medical break ."
"Dusseldorf, Germany (CNN)Years before he was at the controls of a Germanwings plane that plunged into the French Alps, Andreas Lubitz told the airline he worked for that he'd had a bout with depression. Lubitz, the co-pilot of Germanwings Flight 9525 who authorities accuse of deliberately crashing the plane, told his Lufthansa flight training school in 2009 that he had a ""previous episode of severe depression,"" the airline said Tuesday. Email correspondence between Lubitz and the school discovered in an internal investigation, Lufthansa said, included medical documents he submitted in connection with resuming his flight training. The announcement indicates that Lufthansa, the parent company of Germanwings, knew of Lubitz's battle with depression, allowed him to continue training and ultimately put him in the cockpit. Lufthansa, whose CEO previously said Lubitz was 100% fit to fly, described its statement Tuesday as a ""swift and seamless clarification"" and said it was sharing the information and documents -- including training and medical records -- with public prosecutors. What was mental state of Germanwings co-pilot? It's a development that will likely be a part of the crash investigation, but it's only one piece of the puzzle, CNN aviation correspondent Richard Quest said. ""We need to know what happened after he returned in 2009 and finished his training, because that tells us whether there was the correct procedure and process,"" he said. A Lufthansa spokesperson told CNN on Tuesday that Lubitz had a valid medical certificate, had passed all his examinations and ""held all the licenses required."" Check out the latest from our correspondents . The details about Lubitz's correspondence with the flight school during his training were among several developments as investigators continued to delve into what caused the crash and Lubitz's possible motive for downing the jet. Earlier, a spokesman for the prosecutor's office in Dusseldorf said Lubitz suffered from suicidal tendencies at some point before his aviation career. Medical records reveal that Lubitz was suicidal at one time and underwent psychotherapy before he got his pilot's license, prosecutor's spokesman Christoph Kumpa said. Kumpa emphasized there's no evidence suggesting Lubitz was suicidal or acting aggressively before the crash. Investigators are looking into whether Lubitz feared his medical condition would cause him to lose his pilot's license, a European government official briefed on the investigation into last week's crash told CNN on Tuesday. While flying was ""a big part of his life,"" the source said, it's only one theory being considered. Another source, a law enforcement official briefed on the investigation, also told CNN that authorities believe the primary motive for Lubitz to bring down the plane was that he feared he would not be allowed to fly because of his medical problems. Lubitz's girlfriend told investigators he had seen an eye doctor and a neuropsychologist, both of whom deemed him unfit to work recently and concluded he had psychological issues, the European government official said. Lubitz told the neuropsychologist that he was too stressed with work, the official said. But no matter what details emerge about his previous mental health struggles, there's more to the story, said Brian Russell, a forensic psychologist. ""Psychology can explain why somebody would turn rage inward on themselves about the fact that maybe they weren't going to keep doing their job and they're upset about that and so they're suicidal,"" he said. ""But there is no mental illness that explains why somebody then feels entitled to also take that rage and turn it outward on 149 other people who had nothing to do with the person's problems."" Reports say a cell phone video shows the nightmarish final seconds of Germanwings Flight 9525, but a police spokesman said the accounts were ""completely wrong."" French magazine Paris Match and German newspaper Bild reported that a video recovered from a phone at the wreckage site showed the inside of the plane moments before it crashed. ""One can hear cries of 'My God' in several languages,"" Paris Match reported. ""Metallic banging can also be heard more than three times, perhaps of the pilot trying to open the cockpit door with a heavy object.  Towards the end, after a heavy shake, stronger than the others, the screaming intensifies. Then nothing."" The two publications described the video, but did not post it on their websites. The publications reported that they watched the video, which was found by a source close to the investigation. ""It is a very disturbing scene,"" said Julian Reichelt, editor-in-chief of Bild online. An official with France's accident investigation agency, the BEA, said the agency is not aware of any such video. Lt. Col. Jean-Marc Menichini, a French Gendarmerie spokesman in charge of communications on rescue efforts around the Germanwings crash site, told CNN that the reports were ""completely wrong"" and ""unwarranted."" Cell phones have been collected at the site, he said, but that they ""hadn't been exploited yet."" Menichini said he believed the cell phones would need to be sent to the Criminal Research Institute in Rosny sous-Bois, near Paris, in order to be analyzed by specialized technicians working hand-in-hand with investigators. But none of the cell phones found so far have been sent to the institute, Menichini said. Asked whether staff involved in the search could have leaked a memory card to the media, Menichini answered with a categorical ""no."" Reichelt told ""Erin Burnett: Outfront"" that he had watched the video and stood by the report, saying Bild and Paris Match are ""very confident"" that the clip is real. He noted that investigators only revealed they'd recovered cell phones from the crash site after Bild and Paris Match published their reports. ""That is something we did not know before. ... Overall we can say many things of the investigation weren't revealed by the investigation at the beginning,"" he said. While investigators search for clues to Lubitz's motivation, recovery workers continue the grim task of searching for the remains of those killed in the March 24 crash. The remains of at least 78 people on board the plane have been identified so far using DNA analysis. Naffrechoux warned Monday that ""it may not be possible to find the human remains of all the 150 passengers, as some of them may have been pulverized by the crash."" But French President Francois Hollande, speaking alongside German Chancellor Angela Merkel in Berlin, was more positive, saying that it should be possible to identify all the victims by the end of the week. A simple stone memorial has been set up at Le Vernet, where grieving relatives of those killed have laid flowers and held prayers. Germanwings crash compensation: What we know . Who was the captain of Germanwings Flight 9525? The BEA, France's accident investigation agency, said its ongoing safety investigation was focusing on a more detailed analysis of the flight history leading up to the crash, based on the audio recovered from the cockpit voice recorder and any other available data. ""A deliberate act by a man with a disturbed psychological profile is a possible scenario,"" BEA spokeswoman Martine Del Bono told CNN. ""The first step of the investigation is to describe more precisely what happened."" This will be based mainly on analysis of the cockpit voice recorder, to be supplemented by data from the flight data recorder if it is found, she said. ""But we will also look at other events with possibly similar scenarios, try to understand if there are systemic weaknesses which may contribute or facilitate such scenarios. ""We will in particular look at the cockpit door locking as well as the criteria and procedures applied to detect specific psychological profiles."" CNN's Pamela Brown reported from Dusseldorf and Frederik Pleitgen from Cologne, while Catherine E. Shoichet wrote from Atlanta. CNN's  Laura Smith-Spark, Josh Levs, Pamela Boykoff, Antonia Mortensen, Sandrine Amiel, Margot Haddad, Anna-Maja Rappard and Mariano Castillo contributed to this report.","Andreas Lubitz had informed his Lufthansa training school of an episode of severe depression, airline says .
A police spokesman say reports about video found in Germanwings wreckage are ""completely wrong""
Journalists at Bild and Paris Match are ""very confident"" the video clip is real, an editor says ."
"The nation's system for guiding planes and other aircraft is at 'increased and unnecessary risk' of being hacked, according to a report by government watchdog released Monday. The Federal Aviation Administration has taken steps to protect the air traffic control system from cyber-based threats, but 'significant security control weaknesses remain, threatening the agency's ability to ensure the safe and uninterrupted operation,' said the report by the Government Accountability Office. One area of weakness is the ability to prevent and detect unauthorized access to the vast network of computer and communications systems the FAA uses to process and track flights around the world, the report said. A government watchdog group's new report warned that the nation's system for guiding planes and other aircraft is at 'increased and unnecessary risk' of being hacked . The FAA relies on more than 100 of these air traffic systems to direct planes. There also are inadequate protections to prevent entry into air traffic computer systems from other, less-secure computer systems not directly involved in traffic operations, the report said. Other problems identified in the report include: . -Security weaknesses identified by the FAA weren't always addressed in a timely way. -Security control assessments by the agency weren't always comprehensive enough to find weaknesses. -Shortcomings in monitoring for hacking incidents or unauthorized entries mean the FAA may not be able to 'contain, eradicate or recover from incidents.' These weaknesses put the air traffic system 'at increased and unnecessary risk of unauthorized access, use or modification that could disrupt air traffic control operations,' the report said. The accountability office made 14 recommendations to the FAA and another three to the Transportation Department. Keith Washington, a Department of Transportation acting assistant security, said in a letter to the accountability office that the FAA is aware of the importance of the matter and has achieved several milestones in improving its cybersecurity. FAA officials had no comment. The agency is part of the Transportation Department. The FAA says it is aware of the concerns and taking serious steps to shore up security . Following the report's release, the chairman and senior Democratic member of the Senate Commerce, Science and Transportation sent a letter to FAA Administer Michael Huerta asking for a ""full accounting on the status"" of the accountability office's recommendations. ""These vulnerabilities have the potential to compromise the safety and efficiency of the national airspace system, which the traveling public relies on each and every day,"" said Sens. John Thune, R-S.D., and Bill Nelson, D-Fla. They called the report ""troubling.""","The Government Accountability Office warned of 'increased and unnecessary risk' in new report .
FAA uses vast network of systems to process and track flights worldwide, leaving many possibilities for weakness .
Other issues are inadequate protections to prevent entry into air traffic computer systems from other, less-secure computer systems ."
"He discovered a passion for flying somewhat late in life. But Harrison Ford embraced it with gusto and claimed to fly his planes as much as he drove his vintage cars. The actor was 52 when he first seriously started flying lessons and over the years the Indiana Jones star has amassed an impressive aviation collection. The experienced and respected pilot keeps the aircraft at the Santa Monica Airport - which is where he was where he had taken off from in his two-seater PT- 22 shortly before he crashed on a nearby Venice golf course on Thursday. Current fave: Harrison Ford has been seen several times lately flying his silver and yellow PT-22 two-seater vintage plane in and out of Santa Monica Airport. He was last photographed taking off in the aircraft last Friday . A real-life action man: Ford, 72, once said that learning to fly gave him freedom and pleasure and he's survived a number of crashes over the years . The Ryan PT-22 Recruit with its silver metallic body and eye-catching yellow trim was built in 1942 and was primarily designed as a trainer for the U.S. Army Air Corps. Ford was regularly seen flying it in and out of Santa Monica Airport and was last photographed in it just a week ago on Friday February 27. In an interview with The Mail On Sunday back in 2010, the Blade Runner and Star Wars actor talked about some of the planes in his collection and the reasons he loves flying so much. 'Flying is like good music: it elevates the spirit and it's an exhilarating freedom.' he said. 'It's not a thrill thing or an adrenaline rush; it's engaging in a process that takes focus and commitment. Aviator: The 72-year-old actor keeps his collection of planes at Santa Monica Airport and routinely flies himself to and from his ranch in Wyoming . Ford, 72, has a long range jet, a Citation Sovereign,  a turboprop aircraft capable of operating on unimproved airstrips; and a de Havilland DHC-2 Beaver single engine bush plane. He also has a 1929 Waco Taperwing open-top biplane, an Aviat Husky, which is a two-seat fabric-covered bush plane, and a Bell 407 helicopter. In 1999, Ford was flying his helicopter along the Lake Piru riverbed, north-east of Los Angeles, when it went down in a hard landing during a routine training session. 'All of my planes are great to fly, and that's why I've got so many of them': The Indiana Jones star's collection includes an Aviat Husky, a Canadian de Havilland Beaver and several Cessnas as well as a 1929 open-top bi-plane and a Bell helicopter . After landing hard the aircraft  began skidding forward in the loose gravel before one of its skids struck a partially embedded log and flipped onto its side . Neither the actor nor his instructor were hurt although the helicopter was severely damaged. He later joked the incident gave him the opportunity to buy a new helicopter. The family that flies together.....: The star often uses his private jet to fly his wife, actress Calista Flockhart and their son Liam from place to place . Ford once described crashing a plane as being like scraping a bumper and said he used his planes as much he used his cars. 'I'm so passionate about flying, I often fly up the coast for a cheeseburger,' he said in 2010. The Hollywood star often flies to and from his  ranch in Wyoming and has used his helicopter there to aid Search and Rescue crews locate missing hikers. It's not a Millenium Falcon but the Han Solo actor still loves flying his own planes and is happy to do it all, even carrying his own bags on and off the aircraft . Ford has twice assisted local search and rescue teams with his helicopter, including one instance in which he picked up a hiker who became dehydrated. He donated his flying skills to non-profit organizations, including Operation Smile and the Special Olympics, and flew medical personnel and supplies to Haiti after the devastating 2010 earthquake. The father-of-five has played leading roles in at least two rescues, helping evacuate a missing hiker and a Boy Scout on separate occasions in 2001. Up in the air: Ford who just confirmed he plans to make a sequel to the 1982 cult classic Bladerunner, is a veteran pilot with 20 years experience . With his need for speed, Ford collects vintage cars and motorbikes, . He has about a dozen motorcycles including several BMWs, a couple of Harleys, Hondas and a Triumph. He has vintage cars too including a rare 1955 forest green convertible  Jaguar XK 140 worth about $150,000. Ford is married to actress Calista Flockhart and they have a teenage son Liam. Not just planes: Ford also has an extensive motorcycle collection as well as some vintage cars .",Back in 1999 Ford walked away unscathed after his helicopter flipped over in hard landing .
"The battery of an underwater locator beacon had run out more than a year before flight MH370 disappeared, a report by investigators revealed today. The update on the progress of the probe surrounding the Malaysia Airlines plane - which vanished a year ago today - indicates those looking for the aircraft would have had less chance of finding it. The plane, which was travelling from Kuala Lumpur to Beijing, went missing with 239 people on board on March 8, 2014 - and a huge search in the Indian Ocean has so far proved fruitless. One year on: Family members of passengers missing on Malaysia Airlines flight MH370 shout at police officers who tried to move journalists away from a protest near the Malaysian embassy in Beijing today . Emotional: A Chinese relative of a missing passenger on Malaysia Airlines flight MH370 weeps outside the main gate of the Lama Temple  in Beijing today . Sadness: A relative of MH370 passengers holds a sign reading 'Dad I miss U!' outside the Lama Temple today . Family: There were 239 people on board the flight when it disappeared  en route from Kuala Lumpur to Beijing . Relatives of MH370 victims: (Clockwise from top left)  Li Jiuying holds a picture of her brother Li Guohai;  Jacquita Gonzales holds a portrait of her husband,  in-flight supervisor Patrick Gomes; Liu Kun displays a photo of his brother Liu Qiang; and Chinese woman Dai Shuqin, who lost five members of her family . Apart from the anomaly of the beacon, the report devoted many of its 584 pages to describe the complete normality of the flight - shedding little light on one of aviation's biggest mysteries. The significance of the expired battery was not immediately apparent, except indicating that searchers would have had lesser chance of locating the plane, even if they were in its vicinity. The report said: ‘The sole objective of the investigation is the prevention of future accidents or incidents, and not for the purpose to apportion blame or liability.’ Whilst the battery had expired on the beacon of the Flight Data Recorder, the report said that the battery on the locator beacon of the cockpit voice recorder was working. Standing together: Relatives of MH370 passengers attend an event today marking the one-year anniversary of its disappearance in Kuala Lumpur, Malaysia . Calling for their return: The brother of a missing passenger writes a message during the Kuala Lumpur event . Memories: Two Chinese people hold a picture of their son, an MH370 passenger, during the event in Malaysia . Remembered: Jie Yie, four, holds a picture of her grandmother Lee Sew Chu and her aunt Ng May Li who were aboard MH370, in Kuala Lumpur today . Ordeal: A Chinese relative of a missing passenger on  MH370 cries as she sits on the curb outside the Malaysia Embassy  in Beijing . The two instruments are critical in any crash because they record cockpit conversation and flight data, leading up to the end of the flight. Relatives of passengers and crew today marked the anniversary of the day the plane went missing, under a heavy police presence. Chinese relatives had planned to commemorate the disappearance of the Boeing 777 at a number of sites in Beijing, including the Malaysian embassy, the airport and the Lama Temple, a popular Tibetan Buddhist place of worship and tourist site. Dozens of uniformed security sealed the street around the diplomatic mission, while relatives said they had opted to avoid the airport as police were out in force. The big question: Artist Sudarsan Pattnaik creates a sand sculpture of MH370 on Puri beach in Odisha, India . Writing: A family member of MH370 pens a message on a balloon during a memorial event  in Kuala Lumpur . Tears: Wang Guohui (right), mother of MH370 passenger Li Zhi, cries next to another passenger's relative . Sign: Catherine Gang, whose husband Li Zhi was on the plane, holds a banner outside Lama Temple today . About 30 visited the Lama Temple, with around 10 entering the site in groups of two or three to pay their personal respects, as if attempting to keep a low profile. Flight Captain: Zaharie Ahmad Shah . The physical and mental well-being of Flight Captain Zaharie Ahmad Shah was examined by the report, which said he had no known history of apathy, anxiety or irritability. ‘There were no significant changes in his lifestyle, interpersonal conflict or family stresses,’ it said. It also said there were ‘no behavioural signs of social isolation, change in habits or interest, self-neglect, drug or alcohol abuse’ by the captain, his first officer and the cabin crew. Financial checks also showed nothing abnormal about their gross monthly income and spending pattern. It said the captain held several bank accounts and two national trust funds. He had two houses and three vehicles, but there was no record of him having a life insurance policy. Co-pilot: First Officer Fariq Abdul Hamid . The co-pilot, First Officer Fariq Abdul Hamid, had two saving accounts and a national trust fund account. He owned two cars and ‘spent money on the upkeep’ of these vehicles. ‘He does not have much savings in his bank account. He has a life insurance policy,’ it said. The remainder waited outside the temple in a group, wearing T-shirts saying ‘Pray for MH370’, and waving placards to photographers reading ‘Keep searching for MH370’. Meanwhile, Voice 370 - a support group for the relatives - hosted a ‘Day of Remembrance’ at a shopping centre in Kuala Lumpur with songs, poems and prayers. Grace Subathirai Nathan, whose mother Anne Daisy was on the plane, said: ‘It is important to highlight to the public that we still don't have any answers and that we must pursue the search.’ The Malaysian prime minister said he still is hopeful the plane will be found. Najib Razak said: ‘The lack of answers and definitive proof - such as aircraft wreckage - has made this more difficult to bear. ‘Together with our international partners, we have followed the little evidence that exists. Malaysia remains committed to the search, and hopeful that MH370 will be found.’ While the country's government has already formally declared the disappearance of the plane as an accident, and said all those on board are presumed dead, relatives of those on the flight have said they are frustrated by the lack of answers. Ministers from Australia, China and Malaysia are expected to meet next month to decide on the next course of action for the wide-ranging search. Chinese Foreign Minister Wang Yi said his government would provide ‘all needed service to every next of kin’ and help uphold their ‘legitimate and lawful rights and interests’. Most of the plane's passengers were Chinese. ‘A year has passed, the plane has not been located, but the search effort will continue,’ Mr Wang told a news conference in Beijing. ‘Today must be a difficult day for the next of kin. Our hearts are with you.’ The report by an independent investigation group went into minute details of the crew's lives, including their medical and financial records and their training. It also examined the aircraft's service record, as well as the maintenance schedule, weather, communications systems and other aspects. No way though: A journalist (right) is blocked by Chinese police outside Lama Temple after prayers in Beijing . A relative of a Chinese passenger from MH370 shows a poster saying 'Bring the MH370 passengers home' Moving away: Chinese police block journalists with cameras filming relatives of MH370 passengers in Beijing . Talking: A relative of a Chinese passenger from MH370 speaks to the foreign media outside the Lama Temple . These showed nothing unusual except for the one previously undisclosed fact of the battery's expiry date. It said that according to maintenance records, the battery on the beacon attached to the Flight Data Recorder expired in December 2012. ‘There is some extra margin in the design to account for battery life variabilty and ensure that the unit will meet the minimum requirement,’ it said. ‘However, once beyond the expiry date, the (battery's) effectiveness decreases so it may operate, for a reduced time period until it finally discharges,’ the report said. While it is possible the battery will operate past the expiry date, ‘it is not guaranteed that it will work or that it would meet the 30-day minimum requirement,’ said the report. It is one year since Malaysia Airlines flight MH370 went missing. Here is a timeline of the main events over the last 12 months. 2014 . 2015 .","Plane from Kuala Lumpur to Beijing vanished with 239 people on board .
Wide search since incident on March 8, 2014 has so far proved fruitless .
Report looks at complete normality of flight which became huge mystery .
Captain had no known history of  anxiety or irritability, or family stresses .
Relatives of passengers  mark anniversary under heavy police presence ."
"Airlines are changing procedures to ensure two crew are in the cockpit at all times following the Germanwings tragedy that killed 150 people. It dramatically emerged today that the co-pilot of the Airbus A320 that crashed into the French Alps locked the pilot out of the cockpit and deliberately crashed the plane. The final moments of the doomed jet were revealed by French prosecutors who said it was 28-year-old Andreas Lubitz's plan to 'destroy the plane'. Now budget carrier EasyJet has announced the move will come into force tomorrow - and aviation insiders say there are moves to make it 'mandatory' across airlines. Scroll down for video . Disaster prevention: Budget airlines EasyJet and Norwegian Air Shuttle will introduce new rules to ensure two crew members are in the cockpit at all times in the wake of the Germanwings air disaster . Tragedy: It emerged today that Germanwings co-pilot Andreas Lubitz (pictured) locked the plane's pilot out of the cockpit and 'deliberately' crashed the plane into the French Alps, killing 150 people on board . Safety: Now budget carrier EasyJet has announced the new move will come into force tomorrow and aviation insiders say there are moves to make it 'mandatory' across all airlines . Horror: After voice recordings emerged from the doomed A320 revealing how the pilot tried to kick down the cockpit door, EasyJet said a cabin crew member will enter the cockpit if the pilot or co-pilot needs the toilet . The move comes after the Civil Aviation Authority urged airlines to review their policies to avoid the pilot or co-pilot being alone at the controls. An easyJet spokeswoman said: 'easyJet can confirm that, with effect from Friday 27 March, it will change its procedure which will mean that two crew members will be in the cockpit at all times. 'This decision has been taken in consultation with the Civil Aviation Authority. The safety and security and of its passengers and crew is the airline's highest priority.' EasyJet said a cabin crew member will temporarily enter the cockpit if the pilot or co-pilot needs the toilet. The airline will not have a third trained pilot on board. And a spokesman for Virgin Atlantic said: 'We always ensure we have the highest safety standards and, while it is our common practise to have two members of our crew in the flight deck at all times, in light of recent events we are now in the process of formalising this to be policy.' The change is also being implemented by package tour operator Thomas Cook, whose spokesman said: 'We are adapting our procedures to ensure there will always two people in the cockpit.' An aviation industry insider said: 'There is some industry chatter about the policy becoming mandatory.' Budget airlines Ryanair, Monarch and Jet2, which flies from airports in the Midlands, North and Scotland, said they already had policies to ensure two crew are in the cockpit at all times. Ryanair said it already operates a policy requiring two people in the cockpit 'at all times'. Its spokeswoman said: 'If a pilot needs to visit the bathroom the cabin crew supervisor is required to stand in the cockpit for these brief periods.' Risk management: Pilot Europe's third largest budget carrier Norwegian Air Shuttle has also announced the same move for 'safety reasons' Doomed: The captain of the ill-fated flight - named by local media as German father-of-two Patrick Sonderheimer - left the cockpit but found himself locked out when he tried to re-enter (file photo) Monarch's spokeswoman added: 'We also have an 'eyes-on' rule requiring cabin crew to enter the cockpit during the cruising stage to check on the pilot and co-pilot.' A Jet2 spokeswoman said: 'This rule has been in place for a number of years to ensure the safety and security of our customers.' While a FlyBe spokespman said their Operations Manual 'states that two members of crew are to be present in the cockpit at all times during flight'. British Airways and BMI Regional declined to comment, while Ryanair were unavailable. Elsewhere around Europe, the continent's third-largest budget carrier, Norwegian Air Shuttle, said it would require two people in the cockpit at all times for safety reasons. A Civil Aviation Authority spokesman said: 'Following the details that have emerged regarding the tragic Germanwings incident, we are co-ordinating closely with colleagues at the European Aviation Safety Agency (EASA) and have contacted all UK operators to require them to review all relevant procedures. 'All UK airline pilots undergo extensive and regular medical assessments to determine their fitness to hold a licence. As part of this, aeromedical examiners are required to assess a commercial pilot's mental health at each medical examination which, for an airline pilot flying with at least one other pilot, is undertaken annually. 'These detailed medical assessments are in line with international aviation standards. 'We will continue to monitor the situation as the investigation develops and our thoughts remain with the friends and relatives of all those affected by this tragic incident.' His parents only discovered that their son was a mass murderer minutes before the dramatic press conference by prosecutors in Marseille. 'Deliberate': Marseille prosecutor Brice Robin said Lubitz used the flight managing system to put the plane into a descent, something that can only be done manually . Heart-broken: Family of the victims of the crash gathered near the scene in Le Vernet near the French Alps today, as rescuers tried to recover the dead bodies of their deceased relatives . Rescue: Helicopters lowered investigators down to the scene of the obliterated plane where debris and human remains were scattered . Safety procedure: Budget airlines Ryanair, Monarch and Jet said they already had policies to ensure two crew are in the cockpit at all times . 'When one person leaves the cockpit, two people will now have to be there,' Norwegian's flight operations director Thomas Hesthammer said. Long haul flights usually have more than two crew capable of flying the plane because shift changes are often required in flight. A spokeswoman for German carrier Lufthansa, parent company of Germanwings, said: 'A crew member may temporarily leave the cockpit during a specific phase of the flight. 'So far, no decision has been taken to change the procedure as it is already approved by the German office of federal aviation but we will look into it. So far, we trust our procedure. It also transpired today that the Germanwings co-pilot who flew the plane into the Alps at 400mph had to stop his training because he was suffering from depression and 'burnout'. Mr Lubitz - whose family were at the scene of the crash in Seyne today -  postponed his pilot training in 2008 due to mental health issues and a friend said he was 'in depression'. Airline bosses confirmed Lubitz had taken several months off work and had to retrain to join the firm but insisted he was '100% fit to fly'. Raid: German police have investigated Andreas Lubitz's €500,000 family home in Montabaur in Germany as well as his apartment in Dusseldorf . Killer's home: A French prosecutor in Marseille said Mr Lubitz's breathing was normal as the plane descended rapidly before crashing into the French Alps . German police have since raided Lubitz's €500,000 family home in Montabaur in Germany as well as his apartment in Dusseldorf. At an extraordinary press conference earlier, Marseille prosecutor Brice Robin gave a disturbing account of the cockpit voice recordings extracted from black box. He said Lubitz locked his captain out after the senior officer left the flight deck. At that point, Lubitz used the flight managing system to put the plane into a descent, something that can only be done manually - and deliberately. He said: 'The intention was to destroy the plane. Death was instant. The plane hit the mountain at 700kmh (430mph). 'I don't think that the passengers realised what was happening until the last moments because on the recording you only hear the screams in the final seconds'. Earlier in the flight, Mr Robin said Lubitz's responses were initially courteous, but became 'curt' when the captain began the mid-flight briefing on the planned landing of the plane. The captain - named by local media as German father-of-two Patrick Sonderheimer - then left the cockpit but found himself locked out when he tried to re-enter. Mr Robin said: 'We hear the pilot asking the co-pilot to take over and we hear the sound of a chair being pushed back and a door closing so we assume that the captain went to the toilet or something. 'So the co-pilot is on his own, and it is while he's on his own that the co-pilot is in charge of the plane and uses the flight management system to start the descent of the plane. 'At this altitude, this can only be done voluntarily. We hear several shouts from the captain asking to get in, speaking through the intercom system, but there's no answer from the cockpit.'","Andreas Lubitz locked pilot out of cockpit and 'deliberately' crashed A320 .
Flew the plane into French Alps at 400mph and killed 150 people on board .
EasyJet, Virgin Atlantic and Norwegian introducing rule to avoid disaster .
Jet2, Monarch, FlyBe and RyanAir say the  procedure is already in place .
Industry insider said practice could become 'mandatory' across all airlines ."
"(CNN)You're late for your flight, sweaty from having dragged your luggage to the check-in counter, and stressed about making it through security before boarding begins. For some of us, this is the rule, not the exception. For most of us, it's a pretty unremarkable scenario. Not so fast, says the Transportation Security Administration. Typical airport behavior like this could make you a suspicious traveler who should be subjected to questioning and additional screening -- and possibly referred to the police for investigation, detention or arrest. That should seem far-fetched, but it isn't. The TSA continues to use pseudo-scientific ""behavior detection"" techniques that have given rise to persistent allegations of racial and ethnic profiling at our nation's airports. Through a program called Screening Passengers by Observation Techniques, or SPOT, the TSA employs thousands of ""behavior detection officers"" who scrutinize travelers to look for signs of ""mal-intent"" in airport screening areas. The officers typically spend less than 30 seconds scanning an average passenger for over 90 behaviors the TSA associates with stress, fear or deception. When the officers perceive clusters of such behaviors in any given individual, they refer that person for secondary inspection and questioning. The SPOT program relies on theories about ""micro-expressions,"" involuntary facial expressions that supposedly appear for milliseconds despite one's efforts to conceal them. Behavior detection officers look for such micro-expressions while scanning passengers' faces or engaging in casual conversation with them. It's as nutty as it sounds. Setting aside that the officers' perception of these behaviors is inherently subjective, there's just no evidence that deception or ""mal-intent"" can reliably be detected through observation, especially in an unstructured setting like an airport screening area. The fact that many people find such settings inherently stressful only compounds the problem. If TSA's behavior detection officers look for stress in a stressful environment, they're going to find it, along with plenty of false positives. Just about everyone outside the TSA who has reviewed the SPOT program has decided that it's unscientific and a waste of money. An exhaustive review by the Government Accountability Office found the SPOT program lacked a scientific basis, that the behavioral indicators it relied on were subjective, and that the TSA had no effective means to test its effectiveness. In no uncertain terms, the GAO recommended that Congress curtail funding for the program. An independent scientific advisory group that reviewed the SPOT program also concluded that ""no scientific evidence exists to support the detection or inference of future behavior, including intent."" And during a congressional hearing on the program, Republican Rep. Richard Hudson of North Carolina observed, ""To my knowledge, there has not been a single instance where a behavior detection officer has referred someone to a law enforcement officer and that individual turned out to be a terrorist."" Rep. Michael McCaul of Texas, the Republican chairman of the House Homeland Security Committee, stated, ""I am concerned that TSA will continue to spin its wheels with this program instead of developing a more effective and efficient approach."" Despite this withering criticism, SPOT remains in place and has cost taxpayers well over $1 billion (that's with a b) since its inception in 2007. Repeat: over a billion dollars on a misguided program that doesn't work. Equally troubling is that SPOT has given rise to persistent allegations of racial and ethnic profiling -- an unfortunately inevitable result when law enforcement or border agents single people out based on hasty, gut-level judgments about them. Allegations of profiling by behavior detection officers have come not only from travelers, but also from numerous other officers. Over 30 behavior detection officers at Boston Logan International Airport said that profiling was rampant there. One of the officers told reporters, ""They just pull aside anyone who they don't like the way they look -- if they are black and have expensive clothes or jewelry, or if they are Hispanic."" Another officer submitted an anonymous complaint saying, ""The behavior detection program is no longer a behavior-based program, but it is a racial profiling program."" The TSA has not revealed what, if any, steps it has taken to ensure that unlawful profiling does not occur in airport screening. Nor has TSA explained why -- despite overwhelming evidence to the contrary -- SPOT contributes meaningfully to aviation security. That's why the ACLU submitted an FOIA request to TSA seeking information on its use of behavior detection. We've received no response, so we're taking the TSA to court to get the information the public needs to fully evaluate it. People expect that when they travel, they will be screened for weapons or explosives that could bring down an airplane. They don't expect -- nor should they -- that officers will make probing judgments about their intentions based on little more than their facial expressions, or that they will be stopped, questioned and perhaps even searched because of their race or ethnicity. It's time for TSA to explain and justify the SPOT program. Or better yet, listen to those who say it's a waste of money and scrap it entirely.","TSA's SPOT program screens passengers for ""micro-expressions"" to determine if a person is suspicious .
Hugh Handeyside: SPOT program is unscientific, has wasted over $1 billion of taxpayer money and should be terminated ."
"A town councillor from Hertfordshire says a British Airways flight to Dubai was forced to return to London due to a foul odour emanating from an overflowing toilet. Hertsmere councillor Abhishek Sachdev, who represents Potters Bar Parkfield, said the seven-hour flight was aborted ‘because of a smelly poo in the toilet’. Cabin crew were unable to fix the problem and the smell became unbearable for passengers seated nearby, forcing the plane to turn around near Brussels and land at Heathrow Airport. A British Airways captain told passengers the smell was from 'liquid faecal excrement' in a toilet . Mr Sachdev, a Tory councillor, said the flight departed on time Thursday night and everything seemed fine until the captain made an announcement about 30 minutes after take-off. He told MailOnline Travel: ‘The pilot made an announcement requesting senior cabin crew, and we knew something was a bit odd. ‘About 10 minutes later he said you may have noticed there’s a quite pungent smell coming from one of the toilets. ‘He said it was liquid faecal excrement, those are the words he used. He said it’s not a technical fault with the plane, and he was very adamant about that.’ Hertsmere councillor Abhishek Sachdev said passengers were told that crew could not fix the problem . The captain informed passengers that the plane’s crew had examined the problem, but were unable to fix it. He told them that the plane would be forced to return to London for health and safety reasons. Passengers were initially told that they would board another flight in three hours, but it turned into a 15-hour delay, said Mr Sachdev, who was travelling with his pregnant wife, Rupa, and their two-year-old daughter, Shravani. He said the airline offered an apology and provided hotel accommodation and food vouchers, but claimed BA ground staff were unprepared and told the travellers to contact the Civil Aviation Authority for compensation. Tory councillor Abhishek Sachdev was travelling with his pregnant wife and their two-year-old daughter . Mr Sachdev, who wasn’t seated near the toilet in question, said passengers departed for Dubai yesterday at 1pm. He said: ‘It’s obviously disappointing to lose a whole day of your trip. You might expect it on some random airline, but you wouldn’t expect it from British Airways.’ After the plane landed at Heathrow, the councillor tweeted: ‘Insane! Our BA flight to Dubai returned back to Heathrow because of a smelly poo in the toilet! 15hrs until next flight/’ A British Airways spokesperson told MailOnline Travel: 'We're very sorry for the discomfort to our customers. ​ . 'We provided them with hotel accommodation and rescheduled the flight to depart the next day.'","Captain informed passengers the smell was from 'liquid faecal excrement'
Plane returned to London about 30 to 40 minutes after take-off .
Passenger Abhishek Sachdev said crew had health and safety concerns .
Travellers were put up in hotel rooms and offered food vouchers ."
"Just as I can't travel to Liverpool without thinking of The Beatles, so I can't travel to Los Angeles without thinking of The Beach Boys. Their songs of beaches, baggies, boards and bikinis painted a picture of a sun-kissed paradise, and their voices sounded as bright and as laid-back as California itself. This time I was travelling specifically to discover the people and places that inspired the band. I started in Hawthorne where the three Wilson brothers - Brian, Carl and Dennis - were raised, and joined up with guitarist Al Jardine and vocalist Mike Love to form a group. The Beach Boys were famously non-surfers but that didn't stop them tapping into the sun, sea and sand culture of the Golden State . The Wilson family home on 119th Street, where the boys taped their first single Surfin' in 1961, was demolished to make way for Interstate 105. The rest of the street remains though, its neat lawns, porches and fluttering flags reminders of the group's clean-cut All-American origins. A redbrick memorial now stands at the site of the Wilson house, with a bas-relief frieze showing the group carrying a surfboard and a plaque noting that the music conceived here 'broadcast to the world an image of LA as a place of sun, surf and romance'. Hawthorne is indeed a place of sun (263 days a year) but no surf and little romance. It's a charmless city that expanded on the back of the post-war aviation industry (Los Angeles International is only five miles away). I could see why the teenagers of the 1950s would get 'bugged' driving 'up and down the same old strip'. Hawthorne Boulevard, with its low-rise jewellery shops and furniture stores, is no place for the young. The Pizza Show (13344 Hawthorne) added a splash of colour when it arrived in 1956 and became a home from home for the fledgling Beach Boys. Now run by the son of the original owner, it retains its kitsch medieval Italian interior, with wrought iron chandeliers, tiled awnings and mock grilled windows. Surfin' safari: The town of Huntington Beach, where the surf is year round, is known as Surf City USA . Foster's Freeze (11969 Hawthorne), another gathering place, is a blue-roofed fast-food outlet that offers FOOD from one service hatch and ICE CREAM from another. When I arrived Louie Louie, a 1963 hit by The Kingsmen, was playing over speakers in the overhang. This was the very 'hamburger stand' where Brian Wilson saw a girl pull up in her father's Thunderbird and had the inspiration for Fun Fun Fun. Hawthorne High School, around the corner on El Segundo Boulevard, is where the Wilson boys and Jardine attended. The Beach Boys came back to play the 1969 prom and honoured the institution in their song Be True to Your School. The nearest surfing beach to Hawthorne is Manhattan, but the best is Huntington Beach, better known as Surf City USA. Here the sand is soft, the surf is year-round, and the broad beaches stretch for more than eight miles. The broad beaches of Huntington stretch for more than eight miles . Other than Dennis Wilson, The Beach Boys were famously non-surfers, but they were smart enough to observe the burgeoning oceanside culture and knew there was mileage in chronicling it. They mentioned Huntington Beach in Surfin' Safari. The city of Huntington Beach makes much of its surfers. There's a Walk of Fame, a Hall of Fame and a small International Surfing Museum. The sports shops sell everything from boards and wetsuits to sunglasses, caps and jeans. My hotel, the Waterfront Beach Resort had a surfboard in the foyer and doorknob signs that read Wiped Out rather than Do Not Disturb. Huntington Beach is better known as Surf City USA - where the fantastic surf is year-round . It was cold and overcast on my first morning but by 8.30am there were already more than 100 surfer bobbing about in the ocean. From the the pierI could watch them mounting their boards and waiting patiently to ride in on the most powerful of the tall, grey waves. As if on cue, a local surf music tribute band, The Breakaways, dressed in faded blue denims and short-sleeved Hawaiian shirts, began playing at the pier entrance. An even better insight into surf culture and music came a few days later when The Surfaris drummer David Raven took me to an outdoor gig in Irvine, Orange County, where he played with bassist Jay Truax (ex-Nomads), and guitarists Ron Eglit (Dick Dale and his Band) and Paul Johnson (The Bel-Airs). They called themselves The Legends Surf Band. We picked up Johnson from his apartment. He was wearing a baseball cap, blue jeans and sandals and had a black patch over his left eye. On the drive down he told me his story. As a 15-year old schoolboy in 1961 he'd composed a hit tune called Mr Moto for The Bel-Airs. Orange County, just south of LA, has its own strong surf culture such as at Newport Beach . That summer, when playing at the Knights of Columbus Hall in Redondo Beach, a leading surfer came over to him and said: 'Wow, man! Your music sounds just like it feels out on a wave. You should call it surf music.' So he did. When The Beach Boys adopted this sound the hard-core sports crowd initially shunned them. 'As long as they posed as surfers they were resented by those in the true beach culture,' Johnson told me. 'But when they went on to celebrate California youth culture at large by singing about cars and cruising, that broadened their appeal. After that, even surfers appreciated them.' When The Beach Boys started recording their focus shifted from Hawthorne to Hollywood. They signed with Capitol Records, whose 13-storey circular tower at 1750 Vine Street, built in 1956, has become an LA landmark. Legend has it that the architecture was based on the image of a bunch of singles stacked on the spindle of a record player. The night I visited, Arcade Fire were playing a promotional set on a specially built platform outside the tower. The Beach Boys' earliest albums were recorded at Capitol but by the time of Surfer Girl and Little Deuce Coupe, they were also recording around the corner at United and Western (6050 Sunset Boulevard). At the Petersen Automotive Museum there are plenty of cars from the era The Beach Boys celebrated . Now called Ocean Way Studios, this is where they recorded their 2012 comeback album That's Why God Made The Radio. In 1965, Brian Wilson bought the then modern 1448 Laurel Way in Beverly Hills with its great views over the LA basin. It was here that he notoriously built himself a huge sandbox in the living room to stimulate his creative juices. (The video for Sloop John B was filmed in the garden pool.) Two years later he moved to 10452 Bellagio Road in the more upmarket gated community of Bel Air. Several Beach Boys' albums, including Smiley Smile, Wild Honey, 20/20 and Surf's Up, were partially recorded here, while Charles Manson, a fringe figure on the LA music scene in 1969, visited to tape songs that he'd written. In songs such as Little Deuce Coupe, Shut Down, Little Honda, and Fun Fun Fun, The Beach Boys explored the parallel teenage subculture of cruising and hot-rodding. Illegal street racing still takes place but usually in the early hours of the morning, and it's a crime even to be a spectator. In 1967 Brian Wilsonmoved to a more upmarket gated community in the exclusive area of Bel Air . Custom car shows tend to happen out in the desert rather than in the city. But at the Petersen Automotive Museum (6060 Wilshire Boulevard) it's possible to see everything from hot rods and deuce coupes to Thunderbirds and Chevrolets. Spread over two spacious floors, there are plenty of cars from the era The Beach Boys celebrated - a peach-coloured 1957 Lincoln Premiere once owned by Jayne Mansfield, a black 1957 Chrysler, and a wonderful boat-sized 1959 red Cadillac Convertible. The hot rod section has a classic Deuce Coupe customised from a 1932 Ford. Appropriately the museum cafe, Johnny Rockets, is a 50s-style diner with red plastic seating, chrome surfaces and neon signs. On my final day I headed north on the Pacific Coast Highway to Malibu. There's probably no road that better embraces the geographical joys of LA - steep hills and canyons to one side, broad beaches and ocean to the other - and no drive is better suited to a Beach Boys' soundtrack. The group even recorded a song about it in 2012. Beyond Malibu lies Paradise Cove. A left-hand turn took me a mile down a hill to a private beach edged with cliffs where the group was photographed for the cover of 1962's Surfin' Safari, and again two years later for All Summer Long. Paradise Cove is not really a top surf destination despite all the surfboard-shaped signs . Paradise Cove is now home to one of the world's most luxurious trailer parks. Film directors, screenwriters, models and Hollywood actors such as Minnie Driver and Matthew McConaughey have swapped bricks and mortar for transportable homes with a view. A surfboard-shaped sign ironically declared No Surfboards. The warning was somewhat redundant as beaches can be private but the sea is free and, anyway, the waves are so mild that no serious surfer would choose it. Maybe that's why The Beach Boys came here - and why they kept their shirts and jeans on during the shoot. Virgin Holidays (virginholidays.co.uk, 0844 557 3859) offers five nights at the Hilton Waterfront Resort Hotel in Huntington Beach from £915pp. This includes return flights from Heathrow, accommodation on a room-only basis and car hire. For further information on Los Angeles visit discoverlosangeles.com .","A trip though California to discover what inspired the blassic band .
There is no drive better suited to a Beach Boys soundtrack than  the Pacific Coast Highway, says the Daily Mail writer ."
"(CNN)Latest developments: . • Transponder data shows that the autopilot on Germanwings Flight 9525 was reprogrammed by someone in the cockpit to change the plane's altitude from 38,000 feet to 100 feet, according to Flightradar24, a website that tracks aviation data. • Police searched Germanwings Flight 9525 co-pilot Andreas Lubitz's apartment in Dusseldorf, Germany, on Thursday, the city's police spokesman said in televised comments. A team of five investigators went ""through the apartment looking for clues as to what the co-pilot's motivation might have been, if he did indeed bring the plane down,"" police spokesman Markus Niesczery said. Full story: . The co-pilot of Germanwings Flight 9525 purposely crashed the plane into the French Alps, killing all 150 people on board, officials said Thursday. ""We at Lufthansa are speechless that this aircraft has been deliberately crashed by the co-pilot,"" said Carsten Spohr, CEO of Lufthansa, which owns Germanwings. Marseille prosecutor Brice Robin said the co-pilot, 27-year-old German national Andreas Lubitz, apparently ""wanted to destroy the aircraft."" It's unknown whether Lubitz planned his actions, Robin said. But he ""took advantage"" of a moment in which the pilot left the cockpit and ""activated the descent,"" which can only be done deliberately. New details released Thursday appeared to support the startling revelation that someone set the plane on a crash course. Transponder data shows that the autopilot was reprogrammed during the flight by someone inside the cockpit to change the plane's altitude from 38,000 feet to 100 feet, according to Flightradar24, a website that tracks aviation data. The plane's cockpit audio recorder captured horrific sounds. The captain, somehow locked out of the cockpit, can be heard banging on the door, Robin said. And screaming can be heard on the audio recording for the final few minutes of the flight. For those on board when the plane plunged into the mountains, Robin said, death was instantaneous. Who was co-pilot Andreas Lubitz? Police searched Lubitz's apartment in Dusseldorf on Thursday, looking for clues about his possible motive. A search is underway for the plane's second ""black box,"" the flight data recorder, which could shed more light on the plane's final minutes. And the French government has asked the FBI to help investigate the crash, a law enforcement official said. Investigators so far say they're baffled about why Lubitz would have crashed the plane . Lufthansa does ""not have any clues,"" Spohr said. The picture of the plane's final minutes comes largely from what was discovered in the mangled cockpit voice recorder. The pilot and co-pilot had normal exchanges during the beginning of the flight, Robin said. When the pilot stepped out to go to the bathroom, he asked Lubitz to take over. It's unclear whether the pilot entered a code to try to get back into the cockpit when he returned, or whether Lubitz ""put the lever on lock,"" which would have prevented the code from working, Spohr said. The most plausible explanation of what happened next is that Lubitz, ""through deliberate abstention, refused to open the cabin door ... to the chief pilot, and used the button"" to cause the plane to lose altitude, Robin said. The disaster is not being described as a ""terrorist attack,"" and the killing of 150 people would generally not be described as a ""suicide"" either, Robin said. Spohr agreed: ""If a person kills himself and also 149 other people, another word should be used -- not suicide,"" he said. Lubitz was not known to be on any terrorism list, and his religion was not immediately known, Robin said. 5 cases of pilots intentionally crashing . He had been with Germanwings since September 2013 and had completed 630 hours of flight time, the company said. Lubitz had trained at the Lufthansa flight center in Bremen, Germany. He only had about 100 hours of experience on the type of aircraft he was flying, but he had all the necessary certifications and qualifications to pilot the aircraft alone, the prosecutor said. He had passed medical tests, Spohr said. The audio recording showed his breathing to be steady, with no sign that he had a heart attack or other medical issue. Lufthansa does not have standard psychological testing for pilots once they are hired, Spohr said.  The company considers an applicant's psychological state when hiring, he said. The co-pilot was ""fully qualified to pilot the aircraft on his own,"" Robin said. A man in Montabaur, Germany, who belonged to the same flight club as Lubitz, said he couldn't believe it. ""The way I know Andreas, this is inconceivable,"" Peter Ruecker said. An 8-minute descent to death . Relatives and friends of the victims traveled on special Lufthansa flights to an area near the site where their loved ones perished. Seyne-les-Alpes, a nearby town, is serving as a staging post. Mayor Francis Hermitte predicted that 200 to 300 people would come to the area Thursday. Most are not expected to stay overnight, he said. But in case they do, he said, local residents have offered accommodations for them. Lufthansa is providing ""financial support"" to relatives of the victims, Spohr said. He declined to go into details. The families of the two pilots are also in France, Robin said, but they are not in the same place as the passengers' relatives. The bodies of the crash victims will not be released to family members until all DNA identification work has been done -- a process likely to last several weeks, he said. While some human remains have been recovered, many have not. The task is treacherous for search crews working on steep slopes in icy weather. Workers were dropped by helicopters and tied together for safety. Mother, daughter among 3 American victims . The doomed flight was traveling from Barcelona, Spain, to Dusseldorf, Germany, when it crashed Tuesday. Germanwings said the plane reached its cruising altitude of 38,000 feet, and then dropped for about eight minutes. The plane lost contact with French radar at a height of about 6,000 feet. Then it crashed. The 144 passengers and six crew members came from 18 countries.  About half were from Germany, and 35 were from Spain. Students, singers among victims . CNN's Catherine E. Shoichet, Ashley Fantz, Richard Allen Greene, Jason Hanna, Greg Botelho, Frederik Pleitgen, Nic Robertson, Pierre Meilhan, Richard Quest, Hala Gorani, Stephanie Halasz, Khushbu Shah, Bharati Naik, Ingrid Formanek, Sandrine Amiel and Erin McLaughlin contributed to this report.","Transponder data indicates someone inside the cockpit programmed plane's descent .
Lufthansa CEO says his company is ""speechless that this aircraft has been deliberately crashed by the co-pilot""
Investigators say they're baffled as to why ."
"(CNN)A medical helicopter carrying at least three people crashed late Thursday in Eufaula, Oklahoma, the Federal Aviation Authority  said. It was flying from Tulsa to McAlester when it went down west of Lake Eufaula, near the Canadian River. Three employees from medical air transport company EagleMed LLC were on board, according to FAA spokesman Lynn Lunsford. FAA investigators are headed to the crash scene. The McIntosh County Sheriff's Office is handling the crash for local law enforcement, but a spokeswoman said early Friday that it had no information to give out so far. Earlier this week, an Army Black Hawk helicopter crashed in waters off the Florida Panhandle. All 11 service members aboard are believed dead, an Air Force official said Thursday. The military has been working to recover the helicopter, which searchers found at the bottom of the Santa Rosa Sound near Eglin Air Force Base, as well as the bodies of all seven Marines and four Louisiana Army National Guard members who were aboard. CNN's Greg Botelho contributed to this report.","The chopper was registered to an air ambulance company .
It was en route from Tulsa to McAlester ."
"One plane was diverted and another delayed to avoid two Russian bombers that flew through Irish-controlled air space without warning in February, the Irish Aviation Authority (IAA) said. The disruption is believed to have occurred during the same February 18 incident in which British RAF Typhoon fighters were scrambled to escort two Russian bear bombers identified flying close to British airspace. The move was seen as a show of strength by Russia amid tensions over the conflict in Ukraine, where Prime Minister David Cameron has accused Russian President Vladimir Putin of challenging the territorial integrity of Kiev. A file picture showing a Russian bear bomber being escorted by an RAF jet. A commercial plane carrying hundreds of passengers was forced to divert after an incursion into Irish air space by two Kremlin aircraft . The Irish authority said the two Russian aircraft were flying with their transponders switched off - devices that help aircraft to be identified by air traffic control radars. The two Typhoons, armed with air-to-air missiles, were launched from RAF Coningsby in Lincolnshire after the Russian bombers were spotted at 6.30pm. They were escorted as they flew south, then turned around and flew north past the Irish coast. 'One aircraft's departure from Dublin was delayed due to the activity of the Russian military aircraft in UK-controlled airspace,' the IAA said in a statement. 'The routing of one en route aircraft was changed to ensure that its track was sufficiently separated from the track of the two Russian military aircraft,' it added. Footage released on Russian TV shows the moment two RAF jets escort the Russian bomber last month . Since January last year, there have been at least 17 shows of military strength by Russia near the UK. The most serious included: . Feb 18: RAF jets scrambled after two Russian Bear bombers spotted off the coast of Cornwall, forcing a flight from Dublin to divert. Feb 15: Russian warship intercepted by Royal Navy in the English Channel. Jan 28: RAF fighters challenge two Russian bombers capable of carrying nuclear missiles south of Bournemouth. Jan 8: Defence chiefs ask for US help to hunt a suspected Russian submarine lurking off the coast of Scotland. Nov 2014: Russian flotilla on military exercise in the Channel escorted from UK waters by HMS Tyne. Nov 2014: Nato aircraft called in to hunt suspected Russian submarine off the west coast of Scotland. Oct 2014: RAF Typhoon warplanes shadow two Bears as they fly down the west coast of Britain. The diverted and delayed planes were commercial jets 'carrying hundreds of people', the Irish Examiner newspaper reported. However, the IAA sad there had been 'no safety impact to civilian traffic in Irish controlled airspace'. The aircraft did not enter Irish sovereign airspace, but flew in Irish controlled airspace within 25 nautical miles (46.3 km) of the Irish coast between 3pm GMT and 7pm GMT, according to the authority. That incident came after one of the huge Cold War-era Tu-95 planes was spotted in the skies off the coast of Bournemouth in January. British Defence Minister Michael Fallon warned that NATO needs to be ready for 'any kind of aggression from Russia' following the incident, which came after London summoned the Russian ambassador over a similar episode in January. On Tuesday, leaders of the United States, Germany, France, Britain, Italy and EU head Donald Tusk called for a 'strong reaction' from the international community to any major violation of a ceasefire in eastern Ukraine in a bid to increase pressure on Russia. Both Kiev forces and pro-Russian rebels accuse the other of continuing to mount attacks in defiance of a deal forged in a bid to end 11 months of bloodshed that has killed over 6,000 people, according to the UN. Nevertheless, violence has abated over the past week, increasing hopes the agreement could hold. The move has been seen as a show of strength by Russia amid tensions over the conflict in Ukraine, where David Cameron has accused Russian President Vladimir Putin of challenging the territorial integrity of Kiev .","One civilian jet changed course and another delayed take off from Dublin .
Disruption occurred on day RAF jets intercepted bear bombers last month .
Russian aircraft were flying with transponders switched off to avoid radars .
Incident latest in a long line of breaches of UK territory by Kremlin forces ."
"Harrison Ford's flying ability was called into question in an official report following his first aviation crash, Daily Mail Online can reveal. The Hollywood star, who was rushed to hospital after crashing a vintage plane in Venice, California on Thursday, also slammed a helicopter into a riverbed back in 1999. It is not believed that Ford, 72, is to blame for his latest - and what is his third - aviation incident at Penmar Golf Course near Santa Monica Municipal Airport, with early reports suggesting engine failure is at fault. But an official report into Ford's October 1999 accident, obtained by Daily Mail Online, reveals it was caused by 'the pilot's delay in adding power during a power-on recovery'. Ford had flown the helicopter from Van Nuys Airport in Los Angeles 45 miles northwest towards Santa Clarita when he hit trouble. SCROLL DOWN FOR VIDEO . Full recovery: Ford was rushed from the scene bleeding heavily from a head wound, his injuries were described only as 'moderate' and he is expected to recover fully. Pictured, an aerial view of the crash . Rescue: Harrison Ford is treated at the scene of his crash in Venice, California, yesterday . The pilot was practicing autorotations to a power-on recovery. When he attempted to recover the power, the engine did not respond as quickly as anticipated and the helicopter landed hard, hitting on the rear heels of both skids. The flight instructor said that when he saw the pilot was late adding power, he attempted to correct the situation but was unsuccessful. The surface of the dry riverbed was mostly soft sand. The left skid heel contacted a log that was embedded in the sand and the helicopter pitched forward onto the skid toes and rolled over onto its left side. The National Transportation Safety Board determines the probable cause(s) of this accident as follows: . The pilot's delay in adding power during a power-on recovery from an autorotation, which resulted in a hard landing and rollover. The flight instructor's inadequate supervision of the flight was also causal. Source: NTSB . Ford was practicing 'auto rotations' - an emergency landing technique that simulates engine failure. He had completed one 'auto-rotation' but on his second he was 'late bringing in the power', according to the documents. As a result, when Ford attempted to recover, the helicopter engine did not respond quickly enough and the aircraft began plummeting to the ground. The unidentified flying instructor who was aboard with the actor was forced to take over the controls and try to level the helicopter but he was unable to do so and the aircraft came crashing down into the Lake Piru riverbed near Santa Clarita and flipped over. Luckily Ford, and the unnamed instructor, were unharmed in the crash but the helicopter was 'substantially damaged', according to the document. Coincidentally the helicopter was registered to MG Aviation – the same firm to which the 1942 vintage plane involved in Ford's latest crash is registered to. The official report, which does not name Ford or his instructor, states: 'On October 23, 1999, at 1115 hours Pacific daylight time, a Bell 206-L4, N36R, landed hard and rolled over in the Lake Piru riverbed near Santa Clarita, California. 'The helicopter, operated by MG Aviation, Teterboro, New Jersey, under the provisions of 14 CFR Part 91, was substantially damaged.' The National Transportation Safety Board (NTSB) document goes on to say that the pilot reported that he 'successfully completed one practice autorotation and entered a second approximately 600 feet agl.' It adds: 'When he attempted to recover power, the engine did not respond as quickly as anticipated and the helicopter settled hard into the soft creek bed.' The certified flying instructor (CFI) flying with the Star Wars legend, reported that, 'the pilot had been late bringing in the power and he had gotten on the controls during the flare to help the pilot and level the helicopter. 'The pilot reported that when he realized there was a lack of power, he tried to push the nose over. 'Both the pilot and CFI applied full collective, and reported that there was not sufficient rotor rpm to effectively cushion the landing, causing the helicopter to land on the heels of both skids. 'The surface of the dry riverbed was mostly soft sand; the aft end of the left skid contacted a 12-inch-diameter log that was embedded within the riverbed. Experienced: Harrison Ford at the controls of his helicopter in February last year . 'The tip of the left skid nosed into the sand and the helicopter rolled over onto its left side.' Tests carried out on the helicopter following the crash found 'no abnormalities' in the cockpit controls, engine or other parts of the aircraft. The NTSB concluded that the accident was caused by, 'The pilot's delay in adding power during a power-on recovery from an autorotation, which resulted in a hard landing and rollover.' It also pointed out that 'The flight instructor's inadequate supervision of the flight was also causal.' Ford was not named in the official report but its timing and circumstances were identical to a report at the time by the respected Los Angeles Times that he had been involved in a helicopter crash. Ford's air mishaps didn't stop there. Just over a year later Ford was involved in a second aviation incident, when he was forced to make an emergency landing at Lincoln Municipal Airport in Nebraska. The six-seater Beech Bonanza aircraft was forced to land due to bad weather conditions and it clipped the runway damaging the wings. Ford played down the two incidents at the time, telling Playboy magazine: 'They were more misadventures of a mechanical or weather-induced type. 'With my first helicopter, I had an issue with fuel control once, which resulted in substantial damage to the helicopter prop but no injuries to the two souls aboard. So that ended well.' Ford is currently being treated in hospital where he is described as being in a 'fair to moderate' condition. In audio of his conversation with air traffic control moments before Thursday's crash, a calm and collected Ford can be heard asking for an emergency landing as his engines had failed. He could not make the runway at Santa Monica Airport so he chose to land the two-seater World War Two-era plane on a green at Penmar Golf Course. Seasoned aviator: Ford, who has been flying planes since the 1960s, was the only person in the plane at the time of the crash . Ford crashed into the Penmar golf course (left) after appearing to veer off course from the runway (right) in order to avoid homes in between . Witnesses described how the veteran actor was bleeding profusely from his face and he was rushed to hospital in a 'critical' condition but this was soon downgraded. His son Ben Ford tweeted that he was 'battered, but ok'. Fellow aviators have come out in praise of the star for managing to navigate the vintage plane away from the nearby residential area and on to an empty part of the golf course, with one experienced pilot stating 'everything he did was perfect'.","Movie star, 72, has been hailed a hero in his latest plane crash when his vintage plane came down on a golf course in Venice, California .
He has crashed before and in 1999 his helicopter flipped and slammed into river bed near Santa Clarita, north-east of Los Angeles .
Official NTSB report at the time found that evidence of 'pilot's delay in adding power'"
"(CNN)A year later, it still sounds impossible: A sophisticated $270 million airliner carrying 239 people disappears, leaving very few clues about where it went. But did the tragedy of Malaysia Airlines Flight 370 really have to be such a mystery? Maybe not. Lingering questions -- and the trauma experienced by friends and family of passengers and crew of the Boeing 777-200ER -- all might have been avoided if already proven technology had been put into place. Believe it or not, in our modern world, airplane tracking technology has yet to enter the 21st century. Take GPS for example. Why aren't air traffic controllers using it to constantly track all commercial airliners? How about communicating with satellites? Why don't all airliners stream their so-called black box data to satellites in real time? The technology is available. Yes, it's expensive, but so is searching hundreds of thousands of square miles of vast ocean. Let's break it down. Flight 370 had eight ways to communicate with the ground while in flight: . • Five very high frequency and high frequency radios that could transmit and receive voice and data transmissions. • Two transponders that could send identification and altitude data to air traffic control radar screens. • One satellite transceiver that could transmit and receive text messages and phone calls. Despite this technology, the world lost track of the flight with the airline industry codename MH370. To understand why, you first have to know a little about the technology and the gaps in the system. Throughout most of the world, air traffic controllers still track airplanes with radar -- which uses technology dating back to the 1940s. Radar is reliable, but it is limited. It comes with large gaps in coverage areas. Aircraft flying more than about 200 miles from land over oceans are not tracked by air traffic control radar screens. Radar covers only about 2% or 3% of the planet's surface, experts say. The rest is a virtual aviation no man's land. If an aircraft's transponders are turned off, an aircraft can be seen only through so-called primary radar. In these cases, air traffic controllers see only a blip on radar screens. The blip isn't identified and the plane's altitude is unknown. In a nutshell, here's the electronic communication from Flight 370 after it left Kuala Lumpur on March 8, 2014: . • Nearly 30 minutes after takeoff, the plane sends a text via satellite that confirms it's headed to Beijing, as expected. • Later, the plane sends a final radio call as it transitions between Malaysia air traffic controllers to controllers in Vietnam. But air traffic controllers in Ho Chi Minh City never heard from the crew. • Three minutes after the radio call, the plane's two transponders mysteriously cease transmitting. • But  primary radar operated by the military in Malaysia and Thailand is able to track the 777 for limited periods without its transponder being on. • Later, an orbiting satellite checks in with the plane's satellite transceiver, kind of like a cell tower pinging a mobile phone. The aircraft responds electronically --  ""shaking hands"" with the satellite. This provides evidence that Flight MH370 ended somewhere in the southern Indian Ocean. All of these clues offer us only a few scraps of information that leave investigators with very little to go on. It leads them to an almost inescapable conclusion: Whatever happened on MH370 was likely deliberate, experts say. We might know more if the plane's transponders had remained active. In the wake of the tragedy, some called for airlines to modify their transponders to prevent anyone from being able to shut them off in flight. But many pilots oppose that idea as a safety issue. They want to be able to turn off any electrical system on board in case of a fire or other in-flight emergency. We might know more about what happened to MH370 if air traffic controllers used orbiting satellites to track airliners, instead of radar. In the United States it's called the Next Generation Air Transportation System, or NextGen. An aircraft outfitted with this system determines its location using GPS and transmits that data back to controllers by radio -- which has a greater range than radar. The  technology is called Automatic Dependent Surveillance Broadcast, or ADS-B. It is the keystone component of NextGen. But still, when an aircraft flies over the ocean, it will be out of range. So the industry is testing a space-based system -- where planes would  determine their position via GPS satellites and report those coordinates via communication satellite network wherever they are in the world. There are numerous technical details that need to be worked out, but moving from spinning radar domes to orbiting satellites could eventually make blind spots in airliner tracking a thing of the past. Another emerging technology that might have helped us know more about what happened is called AFIRS, the Automated Flight Information Reporting System, developed by a Canadian company called FLYHT. AFIRS monitors what the flight data recorder, one of the so-called ""black boxes,"" is seeing. It starts transmitting key information automatically when it senses trouble or at the command of the flight crew or dispatchers on the ground. Canada's First Air is among the first airlines to equip its fleet with AFIRS, which costs $100,000 per plane. If all airliners were equipped this way, we could know a flight was in trouble even if the crew could not communicate by other means. It could make searching for the black boxes a thing of the past. In the months since MH370 was lost, international aviation authorities have moved toward tracking airliners more closely. The International Air Transport Association has announced new tracking mandates for member airlines, but there are no plans to require streaming data. And this week, Australia's air traffic control manager, Airservices Australia, announced a test partnership with Malaysia and Indonesia to track long-haul flights over remote ocean routes. They'll use satellite-based positioning technology to track flights at least every 15 minutes -- improving on the previous tracking rate of every 30 to 45 minutes, Airservices Australia said in a statement. ""The system can be increased to real time monitoring should an abnormal situation arise."" Would any of these improvements in airline communication technology have helped the world learn what happened to Flight 370? Possibly. Unfortunately, we may never know for sure. Although technology continues to shrink the planet in terms of communication, the tragedy offers a bitter reminder of how easy it still is to lose an entire airliner full of people.","Modern tracking technology might have helped solve the mystery of Malaysia Airlines Flight 370 .
A year after MH370 vanished, airline tracking is still largely the same .
Most airliners use ground radar instead of satellites; tracking over oceans is spotty, at best ."
"(CNN)As relatives and friends mourn the loss of their loved ones aboard Germanwings Flight 9525, the world community is stunned by the sequence of events that led to co-pilot Andreas Lubitz purposely crashing the plane into the French Alps, killing all 150 people on board. I happen to have several personal connections to this tragedy: a recent graduate of Drexel University -- where I teach -- and her mother were on the ill-fated flight, I lived in Germany for 18 years and I am a psychologist who has researched the psychology of terrorism and developed psychiatric tests that are used to determine pilot flight fitness. While the engineering of the Airbus aircraft is fascinating and the world of air traffic control absorbing, what is even more complex and challenging to understand is the human mind of the co-pilot investigators say is responsible for the crash -- the machine that flies the machine. When complex engineering systems interact with human factors, it is most often the human that causes the anomaly. Humans are far less reliable than machines. The average aviator has superior intellectual and cognitive abilities, and is psychologically stable and reliable. While it is not surprising that when it comes to aviation accidents, the first line of inquiry is into what went wrong with the plane. However, very often, as apparently is the case here, something went wrong with the human flying the plane. Pilots are typically tested for emotional stability and screened for the presence of mental illness when they are selected. The U.S. Navy has strict testing programs related to fitness for duty protocols for their pilots during the length of their careers. But we have learned that the German company Lufthansa and its budget airline affiliate Germanwings do not use psychological testing once the pilots have made it through the selection process. Psychological assessment and screening is not held in as high esteem in Germany as it is in the United States. Perhaps it should be. A fitness-for-duty evaluation asks this important question: Can the pilot safely and effectively perform his job from a mental health and cognitive standpoint? The deliberate destruction of Flight 9525 by a single person, most likely related to some grievance or other unknown intrinsic motivation that he took to the grave, can also be considered an act of terrorism. The action constitutes the unlawful use of violence against the passengers on the flight to further some yet unknown objective. Research on the perpetrators of terrorism has revealed that a single person is capable of executing odd, unexplainable violent actions. Their behaviors may be related to a political or social framework, or it may be associated with something deeply personal. Examples include Richard Reid, the failed shoe bomber; Eric Rudolph, the Olympic bomber; or Theodore Kaczynski, the Unabomber. In 2009, Maj. Nidal Malik Hasan, a U.S. Army officer and psychiatrist, went on a shooting spree at Fort Hood, Texas, killing 13 and wounding 32. And in 2012, Staff Sgt. Robert Bales, a 38-year-old father of two, opened fire and killed 16 innocent Afghan civilians. When examining Germanwings Flight 9525 from the ""cockpit of the human mind,"" one must ask this question: How can we ever predict or prevent tragedies like these when we can never truly know what lurks in the mind of another human being? As a psychologist, I would, of course, advocate for more rigorous psychological screening and regular testing for pilots, as well as instituting additional security measures to prevent future incidents like this. Just as aircraft are inspected and maintained, it is important to regularly evaluate one of the more fragile components of modern aviation -- the pilots operating the plane. But, just as the overwhelming majority of automobile accidents are caused by driver error, with a human mind at the helm of an aircraft, there will always be an element of unpredictability present. And, unless we had a ""flight recorder"" for the human brain, we will never really know what took place inside the mind of co-pilot Andreas Lubitz. One thing is for sure: the tragic events of Flight 9525 will surely renew conversation about what happened to Flight MH370 -- the biggest aviation mystery since Amelia Earhart vanished in 1937 -- and the role that human factors may have played in its disappearance.","Eric Zillmer: It's hard to predict or prevent tragedies like the Germanwings crash .
He says German airlines should consider more rigorous psychological screening and testing for pilots ."
"Pilot Jan Cocheret wrote at the beginning of the year about his fear of being locked out of the cockpit after visiting the aircraft's toilet . A Dutch pilot 'predicted' the Germanwings crash several weeks ago in an article written in a specialist flight magazine posing the question: 'I seriously wonder who's sitting next to me.' Chillingly Jan Cocheret, who flies a Boeing 777 for Emirates airlines warned: 'I hope I never find myself in the situation where I go to the toilet and return to find a cockpit door that won't open.' Mr Cocheret was writing for Dutch flying magazine Piloot en Vliegtuig (Pilot and Plane) where he expressed his fears. His article warned that someone could use the security procedures introduced in the aftermath of the 9/11 atrocities to prevent an aircraft's captain re-entering the flight deck after a rest break. French prosecutors have determined that Andreas Lubitz waited for his captain to leave the flight deck before disabiling key pad controlling access to the cockpit. He then selected an altitude of 96 feet on the aircraft's flight computer before setting it on its collision course with the Alps. Investigators revealed that the aircraft's captain Patrick Sondenheimer can be heard banging on the cockpit door urging his colleague to open up until the jet hits the Alps at more than 400 miles per hour. Audio leading up to the crash revealed that Captain Sondenheimer had complained that he did not have enough time to use the toilet while the aircraft was on the ground in Barcelona. As soon as the aircraft achieved its cruising altitude of 38,000 feet, Captain Sondenheimer can be heard leaving the cockpit. As soon as the door closed behind him, Lubitz flicked a switch which disabled the keypad on the cabin side of the door for five minutes and initiated his descent. The door lock override is switched off after five minutes as an additional safety measure in case the flight crew become incapacitated. Lubitz is believed to have flicked the switch a second time during the eight-minute descent. Mr Cocheret later wrote on his Facebook page: 'Unfortuantely, this terrible scenario has become a reality.' Scroll down for video . Andreas Lubitz locked his captain out of the cockpit before commanding the aircraft to crash into a mountain . Scientists are currently trying to identify the remains of the 150 people killed in the disaster using DNA . Investigators are currently trying to carve a road up to the crash site to help speed up the recovery process . His original article predicted the exact way such an atrocity could be carried out. He said: 'I seriously sometimes wonder who’s sitting next to me in the cockpit. How can I be sure that I can trust him? Perhaps something terrible has just happened in his life and he’s unable to overcome it. 'There indeed does exist a way to get back into the cockpit, but if the person inside disables this option (the security code to get in), one could do nothing but sit with the passengers and wait and see what happens.' German airline Lufthansa has set aside $300 million to deal with potential civil claims against the company following the Germanwings disaster. The French crash investigators BEA said they will look into methods of preventing a similar incident in future. A spokesperson said: '(We will study) systemic weaknesses (that) might possibly have led to this aviation disaster.' German officials have revealed that Lubitz, 27, received psychotherapy before gaining his pilot's licence after expressing suicidal tendencies. Crash investigators are trying to build a road to the site of the crash to help speed up recovery efforts and attempts to find the second black box. Lufthansa has so far refused to say whether they were aware of Lubitz's mental health history although they said he had passed all the required medical tests to work with Germanwings, its low-cost subsidiary.","Pilot Jan Cocheret wrote about his fears about cockpit suicides last month .
He said he was afraid to return from the toilet to find the door locked .
Mr Cocheret highlighted how security measures could cause problems .
Andreas Lubitz crashed the jet carrying 150 people into the Alps at 400mph ."
"Australian airlines will be required to have two crew in the cockpit of their planes at all times after the Germanwings tragedy that killed 150 passengers and crew. Deputy Prime Minister Warren Truss said the rules will apply to any regular aircraft carrying 50 passengers or more and will 'take effect immediately'. French prosecutors allege Andreas Lubitz, the co-pilot of downed flight 4U9525, plunged his plane into an Alpine ravine on March 24 after locking his captain out of the cockpit. Qantas has announced that it is discussions with regulators over it's cockpit policies . ''Today's decision is a sensible, measured response that combines safeguarding the travelling public with the practical capabilities of the aviation sector,' Mr Truss said in a statement. A spokesman for Qantas, the nation's biggest airline, said the new arrangement would apply to Qantas, QantasLink, Network Aviation and Jetstar flights. 'When one pilot needs to leave the cockpit for any reason, another authorised person will occupy the jump seat,' the spokesman said. The spokesman said the airline has 'numerous layers of screening and support for pilots'. That includes medical checks, stress management training, confidential counselling and psychometric testing during recruitment. In the UK, a few airlines have announced the new move will come into force tomorrow and aviation insiders say there are moves to make it 'mandatory' across all airlines . Qantas have said that they are still considering whether or not their policies need to be tightened . In a statement released to Daily Mail Australia last week, Virgin Australia said their pilots also undergo medical exams. The airline said they are constantly in contact with regulatory bodies and have comprehensive measures in place on all flights to ensure the safety of guests and crew. However they said that those details were to remain confidential for security purposes . 'The Virgin Australia Group continuously undertakes detailed risk reviews, including consultation with the relevant regulatory and industry bodies. Any updates regarding changes to our processes will be provided where appropriate,' a Virgin spokesperson said. 'All Virgin Australia Group Pilots undertake regular aeromedical exams, which include mental health assessments.' Airlines and aviation regulators around the world last week began taking steps to ensure there are always two people in the cockpit. Tragedy: It emerged today that Germanwings co-pilot Andreas Lubitz (pictured) locked the plane's pilot out of the cockpit and 'deliberately' crashed the plane into the French Alps, killing 150 people on board . Lubitz was sitting in this cockpit, pictured, when he commanded the jet to crash into the Alps at 400mph . In the UK, EasyJet and Virgin Atlantic announced plans to change their aviation policy on staff numbers in the cockpit. Monarch and Thomas Cook also confirmed they had changed their policies, while Ryanair, Jet2 and Flybe said they already required two crew members to be in the cockpit at all times. Elsewhere around Europe, the continent's third-largest budget carrier, Norwegian Air Shuttle, said it would require two people in the cockpit at all times for safety reasons. A Civil Aviation Authority spokesman said: 'Following the details that have emerged regarding the tragic Germanwings incident, we are co-ordinating closely with colleagues at the European Aviation Safety Agency (EASA) and have contacted all UK operators to require them to review all relevant procedures. Horror: After voice recordings emerged from the doomed A320 revealing how the pilot tried to kick down the cockpit door, EasyJet said a cabin crew member will enter the cockpit if the pilot or co-pilot needs the toilet . 'All UK airline pilots undergo extensive and regular medical assessments to determine their fitness to hold a licence. As part of this, aeromedical examiners are required to assess a commercial pilot's mental health at each medical examination which, for an airline pilot flying with at least one other pilot, is undertaken annually. 'These detailed medical assessments are in line with international aviation standards. 'We will continue to monitor the situation as the investigation develops and our thoughts remain with the friends and relatives of all those affected by this tragic incident.' Doomed: The captain of the ill-fated flight - named by local media as German father-of-two Patrick Sonderheimer - left the cockpit but found himself locked out when he tried to re-enter (file photo) 'Deliberate': Marseille prosecutor Brice Robin said Lubitz used the flight managing system to put the plane into a descent, something that can only be done manually . Heart-broken: Family of the victims of the crash gathered near the scene in Le Vernet near the French Alps today, as rescuers tried to recover the dead bodies of their deceased relatives . Rescue: Helicopters lowered investigators down to the scene of the obliterated plane where debris and human remains were scattered . Raid: German police have investigated Andreas Lubitz's €500,000 family home in Montabaur in Germany as well as his apartment in Dusseldorf . Killer's home: A French prosecutor in Marseille said Mr Lubitz's breathing was normal as the plane descended rapidly before crashing into the French Alps .","Australian airlines will be required to have two crew in the cockpit at all times .
Deputy Prime Minister Warren Truss will announced the rules on Monday afternoon .
The measures will apply to all aircraft which carry more than 50 passengers .
Last week a Germanwings pilot plunged his plane into an Alipine ravine, killing 150 people ."
"Drones have been banned from parks near Buckingham Palace and other senior Royals’ homes amid fears they could be used by spies or would-be terrorists. The remote-controlled aircraft cannot be used in any of the open spaces near the Queen’s London residence. Signs have gone up in every Royal park across the capital warning: ‘The flying of drones or model aircraft in the park is prohibited.’ Ban: The new signs (pictured) forbidding the use of drones or model aircraft in the Royal Parks in London . Their proximity to historic buildings, including Buckingham Palace and Kensington Palace, has prompted speculation that the gadgets pose a risk to the Royal Family’s security. But a Royal Parks spokesman insisted the signs could also be found far away from palaces, including Richmond Park and Greenwich Park. He said: ‘They can have a very negative impact on the wildlife in the parks and interfere with the safety and comfort of park visitors.’ Insiders say there have already been ‘a handful of incidents’ involving drones inside London’s biggest parks. Just before Christmas a man was given a warning after flying a drone over the Winter Wonderland fairground inside Hyde Park, while videos posted online show tourists flying drones, most of which carry high-definition cameras, close to landmarks including Buckingham Palace. Insiders say there have already been ‘a handful of incidents’ involving drones inside London’s biggest parks . An image of Buckingham Palace taken using a drone and uploaded to Youtube in 2013 by its pilot . Last week, The Mail on Sunday revealed that the Metropolitan Police – who are responsible for security in the Royal Parks – want the power to seize unmanned aircraft being flown illegally. Drones are already banned from the parks, under existing legislation that prohibits the use of ‘any kite or model aircraft’. Under aviation law, it is also illegal to fly them within 50m (164ft) of a building or person.","Drones can't be used in any open spaces near Queen's London residence .
Signs have gone up in every Royal park warning the aircraft 'is prohibited'
It has prompted speculation gadgets pose risk to Royal Family's security .
Royal Parks spokesman insisted signs were also placed away from palaces .
Insiders say there have already been a incidents with drones in city's parks ."
"As if preparing for fatherhood second time around wasn't challenging enough, Prince William has also started a new job. The Duke of Cambridge, 32, has officially started work with the company that operates the East Anglian Air Ambulance service. He's now working for Bond Air Services, which runs air ambulance and police aviation operations and is training so he can start flying rescue missions in the summer. Scroll down for video . Former RAF pilot Prince William has started training for his new role with Bond Air Services . The Duke of Cambridge, pictured here during a visit to south London on Friday with the Duchess of Cambridge, will start his job barely a month after becoming a father for the second time . Kensington Palace said in a short statement: 'The Duke of Cambridge has today started work as an employee of Bond Air Services. 'Over the coming months he will undertake job-specific training before he begins piloting missions for East Anglian Air Ambulance during the summer. 'The mandatory training will involve simulator, aircraft and in-flight skills training.' William has begun work a few weeks ahead of the birth of his second child and is likely to take paternity leave, as he did for his first child Prince George, who was born in July 2013. A spokesman for Bond Air Services would not discuss the length of the leave the Duke could receive but added: ‘Like other pilots, he will be entitled to paternity leave.’ He said: ‘He has come to do a job as a professional, a pilot, and we’re very happy he’s going to be a pilot.’ William poses in front of a Sea King helicopter at RAF Valley in Anglesey, Wales, in 2013 after finishing his tour of duty as a RAF search and rescue helicopter pilot . William passed his Air Transport Pilot's License exams in March, completing 14 written exams on subjects including the principles of flight and navigation. The second-in-line to the throne will work with medics responding to emergencies ranging from road accidents to heart attacks. The stint will be William's main job, although he will also continue to take on royal duties and engagements both in Britain and overseas. His new role was announced shortly after he touched down in Tokyo for a seven-day tour of Japan and China in February. The Duchess of Cambridge joins William, resplendent in his RAF uniform for The Queen's Diamond Jubilee celebrations in 2012 . It's thought that he, the Duchess of Cambridge and their two children will relocate to Anmer Hall on the Sandringham estate in Norfolk. The Grade II listed Georgian pile has reportedly undergone a £1.5million refurbishment, with the driveway re-routed and new trees planted to offer the family more privacy. The prince has completed seven and a half years in full-time military service after beginning his career with the Household Cavalry (Blues and Royals) and later served with The Royal Air Force, with his final posting as an RAF Search and Rescue Pilot. The royal left operational service in the Armed Forces in September 2013. A spokesman for Kensington Palace said: 'Shortly before departing for Japan and China, The Duke completed and passed his Air Transport Pilot's Licence exams, which he required before starting work as an Air Ambulance Pilot.'","Prince William started new job with Bond Air Services today .
Is training for company that runs East Anglian Air Ambulance service .
The royal is expected to start flying missions in the summer ."
,
,
,
,
,
,
,
,
,
,
,
,
,
,
,
,
,
,
,
,
,
,
,
